date,customer_id,sku,qty,unit_price,amount
2026-06-27,CUS013,ST-0001,2,1390,2780
2026-06-27,CUS016,ST-0002,1,1950,1950
2026-06-27,CUS016,ST-0002,2,1950,3900
2026-06-27,CUS023,ST-0003,2,3090,6180
2026-06-27,CUS020,ST-0003,1,3090,3090
2026-06-27,CUS008,ST-0003,1,3090,3090
2026-06-27,CUS013,ST-0005,1,7290,7290
2026-06-27,CUS016,ST-0005,2,7290,14580
2026-06-27,CUS009,ST-0009,6,165,990
2026-06-27,CUS021,ST-0010,5,175,875
2026-06-27,CUS017,ST-0011,1,560,560
2026-06-27,CUS025,ST-0013,1,1290,1290
2026-06-27,CUS018,ST-0017,1,75,75
2026-06-27,CUS002,ST-0017,1,75,75
2026-06-27,CUS009,ST-0017,6,75,450
2026-06-27,CUS008,ST-0017,2,75,150
2026-06-27,CUS017,ST-0018,5,95,475
2026-06-27,CUS002,ST-0018,6,95,570
2026-06-27,CUS021,ST-0018,1,95,95
2026-06-27,CUS005,ST-0019,1,145,145
2026-06-27,CUS023,ST-0019,1,145,145
2026-06-27,CUS003,ST-0020,5,199,995
2026-06-27,CUS022,ST-0021,2,315,630
2026-06-27,CUS010,ST-0022,1,360,360
2026-06-27,CUS018,ST-0023,1,890,890
2026-06-27,CUS013,ST-0024,1,990,990
2026-06-27,CUS018,ST-0025,1,420,420
2026-06-27,CUS017,ST-0026,8,58,464
2026-06-27,CUS009,ST-0026,3,58,174
2026-06-27,CUS017,ST-0026,4,58,232
2026-06-27,CUS008,ST-0026,1,58,58
2026-06-27,CUS003,ST-0027,2,78,156
2026-06-27,CUS002,ST-0027,2,78,156
2026-06-27,CUS008,ST-0027,3,78,234
2026-06-27,CUS014,ST-0027,2,78,156
2026-06-27,CUS012,ST-0028,14,11,154
2026-06-27,CUS014,ST-0028,2,11,22
2026-06-27,CUS024,ST-0028,11,11,121
2026-06-27,CUS014,ST-0029,13,16,208
2026-06-27,CUS024,ST-0030,6,52,312
2026-06-27,CUS011,ST-0030,2,52,104
2026-06-27,CUS012,ST-0031,1,45,45
2026-06-27,CUS023,ST-0031,2,45,90
2026-06-27,CUS021,ST-0031,2,45,90
2026-06-27,CUS020,ST-0032,1,66,66
2026-06-27,CUS013,ST-0032,3,66,198
2026-06-27,CUS023,ST-0033,1,85,85
2026-06-27,CUS015,ST-0033,1,85,85
2026-06-27,CUS008,ST-0035,17,38,646
2026-06-27,CUS016,ST-0035,2,38,76
2026-06-27,CUS024,ST-0035,5,38,190
2026-06-27,CUS008,ST-0035,23,38,874
2026-06-27,CUS004,ST-0036,5,75,375
2026-06-27,CUS023,ST-0036,5,75,375
2026-06-27,CUS004,ST-0037,12,88,1056
2026-06-27,CUS012,ST-0037,8,88,704
2026-06-27,CUS009,ST-0038,6,145,870
2026-06-27,CUS002,ST-0038,1,145,145
2026-06-27,CUS011,ST-0039,1,215,215
2026-06-27,CUS012,ST-0039,1,215,215
2026-06-27,CUS001,ST-0040,3,52,156
2026-06-27,CUS013,ST-0041,2,55,110
2026-06-27,CUS017,ST-0041,5,55,275
2026-06-27,CUS018,ST-0041,5,55,275
2026-06-27,CUS022,ST-0042,1,82,82
2026-06-27,CUS008,ST-0042,1,82,82
2026-06-27,CUS012,ST-0042,1,82,82
2026-06-27,CUS023,ST-0042,1,82,82
2026-06-27,CUS024,ST-0042,2,82,164
2026-06-27,CUS022,ST-0042,1,82,82
2026-06-27,CUS024,ST-0043,1,105,105
2026-06-27,CUS002,ST-0045,1,65,65
2026-06-27,CUS010,ST-0046,3,15,45
2026-06-27,CUS025,ST-0046,4,15,60
2026-06-27,CUS005,ST-0047,10,16,160
2026-06-27,CUS017,ST-0047,12,16,192
2026-06-27,CUS023,ST-0047,9,16,144
2026-06-27,CUS017,ST-0048,2,16,32
2026-06-27,CUS013,ST-0048,2,16,32
2026-06-27,CUS013,ST-0048,2,16,32
2026-06-27,CUS008,ST-0048,1,16,16
2026-06-27,CUS016,ST-0048,2,16,32
2026-06-27,CUS014,ST-0049,1,70,70
2026-06-27,CUS012,ST-0049,3,70,210
2026-06-27,CUS017,ST-0050,2,85,170
2026-06-27,CUS014,ST-0050,2,85,170
2026-06-27,CUS019,ST-0051,7,55,385
2026-06-27,CUS015,ST-0052,3,45,135
2026-06-27,CUS008,ST-0053,2,40,80
2026-06-27,CUS003,ST-0053,1,40,40
2026-06-27,CUS002,ST-0053,1,40,40
2026-06-27,CUS001,ST-0054,1,240,240
2026-06-27,CUS013,ST-0054,1,240,240
2026-06-27,CUS025,ST-0054,1,240,240
2026-06-27,CUS002,ST-0055,1,210,210
2026-06-27,CUS007,ST-0056,2,65,130
2026-06-27,CUS011,ST-0056,2,65,130
2026-06-27,CUS016,ST-0056,1,65,65
2026-06-27,CUS012,ST-0057,1,390,390
2026-06-27,CUS002,ST-0057,2,390,780
2026-06-27,CUS002,ST-0059,1,140,140
2026-06-27,CUS014,ST-0059,1,140,140
2026-06-29,CUS008,ST-0001,1,1390,1390
2026-06-29,CUS022,ST-0001,1,1390,1390
2026-06-29,CUS003,ST-0002,1,1950,1950
2026-06-29,CUS004,ST-0002,1,1950,1950
2026-06-29,CUS004,ST-0002,1,1950,1950
2026-06-29,CUS021,ST-0002,2,1950,3900
2026-06-29,CUS008,ST-0003,2,3090,6180
2026-06-29,CUS012,ST-0003,2,3090,6180
2026-06-29,CUS023,ST-0003,1,3090,3090
2026-06-29,CUS006,ST-0004,1,4890,4890
2026-06-29,CUS020,ST-0005,2,7290,14580
2026-06-29,CUS005,ST-0006,1,6350,6350
2026-06-29,CUS005,ST-0009,2,165,330
2026-06-29,CUS013,ST-0009,3,165,495
2026-06-29,CUS010,ST-0009,2,165,330
2026-06-29,CUS003,ST-0010,2,175,350
2026-06-29,CUS022,ST-0011,1,560,560
2026-06-29,CUS002,ST-0011,1,560,560
2026-06-29,CUS002,ST-0013,1,1290,1290
2026-06-29,CUS002,ST-0016,1,1190,1190
2026-06-29,CUS012,ST-0017,5,75,375
2026-06-29,CUS004,ST-0017,2,75,150
2026-06-29,CUS016,ST-0017,8,75,600
2026-06-29,CUS018,ST-0018,7,95,665
2026-06-29,CUS020,ST-0019,1,145,145
2026-06-29,CUS024,ST-0019,4,145,580
2026-06-29,CUS004,ST-0020,11,199,2189
2026-06-29,CUS003,ST-0021,2,315,630
2026-06-29,CUS004,ST-0023,1,890,890
2026-06-29,CUS021,ST-0024,1,990,990
2026-06-29,CUS009,ST-0025,2,420,840
2026-06-29,CUS009,ST-0026,6,58,348
2026-06-29,CUS007,ST-0026,5,58,290
2026-06-29,CUS017,ST-0026,2,58,116
2026-06-29,CUS005,ST-0026,7,58,406
2026-06-29,CUS024,ST-0027,12,78,936
2026-06-29,CUS019,ST-0028,17,11,187
2026-06-29,CUS017,ST-0028,2,11,22
2026-06-29,CUS003,ST-0028,9,11,99
2026-06-29,CUS023,ST-0029,14,16,224
2026-06-29,CUS022,ST-0030,3,52,156
2026-06-29,CUS003,ST-0030,2,52,104
2026-06-29,CUS008,ST-0030,1,52,52
2026-06-29,CUS010,ST-0030,4,52,208
2026-06-29,CUS012,ST-0031,4,45,180
2026-06-29,CUS017,ST-0031,1,45,45
2026-06-29,CUS002,ST-0031,1,45,45
2026-06-29,CUS025,ST-0031,1,45,45
2026-06-29,CUS006,ST-0031,3,45,135
2026-06-29,CUS010,ST-0031,1,45,45
2026-06-29,CUS012,ST-0032,1,66,66
2026-06-29,CUS009,ST-0032,9,66,594
2026-06-29,CUS009,ST-0032,2,66,132
2026-06-29,CUS008,ST-0033,1,85,85
2026-06-29,CUS006,ST-0034,2,590,1180
2026-06-29,CUS016,ST-0035,20,38,760
2026-06-29,CUS023,ST-0035,15,38,570
2026-06-29,CUS023,ST-0036,2,75,150
2026-06-29,CUS004,ST-0036,1,75,75
2026-06-29,CUS016,ST-0036,4,75,300
2026-06-29,CUS018,ST-0036,1,75,75
2026-06-29,CUS012,ST-0037,1,88,88
2026-06-29,CUS002,ST-0037,4,88,352
2026-06-29,CUS019,ST-0037,3,88,264
2026-06-29,CUS003,ST-0037,1,88,88
2026-06-29,CUS024,ST-0037,5,88,440
2026-06-29,CUS017,ST-0037,4,88,352
2026-06-29,CUS023,ST-0037,2,88,176
2026-06-29,CUS003,ST-0038,2,145,290
2026-06-29,CUS004,ST-0038,2,145,290
2026-06-29,CUS006,ST-0039,1,215,215
2026-06-29,CUS014,ST-0039,3,215,645
2026-06-29,CUS016,ST-0040,2,52,104
2026-06-29,CUS004,ST-0041,4,55,220
2026-06-29,CUS002,ST-0041,2,55,110
2026-06-29,CUS004,ST-0042,1,82,82
2026-06-29,CUS009,ST-0042,3,82,246
2026-06-29,CUS019,ST-0043,1,105,105
2026-06-29,CUS002,ST-0043,1,105,105
2026-06-29,CUS011,ST-0044,1,450,450
2026-06-29,CUS003,ST-0045,1,65,65
2026-06-29,CUS006,ST-0046,5,15,75
2026-06-29,CUS012,ST-0047,7,16,112
2026-06-29,CUS002,ST-0047,23,16,368
2026-06-29,CUS020,ST-0048,2,16,32
2026-06-29,CUS025,ST-0048,4,16,64
2026-06-29,CUS005,ST-0049,1,70,70
2026-06-29,CUS020,ST-0049,1,70,70
2026-06-29,CUS016,ST-0050,5,85,425
2026-06-29,CUS015,ST-0050,2,85,170
2026-06-29,CUS002,ST-0050,2,85,170
2026-06-29,CUS002,ST-0050,2,85,170
2026-06-29,CUS008,ST-0050,2,85,170
2026-06-29,CUS023,ST-0051,3,55,165
2026-06-29,CUS005,ST-0051,3,55,165
2026-06-29,CUS013,ST-0051,1,55,55
2026-06-29,CUS017,ST-0052,1,45,45
2026-06-29,CUS018,ST-0052,3,45,135
2026-06-29,CUS020,ST-0053,2,40,80
2026-06-29,CUS002,ST-0053,2,40,80
2026-06-29,CUS002,ST-0056,3,65,195
2026-06-29,CUS023,ST-0056,1,65,65
2026-06-29,CUS017,ST-0056,2,65,130
2026-06-29,CUS014,ST-0057,2,390,780
2026-06-29,CUS017,ST-0060,1,175,175
2026-06-29,CUS001,ST-0060,1,175,175
2026-06-29,CUS024,ST-0060,1,175,175
2026-06-29,CUS020,ST-0060,1,175,175
2026-06-30,CUS008,ST-0001,1,1390,1390
2026-06-30,CUS005,ST-0002,3,1950,5850
2026-06-30,CUS016,ST-0002,4,1950,7800
2026-06-30,CUS018,ST-0002,1,1950,1950
2026-06-30,CUS006,ST-0003,5,3090,15450
2026-06-30,CUS021,ST-0003,1,3090,3090
2026-06-30,CUS012,ST-0005,1,7290,7290
2026-06-30,CUS012,ST-0006,1,6350,6350
2026-06-30,CUS024,ST-0009,3,165,495
2026-06-30,CUS012,ST-0010,2,175,350
2026-06-30,CUS022,ST-0010,1,175,175
2026-06-30,CUS010,ST-0011,1,560,560
2026-06-30,CUS010,ST-0011,1,560,560
2026-06-30,CUS006,ST-0011,1,560,560
2026-06-30,CUS003,ST-0011,1,560,560
2026-06-30,CUS022,ST-0015,1,1750,1750
2026-06-30,CUS022,ST-0017,5,75,375
2026-06-30,CUS014,ST-0017,7,75,525
2026-06-30,CUS015,ST-0017,2,75,150
2026-06-30,CUS017,ST-0018,4,95,380
2026-06-30,CUS023,ST-0019,1,145,145
2026-06-30,CUS010,ST-0019,1,145,145
2026-06-30,CUS019,ST-0019,1,145,145
2026-06-30,CUS002,ST-0019,1,145,145
2026-06-30,CUS017,ST-0019,1,145,145
2026-06-30,CUS003,ST-0020,4,199,796
2026-06-30,CUS024,ST-0020,1,199,199
2026-06-30,CUS006,ST-0020,5,199,995
2026-06-30,CUS021,ST-0021,1,315,315
2026-06-30,CUS002,ST-0021,2,315,630
2026-06-30,CUS017,ST-0022,1,360,360
2026-06-30,CUS021,ST-0022,1,360,360
2026-06-30,CUS024,ST-0023,1,890,890
2026-06-30,CUS002,ST-0025,1,420,420
2026-06-30,CUS012,ST-0025,2,420,840
2026-06-30,CUS002,ST-0026,17,58,986
2026-06-30,CUS017,ST-0026,4,58,232
2026-06-30,CUS010,ST-0027,3,78,234
2026-06-30,CUS002,ST-0027,1,78,78
2026-06-30,CUS009,ST-0027,2,78,156
2026-06-30,CUS008,ST-0027,1,78,78
2026-06-30,CUS018,ST-0028,3,11,33
2026-06-30,CUS009,ST-0028,3,11,33
2026-06-30,CUS025,ST-0028,18,11,198
2026-06-30,CUS006,ST-0028,2,11,22
2026-06-30,CUS013,ST-0029,2,16,32
2026-06-30,CUS021,ST-0029,7,16,112
2026-06-30,CUS015,ST-0029,7,16,112
2026-06-30,CUS024,ST-0030,3,52,156
2026-06-30,CUS008,ST-0030,1,52,52
2026-06-30,CUS006,ST-0030,4,52,208
2026-06-30,CUS016,ST-0031,7,45,315
2026-06-30,CUS024,ST-0032,4,66,264
2026-06-30,CUS015,ST-0033,1,85,85
2026-06-30,CUS003,ST-0035,8,38,304
2026-06-30,CUS012,ST-0035,5,38,190
2026-06-30,CUS015,ST-0035,1,38,38
2026-06-30,CUS008,ST-0035,14,38,532
2026-06-30,CUS022,ST-0035,12,38,456
2026-06-30,CUS008,ST-0036,2,75,150
2026-06-30,CUS011,ST-0036,1,75,75
2026-06-30,CUS025,ST-0037,5,88,440
2026-06-30,CUS009,ST-0037,1,88,88
2026-06-30,CUS016,ST-0037,4,88,352
2026-06-30,CUS002,ST-0037,1,88,88
2026-06-30,CUS018,ST-0037,1,88,88
2026-06-30,CUS010,ST-0038,3,145,435
2026-06-30,CUS022,ST-0038,2,145,290
2026-06-30,CUS009,ST-0039,1,215,215
2026-06-30,CUS011,ST-0039,1,215,215
2026-06-30,CUS023,ST-0039,3,215,645
2026-06-30,CUS017,ST-0040,2,52,104
2026-06-30,CUS021,ST-0041,1,55,55
2026-06-30,CUS015,ST-0041,4,55,220
2026-06-30,CUS006,ST-0041,2,55,110
2026-06-30,CUS022,ST-0042,3,82,246
2026-06-30,CUS018,ST-0042,2,82,164
2026-06-30,CUS024,ST-0043,1,105,105
2026-06-30,CUS014,ST-0043,1,105,105
2026-06-30,CUS017,ST-0043,1,105,105
2026-06-30,CUS013,ST-0044,2,450,900
2026-06-30,CUS015,ST-0046,2,15,30
2026-06-30,CUS023,ST-0046,2,15,30
2026-06-30,CUS009,ST-0046,4,15,60
2026-06-30,CUS004,ST-0046,1,15,15
2026-06-30,CUS024,ST-0046,1,15,15
2026-06-30,CUS024,ST-0046,1,15,15
2026-06-30,CUS020,ST-0047,14,16,224
2026-06-30,CUS006,ST-0047,14,16,224
2026-06-30,CUS022,ST-0048,5,16,80
2026-06-30,CUS005,ST-0048,1,16,16
2026-06-30,CUS016,ST-0049,3,70,210
2026-06-30,CUS021,ST-0050,2,85,170
2026-06-30,CUS018,ST-0050,4,85,340
2026-06-30,CUS018,ST-0050,1,85,85
2026-06-30,CUS009,ST-0051,2,55,110
2026-06-30,CUS003,ST-0051,5,55,275
2026-06-30,CUS010,ST-0052,1,45,45
2026-06-30,CUS008,ST-0052,1,45,45
2026-06-30,CUS006,ST-0053,2,40,80
2026-06-30,CUS012,ST-0053,1,40,40
2026-06-30,CUS017,ST-0054,3,240,720
2026-06-30,CUS009,ST-0054,1,240,240
2026-06-30,CUS012,ST-0055,1,210,210
2026-06-30,CUS009,ST-0056,5,65,325
2026-06-30,CUS003,ST-0056,4,65,260
2026-06-30,CUS023,ST-0056,1,65,65
2026-06-30,CUS014,ST-0056,1,65,65
2026-06-30,CUS002,ST-0057,1,390,390
2026-06-30,CUS011,ST-0057,1,390,390
2026-06-30,CUS014,ST-0057,2,390,780
2026-06-30,CUS008,ST-0057,1,390,390
2026-06-30,CUS007,ST-0057,1,390,390
2026-07-01,CUS023,ST-0001,2,1390,2780
2026-07-01,CUS017,ST-0002,3,1950,5850
2026-07-01,CUS025,ST-0003,3,3090,9270
2026-07-01,CUS003,ST-0003,3,3090,9270
2026-07-01,CUS003,ST-0005,1,7290,7290
2026-07-01,CUS018,ST-0006,1,6350,6350
2026-07-01,CUS010,ST-0006,1,6350,6350
2026-07-01,CUS012,ST-0006,1,6350,6350
2026-07-01,CUS002,ST-0008,1,6150,6150
2026-07-01,CUS015,ST-0009,2,165,330
2026-07-01,CUS017,ST-0009,2,165,330
2026-07-01,CUS004,ST-0010,5,175,875
2026-07-01,CUS015,ST-0012,1,2150,2150
2026-07-01,CUS023,ST-0013,1,1290,1290
2026-07-01,CUS006,ST-0017,14,75,1050
2026-07-01,CUS004,ST-0017,2,75,150
2026-07-01,CUS012,ST-0018,2,95,190
2026-07-01,CUS014,ST-0018,5,95,475
2026-07-01,CUS016,ST-0019,1,145,145
2026-07-01,CUS023,ST-0020,1,199,199
2026-07-01,CUS006,ST-0020,5,199,995
2026-07-01,CUS019,ST-0020,1,199,199
2026-07-01,CUS009,ST-0021,1,315,315
2026-07-01,CUS012,ST-0021,2,315,630
2026-07-01,CUS008,ST-0021,1,315,315
2026-07-01,CUS006,ST-0022,1,360,360
2026-07-01,CUS002,ST-0022,2,360,720
2026-07-01,CUS019,ST-0022,1,360,360
2026-07-01,CUS014,ST-0022,1,360,360
2026-07-01,CUS006,ST-0023,1,890,890
2026-07-01,CUS024,ST-0025,1,420,420
2026-07-01,CUS016,ST-0026,1,58,58
2026-07-01,CUS004,ST-0026,3,58,174
2026-07-01,CUS012,ST-0026,1,58,58
2026-07-01,CUS017,ST-0026,14,58,812
2026-07-01,CUS014,ST-0027,2,78,156
2026-07-01,CUS013,ST-0027,4,78,312
2026-07-01,CUS022,ST-0028,12,11,132
2026-07-01,CUS009,ST-0028,14,11,154
2026-07-01,CUS014,ST-0029,7,16,112
2026-07-01,CUS022,ST-0029,9,16,144
2026-07-01,CUS014,ST-0029,4,16,64
2026-07-01,CUS019,ST-0029,1,16,16
2026-07-01,CUS016,ST-0030,4,52,208
2026-07-01,CUS016,ST-0030,2,52,104
2026-07-01,CUS010,ST-0031,5,45,225
2026-07-01,CUS008,ST-0031,1,45,45
2026-07-01,CUS002,ST-0031,2,45,90
2026-07-01,CUS003,ST-0032,4,66,264
2026-07-01,CUS002,ST-0033,1,85,85
2026-07-01,CUS014,ST-0033,1,85,85
2026-07-01,CUS010,ST-0035,30,38,1140
2026-07-01,CUS012,ST-0035,1,38,38
2026-07-01,CUS008,ST-0036,7,75,525
2026-07-01,CUS009,ST-0036,7,75,525
2026-07-01,CUS008,ST-0037,2,88,176
2026-07-01,CUS004,ST-0037,4,88,352
2026-07-01,CUS010,ST-0037,4,88,352
2026-07-01,CUS016,ST-0037,4,88,352
2026-07-01,CUS021,ST-0038,3,145,435
2026-07-01,CUS023,ST-0038,1,145,145
2026-07-01,CUS007,ST-0038,2,145,290
2026-07-01,CUS021,ST-0039,1,215,215
2026-07-01,CUS003,ST-0039,1,215,215
2026-07-01,CUS019,ST-0039,2,215,430
2026-07-01,CUS017,ST-0039,1,215,215
2026-07-01,CUS010,ST-0039,1,215,215
2026-07-01,CUS025,ST-0040,1,52,52
2026-07-01,CUS008,ST-0040,1,52,52
2026-07-01,CUS003,ST-0041,4,55,220
2026-07-01,CUS012,ST-0041,1,55,55
2026-07-01,CUS002,ST-0041,2,55,110
2026-07-01,CUS003,ST-0042,1,82,82
2026-07-01,CUS012,ST-0043,1,105,105
2026-07-01,CUS021,ST-0043,1,105,105
2026-07-01,CUS005,ST-0043,2,105,210
2026-07-01,CUS023,ST-0044,1,450,450
2026-07-01,CUS006,ST-0045,1,65,65
2026-07-01,CUS017,ST-0046,2,15,30
2026-07-01,CUS025,ST-0046,1,15,15
2026-07-01,CUS010,ST-0046,2,15,30
2026-07-01,CUS003,ST-0046,2,15,30
2026-07-01,CUS018,ST-0047,8,16,128
2026-07-01,CUS005,ST-0047,11,16,176
2026-07-01,CUS021,ST-0047,4,16,64
2026-07-01,CUS002,ST-0047,4,16,64
2026-07-01,CUS008,ST-0047,7,16,112
2026-07-01,CUS012,ST-0048,4,16,64
2026-07-01,CUS017,ST-0048,1,16,16
2026-07-01,CUS023,ST-0048,1,16,16
2026-07-01,CUS008,ST-0048,6,16,96
2026-07-01,CUS021,ST-0049,1,70,70
2026-07-01,CUS018,ST-0049,1,70,70
2026-07-01,CUS015,ST-0050,10,85,850
2026-07-01,CUS013,ST-0050,2,85,170
2026-07-01,CUS017,ST-0051,4,55,220
2026-07-01,CUS003,ST-0051,1,55,55
2026-07-01,CUS004,ST-0052,2,45,90
2026-07-01,CUS016,ST-0052,1,45,45
2026-07-01,CUS011,ST-0053,2,40,80
2026-07-01,CUS013,ST-0054,1,240,240
2026-07-01,CUS022,ST-0054,1,240,240
2026-07-01,CUS014,ST-0056,1,65,65
2026-07-01,CUS022,ST-0056,4,65,260
2026-07-01,CUS023,ST-0056,3,65,195
2026-07-01,CUS002,ST-0056,2,65,130
2026-07-01,CUS024,ST-0057,1,390,390
2026-07-01,CUS025,ST-0058,2,260,520
2026-07-01,CUS009,ST-0059,1,140,140
2026-07-01,CUS017,ST-0059,2,140,280
2026-07-01,CUS002,ST-0059,1,140,140
2026-07-01,CUS003,ST-0060,1,175,175
2026-07-01,CUS006,ST-0060,1,175,175
2026-07-02,CUS001,ST-0001,1,1390,1390
2026-07-02,CUS003,ST-0001,1,1390,1390
2026-07-02,CUS021,ST-0002,1,1950,1950
2026-07-02,CUS009,ST-0002,1,1950,1950
2026-07-02,CUS010,ST-0002,1,1950,1950
2026-07-02,CUS014,ST-0003,2,3090,6180
2026-07-02,CUS005,ST-0003,1,3090,3090
2026-07-02,CUS012,ST-0005,1,7290,7290
2026-07-02,CUS023,ST-0005,1,7290,7290
2026-07-02,CUS012,ST-0007,1,2250,2250
2026-07-02,CUS022,ST-0009,5,165,825
2026-07-02,CUS006,ST-0009,1,165,165
2026-07-02,CUS017,ST-0010,1,175,175
2026-07-02,CUS023,ST-0010,1,175,175
2026-07-02,CUS009,ST-0010,2,175,350
2026-07-02,CUS010,ST-0010,3,175,525
2026-07-02,CUS005,ST-0011,1,560,560
2026-07-02,CUS015,ST-0012,1,2150,2150
2026-07-02,CUS008,ST-0014,2,3150,6300
2026-07-02,CUS011,ST-0015,1,1750,1750
2026-07-02,CUS024,ST-0017,1,75,75
2026-07-02,CUS016,ST-0017,1,75,75
2026-07-02,CUS017,ST-0017,8,75,600
2026-07-02,CUS005,ST-0017,1,75,75
2026-07-02,CUS004,ST-0017,1,75,75
2026-07-02,CUS013,ST-0017,3,75,225
2026-07-02,CUS025,ST-0018,5,95,475
2026-07-02,CUS013,ST-0018,4,95,380
2026-07-02,CUS002,ST-0018,3,95,285
2026-07-02,CUS020,ST-0019,1,145,145
2026-07-02,CUS022,ST-0020,1,199,199
2026-07-02,CUS002,ST-0020,2,199,398
2026-07-02,CUS021,ST-0021,2,315,630
2026-07-02,CUS017,ST-0021,1,315,315
2026-07-02,CUS021,ST-0022,1,360,360
2026-07-02,CUS003,ST-0022,1,360,360
2026-07-02,CUS010,ST-0025,1,420,420
2026-07-02,CUS009,ST-0026,13,58,754
2026-07-02,CUS010,ST-0026,10,58,580
2026-07-02,CUS022,ST-0027,3,78,234
2026-07-02,CUS023,ST-0027,3,78,234
2026-07-02,CUS019,ST-0027,3,78,234
2026-07-02,CUS012,ST-0028,7,11,77
2026-07-02,CUS022,ST-0028,2,11,22
2026-07-02,CUS021,ST-0028,4,11,44
2026-07-02,CUS018,ST-0028,11,11,121
2026-07-02,CUS002,ST-0029,12,16,192
2026-07-02,CUS006,ST-0029,2,16,32
2026-07-02,CUS010,ST-0029,3,16,48
2026-07-02,CUS022,ST-0030,6,52,312
2026-07-02,CUS003,ST-0030,3,52,156
2026-07-02,CUS023,ST-0031,2,45,90
2026-07-02,CUS012,ST-0031,1,45,45
2026-07-02,CUS016,ST-0031,4,45,180
2026-07-02,CUS012,ST-0032,3,66,198
2026-07-02,CUS021,ST-0032,1,66,66
2026-07-02,CUS025,ST-0032,1,66,66
2026-07-02,CUS024,ST-0035,28,38,1064
2026-07-02,CUS021,ST-0035,11,38,418
2026-07-02,CUS012,ST-0036,2,75,150
2026-07-02,CUS016,ST-0036,3,75,225
2026-07-02,CUS002,ST-0037,8,88,704
2026-07-02,CUS017,ST-0037,2,88,176
2026-07-02,CUS018,ST-0038,2,145,290
2026-07-02,CUS023,ST-0038,3,145,435
2026-07-02,CUS009,ST-0038,2,145,290
2026-07-02,CUS001,ST-0039,3,215,645
2026-07-02,CUS015,ST-0039,1,215,215
2026-07-02,CUS009,ST-0040,2,52,104
2026-07-02,CUS009,ST-0041,2,55,110
2026-07-02,CUS017,ST-0041,3,55,165
2026-07-02,CUS006,ST-0042,3,82,246
2026-07-02,CUS009,ST-0042,1,82,82
2026-07-02,CUS012,ST-0043,1,105,105
2026-07-02,CUS010,ST-0045,2,65,130
2026-07-02,CUS001,ST-0046,1,15,15
2026-07-02,CUS003,ST-0046,2,15,30
2026-07-02,CUS023,ST-0046,1,15,15
2026-07-02,CUS002,ST-0046,2,15,30
2026-07-02,CUS006,ST-0047,13,16,208
2026-07-02,CUS025,ST-0047,9,16,144
2026-07-02,CUS003,ST-0047,6,16,96
2026-07-02,CUS002,ST-0048,2,16,32
2026-07-02,CUS008,ST-0048,5,16,80
2026-07-02,CUS017,ST-0049,3,70,210
2026-07-02,CUS025,ST-0050,4,85,340
2026-07-02,CUS024,ST-0050,1,85,85
2026-07-02,CUS015,ST-0051,3,55,165
2026-07-02,CUS015,ST-0051,1,55,55
2026-07-02,CUS006,ST-0052,1,45,45
2026-07-02,CUS002,ST-0052,1,45,45
2026-07-02,CUS017,ST-0052,1,45,45
2026-07-02,CUS021,ST-0052,1,45,45
2026-07-02,CUS014,ST-0053,2,40,80
2026-07-02,CUS022,ST-0053,1,40,40
2026-07-02,CUS023,ST-0053,1,40,40
2026-07-02,CUS003,ST-0054,1,240,240
2026-07-02,CUS014,ST-0054,1,240,240
2026-07-02,CUS003,ST-0055,1,210,210
2026-07-02,CUS011,ST-0056,2,65,130
2026-07-02,CUS017,ST-0056,2,65,130
2026-07-02,CUS010,ST-0056,4,65,260
2026-07-02,CUS012,ST-0057,1,390,390
2026-07-02,CUS022,ST-0059,2,140,280
2026-07-02,CUS008,ST-0060,2,175,350
2026-07-03,CUS016,ST-0001,1,1390,1390
2026-07-03,CUS012,ST-0001,1,1390,1390
2026-07-03,CUS021,ST-0002,1,1950,1950
2026-07-03,CUS018,ST-0002,1,1950,1950
2026-07-03,CUS021,ST-0002,2,1950,3900
2026-07-03,CUS002,ST-0003,1,3090,3090
2026-07-03,CUS002,ST-0003,1,3090,3090
2026-07-03,CUS006,ST-0003,1,3090,3090
2026-07-03,CUS024,ST-0004,1,4890,4890
2026-07-03,CUS014,ST-0008,1,6150,6150
2026-07-03,CUS002,ST-0009,4,165,660
2026-07-03,CUS013,ST-0010,5,175,875
2026-07-03,CUS005,ST-0011,2,560,1120
2026-07-03,CUS006,ST-0011,1,560,560
2026-07-03,CUS008,ST-0012,2,2150,4300
2026-07-03,CUS006,ST-0013,1,1290,1290
2026-07-03,CUS006,ST-0017,1,75,75
2026-07-03,CUS022,ST-0017,12,75,900
2026-07-03,CUS011,ST-0017,3,75,225
2026-07-03,CUS004,ST-0017,1,75,75
2026-07-03,CUS017,ST-0018,4,95,380
2026-07-03,CUS008,ST-0018,3,95,285
2026-07-03,CUS019,ST-0018,6,95,570
2026-07-03,CUS014,ST-0018,3,95,285
2026-07-03,CUS023,ST-0019,1,145,145
2026-07-03,CUS023,ST-0019,1,145,145
2026-07-03,CUS015,ST-0019,1,145,145
2026-07-03,CUS003,ST-0019,1,145,145
2026-07-03,CUS011,ST-0020,7,199,1393
2026-07-03,CUS025,ST-0021,2,315,630
2026-07-03,CUS005,ST-0022,1,360,360
2026-07-03,CUS009,ST-0022,1,360,360
2026-07-03,CUS020,ST-0025,1,420,420
2026-07-03,CUS018,ST-0026,3,58,174
2026-07-03,CUS023,ST-0026,4,58,232
2026-07-03,CUS003,ST-0026,7,58,406
2026-07-03,CUS008,ST-0026,1,58,58
2026-07-03,CUS002,ST-0026,1,58,58
2026-07-03,CUS006,ST-0027,12,78,936
2026-07-03,CUS018,ST-0028,3,11,33
2026-07-03,CUS017,ST-0028,1,11,11
2026-07-03,CUS012,ST-0028,2,11,22
2026-07-03,CUS013,ST-0028,11,11,121
2026-07-03,CUS018,ST-0028,1,11,11
2026-07-03,CUS003,ST-0029,7,16,112
2026-07-03,CUS013,ST-0029,12,16,192
2026-07-03,CUS021,ST-0030,8,52,416
2026-07-03,CUS004,ST-0031,4,45,180
2026-07-03,CUS009,ST-0031,3,45,135
2026-07-03,CUS010,ST-0032,2,66,132
2026-07-03,CUS022,ST-0032,3,66,198
2026-07-03,CUS003,ST-0033,2,85,170
2026-07-03,CUS025,ST-0033,1,85,85
2026-07-03,CUS008,ST-0035,11,38,418
2026-07-03,CUS014,ST-0035,8,38,304
2026-07-03,CUS021,ST-0035,2,38,76
2026-07-03,CUS012,ST-0035,13,38,494
2026-07-03,CUS003,ST-0035,11,38,418
2026-07-03,CUS014,ST-0036,5,75,375
2026-07-03,CUS009,ST-0037,7,88,616
2026-07-03,CUS021,ST-0037,5,88,440
2026-07-03,CUS010,ST-0037,1,88,88
2026-07-03,CUS023,ST-0037,5,88,440
2026-07-03,CUS021,ST-0037,1,88,88
2026-07-03,CUS022,ST-0038,1,145,145
2026-07-03,CUS021,ST-0038,1,145,145
2026-07-03,CUS009,ST-0038,1,145,145
2026-07-03,CUS023,ST-0039,2,215,430
2026-07-03,CUS015,ST-0039,1,215,215
2026-07-03,CUS018,ST-0040,1,52,52
2026-07-03,CUS009,ST-0041,7,55,385
2026-07-03,CUS012,ST-0041,3,55,165
2026-07-03,CUS021,ST-0042,1,82,82
2026-07-03,CUS016,ST-0042,3,82,246
2026-07-03,CUS018,ST-0043,1,105,105
2026-07-03,CUS006,ST-0043,1,105,105
2026-07-03,CUS018,ST-0043,1,105,105
2026-07-03,CUS018,ST-0044,1,450,450
2026-07-03,CUS003,ST-0046,2,15,30
2026-07-03,CUS002,ST-0046,1,15,15
2026-07-03,CUS008,ST-0046,4,15,60
2026-07-03,CUS025,ST-0046,3,15,45
2026-07-03,CUS004,ST-0046,1,15,15
2026-07-03,CUS021,ST-0046,1,15,15
2026-07-03,CUS014,ST-0046,1,15,15
2026-07-03,CUS025,ST-0047,17,16,272
2026-07-03,CUS003,ST-0047,1,16,16
2026-07-03,CUS008,ST-0047,4,16,64
2026-07-03,CUS005,ST-0047,12,16,192
2026-07-03,CUS024,ST-0048,3,16,48
2026-07-03,CUS018,ST-0049,2,70,140
2026-07-03,CUS025,ST-0049,2,70,140
2026-07-03,CUS021,ST-0049,1,70,70
2026-07-03,CUS014,ST-0049,1,70,70
2026-07-03,CUS009,ST-0050,1,85,85
2026-07-03,CUS017,ST-0050,8,85,680
2026-07-03,CUS007,ST-0050,1,85,85
2026-07-03,CUS023,ST-0050,1,85,85
2026-07-03,CUS013,ST-0051,4,55,220
2026-07-03,CUS009,ST-0052,1,45,45
2026-07-03,CUS003,ST-0052,3,45,135
2026-07-03,CUS006,ST-0053,2,40,80
2026-07-03,CUS022,ST-0053,1,40,40
2026-07-03,CUS021,ST-0053,1,40,40
2026-07-03,CUS021,ST-0054,1,240,240
2026-07-03,CUS018,ST-0055,1,210,210
2026-07-03,CUS002,ST-0056,2,65,130
2026-07-03,CUS009,ST-0057,1,390,390
2026-07-03,CUS003,ST-0057,1,390,390
2026-07-03,CUS018,ST-0057,1,390,390
2026-07-03,CUS022,ST-0058,1,260,260
2026-07-03,CUS017,ST-0059,1,140,140
2026-07-04,CUS004,ST-0001,1,1390,1390
2026-07-04,CUS019,ST-0001,2,1390,2780
2026-07-04,CUS023,ST-0002,1,1950,1950
2026-07-04,CUS002,ST-0002,2,1950,3900
2026-07-04,CUS010,ST-0002,2,1950,3900
2026-07-04,CUS002,ST-0002,1,1950,1950
2026-07-04,CUS019,ST-0002,3,1950,5850
2026-07-04,CUS005,ST-0003,2,3090,6180
2026-07-04,CUS007,ST-0003,1,3090,3090
2026-07-04,CUS019,ST-0004,2,4890,9780
2026-07-04,CUS002,ST-0005,1,7290,7290
2026-07-04,CUS006,ST-0009,2,165,330
2026-07-04,CUS009,ST-0009,3,165,495
2026-07-04,CUS017,ST-0010,1,175,175
2026-07-04,CUS009,ST-0010,4,175,700
2026-07-04,CUS009,ST-0010,2,175,350
2026-07-04,CUS012,ST-0010,1,175,175
2026-07-04,CUS017,ST-0011,1,560,560
2026-07-04,CUS018,ST-0013,1,1290,1290
2026-07-04,CUS018,ST-0013,1,1290,1290
2026-07-04,CUS021,ST-0014,1,3150,3150
2026-07-04,CUS002,ST-0015,1,1750,1750
2026-07-04,CUS017,ST-0016,1,1190,1190
2026-07-04,CUS004,ST-0017,6,75,450
2026-07-04,CUS014,ST-0017,8,75,600
2026-07-04,CUS017,ST-0018,4,95,380
2026-07-04,CUS021,ST-0018,3,95,285
2026-07-04,CUS003,ST-0019,3,145,435
2026-07-04,CUS007,ST-0020,9,199,1791
2026-07-04,CUS021,ST-0021,3,315,945
2026-07-04,CUS006,ST-0023,1,890,890
2026-07-04,CUS011,ST-0026,21,58,1218
2026-07-04,CUS005,ST-0027,6,78,468
2026-07-04,CUS024,ST-0027,5,78,390
2026-07-04,CUS002,ST-0027,3,78,234
2026-07-04,CUS003,ST-0027,1,78,78
2026-07-04,CUS016,ST-0028,9,11,99
2026-07-04,CUS008,ST-0028,1,11,11
2026-07-04,CUS019,ST-0028,1,11,11
2026-07-04,CUS014,ST-0028,9,11,99
2026-07-04,CUS010,ST-0028,3,11,33
2026-07-04,CUS021,ST-0028,6,11,66
2026-07-04,CUS003,ST-0028,6,11,66
2026-07-04,CUS021,ST-0029,20,16,320
2026-07-04,CUS017,ST-0030,6,52,312
2026-07-04,CUS021,ST-0030,1,52,52
2026-07-04,CUS025,ST-0031,1,45,45
2026-07-04,CUS020,ST-0031,1,45,45
2026-07-04,CUS013,ST-0031,1,45,45
2026-07-04,CUS022,ST-0031,6,45,270
2026-07-04,CUS017,ST-0032,7,66,462
2026-07-04,CUS009,ST-0035,23,38,874
2026-07-04,CUS017,ST-0035,9,38,342
2026-07-04,CUS008,ST-0036,3,75,225
2026-07-04,CUS019,ST-0036,2,75,150
2026-07-04,CUS014,ST-0036,1,75,75
2026-07-04,CUS009,ST-0036,1,75,75
2026-07-04,CUS015,ST-0036,1,75,75
2026-07-04,CUS019,ST-0036,4,75,300
2026-07-04,CUS001,ST-0037,12,88,1056
2026-07-04,CUS025,ST-0037,1,88,88
2026-07-04,CUS020,ST-0038,2,145,290
2026-07-04,CUS010,ST-0038,4,145,580
2026-07-04,CUS009,ST-0039,4,215,860
2026-07-04,CUS013,ST-0040,1,52,52
2026-07-04,CUS001,ST-0040,1,52,52
2026-07-04,CUS008,ST-0041,5,55,275
2026-07-04,CUS009,ST-0042,2,82,164
2026-07-04,CUS012,ST-0042,2,82,164
2026-07-04,CUS021,ST-0043,2,105,210
2026-07-04,CUS012,ST-0043,1,105,105
2026-07-04,CUS012,ST-0043,1,105,105
2026-07-04,CUS023,ST-0043,1,105,105
2026-07-04,CUS014,ST-0043,1,105,105
2026-07-04,CUS013,ST-0043,1,105,105
2026-07-04,CUS003,ST-0044,1,450,450
2026-07-04,CUS014,ST-0046,5,15,75
2026-07-04,CUS006,ST-0047,4,16,64
2026-07-04,CUS019,ST-0047,18,16,288
2026-07-04,CUS006,ST-0047,7,16,112
2026-07-04,CUS003,ST-0047,11,16,176
2026-07-04,CUS002,ST-0048,6,16,96
2026-07-04,CUS014,ST-0049,1,70,70
2026-07-04,CUS002,ST-0049,1,70,70
2026-07-04,CUS023,ST-0049,2,70,140
2026-07-04,CUS014,ST-0050,8,85,680
2026-07-04,CUS013,ST-0050,1,85,85
2026-07-04,CUS003,ST-0050,2,85,170
2026-07-04,CUS011,ST-0050,1,85,85
2026-07-04,CUS008,ST-0051,3,55,165
2026-07-04,CUS021,ST-0052,2,45,90
2026-07-04,CUS005,ST-0052,4,45,180
2026-07-04,CUS021,ST-0053,1,40,40
2026-07-04,CUS002,ST-0053,2,40,80
2026-07-04,CUS018,ST-0054,1,240,240
2026-07-04,CUS017,ST-0054,1,240,240
2026-07-04,CUS003,ST-0056,2,65,130
2026-07-04,CUS004,ST-0057,3,390,1170
2026-07-04,CUS012,ST-0059,1,140,140
2026-07-04,CUS003,ST-0059,1,140,140
2026-07-06,CUS010,ST-0001,2,1390,2780
2026-07-06,CUS019,ST-0002,1,1950,1950
2026-07-06,CUS023,ST-0003,1,3090,3090
2026-07-06,CUS010,ST-0003,1,3090,3090
2026-07-06,CUS025,ST-0003,1,3090,3090
2026-07-06,CUS025,ST-0004,1,4890,4890
2026-07-06,CUS018,ST-0004,1,4890,4890
2026-07-06,CUS010,ST-0005,1,7290,7290
2026-07-06,CUS018,ST-0006,1,6350,6350
2026-07-06,CUS017,ST-0009,3,165,495
2026-07-06,CUS021,ST-0010,2,175,350
2026-07-06,CUS025,ST-0011,1,560,560
2026-07-06,CUS004,ST-0012,1,2150,2150
2026-07-06,CUS010,ST-0017,10,75,750
2026-07-06,CUS007,ST-0017,1,75,75
2026-07-06,CUS018,ST-0017,3,75,225
2026-07-06,CUS020,ST-0018,3,95,285
2026-07-06,CUS018,ST-0018,10,95,950
2026-07-06,CUS016,ST-0018,1,95,95
2026-07-06,CUS025,ST-0019,2,145,290
2026-07-06,CUS003,ST-0020,4,199,796
2026-07-06,CUS002,ST-0020,2,199,398
2026-07-06,CUS003,ST-0021,1,315,315
2026-07-06,CUS013,ST-0023,1,890,890
2026-07-06,CUS006,ST-0026,5,58,290
2026-07-06,CUS006,ST-0026,10,58,580
2026-07-06,CUS014,ST-0026,7,58,406
2026-07-06,CUS017,ST-0027,8,78,624
2026-07-06,CUS009,ST-0027,2,78,156
2026-07-06,CUS014,ST-0027,3,78,234
2026-07-06,CUS014,ST-0027,7,78,546
2026-07-06,CUS025,ST-0028,3,11,33
2026-07-06,CUS009,ST-0028,6,11,66
2026-07-06,CUS009,ST-0029,5,16,80
2026-07-06,CUS013,ST-0029,12,16,192
2026-07-06,CUS023,ST-0030,2,52,104
2026-07-06,CUS024,ST-0030,1,52,52
2026-07-06,CUS020,ST-0030,5,52,260
2026-07-06,CUS022,ST-0030,1,52,52
2026-07-06,CUS004,ST-0031,4,45,180
2026-07-06,CUS025,ST-0031,3,45,135
2026-07-06,CUS009,ST-0032,2,66,132
2026-07-06,CUS019,ST-0032,2,66,132
2026-07-06,CUS008,ST-0032,1,66,66
2026-07-06,CUS010,ST-0033,1,85,85
2026-07-06,CUS014,ST-0033,3,85,255
2026-07-06,CUS008,ST-0034,1,590,590
2026-07-06,CUS014,ST-0035,5,38,190
2026-07-06,CUS002,ST-0035,4,38,152
2026-07-06,CUS018,ST-0035,5,38,190
2026-07-06,CUS012,ST-0035,28,38,1064
2026-07-06,CUS018,ST-0036,10,75,750
2026-07-06,CUS017,ST-0037,3,88,264
2026-07-06,CUS008,ST-0037,9,88,792
2026-07-06,CUS010,ST-0038,3,145,435
2026-07-06,CUS018,ST-0039,2,215,430
2026-07-06,CUS017,ST-0039,4,215,860
2026-07-06,CUS012,ST-0040,1,52,52
2026-07-06,CUS016,ST-0040,1,52,52
2026-07-06,CUS023,ST-0041,6,55,330
2026-07-06,CUS014,ST-0042,3,82,246
2026-07-06,CUS005,ST-0042,3,82,246
2026-07-06,CUS009,ST-0043,1,105,105
2026-07-06,CUS019,ST-0044,1,450,450
2026-07-06,CUS005,ST-0045,1,65,65
2026-07-06,CUS001,ST-0045,1,65,65
2026-07-06,CUS002,ST-0046,4,15,60
2026-07-06,CUS003,ST-0046,1,15,15
2026-07-06,CUS023,ST-0047,4,16,64
2026-07-06,CUS014,ST-0047,32,16,512
2026-07-06,CUS020,ST-0048,2,16,32
2026-07-06,CUS005,ST-0048,2,16,32
2026-07-06,CUS023,ST-0048,2,16,32
2026-07-06,CUS015,ST-0049,5,70,350
2026-07-06,CUS023,ST-0050,4,85,340
2026-07-06,CUS003,ST-0051,4,55,220
2026-07-06,CUS017,ST-0051,1,55,55
2026-07-06,CUS018,ST-0051,1,55,55
2026-07-06,CUS005,ST-0052,1,45,45
2026-07-06,CUS023,ST-0052,3,45,135
2026-07-06,CUS020,ST-0053,1,40,40
2026-07-06,CUS005,ST-0055,2,210,420
2026-07-06,CUS020,ST-0056,1,65,65
2026-07-06,CUS006,ST-0057,2,390,780
2026-07-06,CUS012,ST-0057,1,390,390
2026-07-06,CUS016,ST-0057,1,390,390
2026-07-06,CUS016,ST-0058,1,260,260
2026-07-06,CUS002,ST-0059,1,140,140
2026-07-07,CUS003,ST-0002,3,1950,5850
2026-07-07,CUS018,ST-0003,2,3090,6180
2026-07-07,CUS002,ST-0004,2,4890,9780
2026-07-07,CUS009,ST-0004,1,4890,4890
2026-07-07,CUS012,ST-0005,1,7290,7290
2026-07-07,CUS022,ST-0005,1,7290,7290
2026-07-07,CUS011,ST-0005,1,7290,7290
2026-07-07,CUS022,ST-0009,1,165,165
2026-07-07,CUS015,ST-0009,2,165,330
2026-07-07,CUS024,ST-0009,2,165,330
2026-07-07,CUS013,ST-0009,2,165,330
2026-07-07,CUS012,ST-0010,5,175,875
2026-07-07,CUS018,ST-0010,1,175,175
2026-07-07,CUS002,ST-0011,1,560,560
2026-07-07,CUS017,ST-0012,1,2150,2150
2026-07-07,CUS022,ST-0017,15,75,1125
2026-07-07,CUS015,ST-0018,2,95,190
2026-07-07,CUS023,ST-0018,6,95,570
2026-07-07,CUS022,ST-0019,1,145,145
2026-07-07,CUS021,ST-0020,2,199,398
2026-07-07,CUS022,ST-0020,3,199,597
2026-07-07,CUS023,ST-0021,1,315,315
2026-07-07,CUS010,ST-0022,1,360,360
2026-07-07,CUS006,ST-0022,1,360,360
2026-07-07,CUS013,ST-0022,1,360,360
2026-07-07,CUS009,ST-0023,1,890,890
2026-07-07,CUS009,ST-0024,1,990,990
2026-07-07,CUS020,ST-0026,10,58,580
2026-07-07,CUS006,ST-0026,3,58,174
2026-07-07,CUS008,ST-0026,4,58,232
2026-07-07,CUS024,ST-0027,8,78,624
2026-07-07,CUS015,ST-0027,1,78,78
2026-07-07,CUS008,ST-0027,1,78,78
2026-07-07,CUS021,ST-0028,14,11,154
2026-07-07,CUS003,ST-0028,5,11,55
2026-07-07,CUS017,ST-0028,3,11,33
2026-07-07,CUS015,ST-0029,6,16,96
2026-07-07,CUS011,ST-0029,10,16,160
2026-07-07,CUS003,ST-0029,1,16,16
2026-07-07,CUS013,ST-0030,1,52,52
2026-07-07,CUS006,ST-0030,5,52,260
2026-07-07,CUS016,ST-0031,2,45,90
2026-07-07,CUS003,ST-0031,2,45,90
2026-07-07,CUS008,ST-0031,2,45,90
2026-07-07,CUS016,ST-0031,4,45,180
2026-07-07,CUS006,ST-0032,1,66,66
2026-07-07,CUS015,ST-0032,3,66,198
2026-07-07,CUS016,ST-0033,1,85,85
2026-07-07,CUS006,ST-0033,3,85,255
2026-07-07,CUS001,ST-0035,16,38,608
2026-07-07,CUS004,ST-0035,20,38,760
2026-07-07,CUS012,ST-0036,1,75,75
2026-07-07,CUS013,ST-0036,6,75,450
2026-07-07,CUS018,ST-0036,2,75,150
2026-07-07,CUS024,ST-0036,4,75,300
2026-07-07,CUS002,ST-0036,1,75,75
2026-07-07,CUS023,ST-0037,5,88,440
2026-07-07,CUS001,ST-0037,4,88,352
2026-07-07,CUS023,ST-0037,6,88,528
2026-07-07,CUS009,ST-0037,3,88,264
2026-07-07,CUS025,ST-0037,2,88,176
2026-07-07,CUS016,ST-0038,2,145,290
2026-07-07,CUS015,ST-0038,3,145,435
2026-07-07,CUS013,ST-0039,1,215,215
2026-07-07,CUS002,ST-0039,1,215,215
2026-07-07,CUS008,ST-0040,1,52,52
2026-07-07,CUS014,ST-0041,1,55,55
2026-07-07,CUS025,ST-0041,8,55,440
2026-07-07,CUS015,ST-0042,4,82,328
2026-07-07,CUS002,ST-0042,1,82,82
2026-07-07,CUS021,ST-0042,1,82,82
2026-07-07,CUS012,ST-0042,2,82,164
2026-07-07,CUS017,ST-0043,1,105,105
2026-07-07,CUS008,ST-0043,1,105,105
2026-07-07,CUS012,ST-0043,1,105,105
2026-07-07,CUS009,ST-0044,1,450,450
2026-07-07,CUS014,ST-0045,1,65,65
2026-07-07,CUS017,ST-0046,1,15,15
2026-07-07,CUS017,ST-0046,4,15,60
2026-07-07,CUS013,ST-0046,3,15,45
2026-07-07,CUS025,ST-0047,2,16,32
2026-07-07,CUS016,ST-0047,6,16,96
2026-07-07,CUS020,ST-0047,10,16,160
2026-07-07,CUS017,ST-0048,1,16,16
2026-07-07,CUS012,ST-0048,3,16,48
2026-07-07,CUS010,ST-0049,7,70,490
2026-07-07,CUS010,ST-0050,4,85,340
2026-07-07,CUS003,ST-0050,1,85,85
2026-07-07,CUS002,ST-0051,4,55,220
2026-07-07,CUS020,ST-0051,1,55,55
2026-07-07,CUS002,ST-0052,1,45,45
2026-07-07,CUS004,ST-0052,1,45,45
2026-07-07,CUS018,ST-0053,1,40,40
2026-07-07,CUS018,ST-0054,1,240,240
2026-07-07,CUS014,ST-0056,4,65,260
2026-07-07,CUS025,ST-0057,2,390,780
2026-07-07,CUS006,ST-0059,1,140,140
2026-07-07,CUS025,ST-0059,2,140,280
2026-07-07,CUS008,ST-0059,1,140,140
2026-07-08,CUS005,ST-0001,1,1390,1390
2026-07-08,CUS001,ST-0001,2,1390,2780
2026-07-08,CUS025,ST-0002,1,1950,1950
2026-07-08,CUS009,ST-0002,1,1950,1950
2026-07-08,CUS018,ST-0002,1,1950,1950
2026-07-08,CUS006,ST-0002,2,1950,3900
2026-07-08,CUS014,ST-0002,1,1950,1950
2026-07-08,CUS018,ST-0003,1,3090,3090
2026-07-08,CUS001,ST-0003,3,3090,9270
2026-07-08,CUS017,ST-0004,1,4890,4890
2026-07-08,CUS016,ST-0005,2,7290,14580
2026-07-08,CUS002,ST-0005,1,7290,7290
2026-07-08,CUS022,ST-0009,2,165,330
2026-07-08,CUS002,ST-0010,1,175,175
2026-07-08,CUS002,ST-0010,1,175,175
2026-07-08,CUS019,ST-0010,1,175,175
2026-07-08,CUS010,ST-0010,1,175,175
2026-07-08,CUS007,ST-0010,2,175,350
2026-07-08,CUS010,ST-0012,1,2150,2150
2026-07-08,CUS001,ST-0013,1,1290,1290
2026-07-08,CUS014,ST-0017,2,75,150
2026-07-08,CUS025,ST-0017,14,75,1050
2026-07-08,CUS022,ST-0018,9,95,855
2026-07-08,CUS009,ST-0019,1,145,145
2026-07-08,CUS007,ST-0019,2,145,290
2026-07-08,CUS002,ST-0020,3,199,597
2026-07-08,CUS002,ST-0020,1,199,199
2026-07-08,CUS012,ST-0020,1,199,199
2026-07-08,CUS006,ST-0021,1,315,315
2026-07-08,CUS011,ST-0021,1,315,315
2026-07-08,CUS023,ST-0021,1,315,315
2026-07-08,CUS015,ST-0021,1,315,315
2026-07-08,CUS016,ST-0022,1,360,360
2026-07-08,CUS008,ST-0025,1,420,420
2026-07-08,CUS001,ST-0026,6,58,348
2026-07-08,CUS023,ST-0026,3,58,174
2026-07-08,CUS012,ST-0026,3,58,174
2026-07-08,CUS024,ST-0026,9,58,522
2026-07-08,CUS002,ST-0027,7,78,546
2026-07-08,CUS018,ST-0027,3,78,234
2026-07-08,CUS006,ST-0027,2,78,156
2026-07-08,CUS019,ST-0028,14,11,154
2026-07-08,CUS016,ST-0028,7,11,77
2026-07-08,CUS009,ST-0029,6,16,96
2026-07-08,CUS017,ST-0029,11,16,176
2026-07-08,CUS013,ST-0030,7,52,364
2026-07-08,CUS012,ST-0030,3,52,156
2026-07-08,CUS021,ST-0030,1,52,52
2026-07-08,CUS005,ST-0031,9,45,405
2026-07-08,CUS004,ST-0032,1,66,66
2026-07-08,CUS006,ST-0032,1,66,66
2026-07-08,CUS003,ST-0035,39,38,1482
2026-07-08,CUS001,ST-0036,11,75,825
2026-07-08,CUS003,ST-0037,1,88,88
2026-07-08,CUS016,ST-0037,2,88,176
2026-07-08,CUS009,ST-0037,3,88,264
2026-07-08,CUS016,ST-0037,2,88,176
2026-07-08,CUS014,ST-0037,10,88,880
2026-07-08,CUS020,ST-0037,2,88,176
2026-07-08,CUS002,ST-0037,1,88,88
2026-07-08,CUS017,ST-0038,2,145,290
2026-07-08,CUS018,ST-0038,2,145,290
2026-07-08,CUS010,ST-0038,1,145,145
2026-07-08,CUS009,ST-0038,1,145,145
2026-07-08,CUS012,ST-0038,1,145,145
2026-07-08,CUS018,ST-0039,4,215,860
2026-07-08,CUS018,ST-0039,1,215,215
2026-07-08,CUS008,ST-0040,2,52,104
2026-07-08,CUS017,ST-0041,1,55,55
2026-07-08,CUS005,ST-0041,2,55,110
2026-07-08,CUS014,ST-0041,2,55,110
2026-07-08,CUS015,ST-0042,2,82,164
2026-07-08,CUS019,ST-0042,1,82,82
2026-07-08,CUS021,ST-0042,1,82,82
2026-07-08,CUS008,ST-0042,1,82,82
2026-07-08,CUS017,ST-0043,1,105,105
2026-07-08,CUS020,ST-0045,1,65,65
2026-07-08,CUS025,ST-0045,1,65,65
2026-07-08,CUS001,ST-0046,1,15,15
2026-07-08,CUS015,ST-0046,1,15,15
2026-07-08,CUS012,ST-0046,3,15,45
2026-07-08,CUS009,ST-0046,1,15,15
2026-07-08,CUS009,ST-0046,2,15,30
2026-07-08,CUS022,ST-0047,20,16,320
2026-07-08,CUS014,ST-0047,7,16,112
2026-07-08,CUS009,ST-0048,4,16,64
2026-07-08,CUS004,ST-0048,2,16,32
2026-07-08,CUS025,ST-0048,3,16,48
2026-07-08,CUS003,ST-0049,3,70,210
2026-07-08,CUS017,ST-0049,1,70,70
2026-07-08,CUS013,ST-0050,2,85,170
2026-07-08,CUS006,ST-0050,1,85,85
2026-07-08,CUS017,ST-0050,2,85,170
2026-07-08,CUS003,ST-0051,1,55,55
2026-07-08,CUS016,ST-0051,3,55,165
2026-07-08,CUS004,ST-0052,2,45,90
2026-07-08,CUS021,ST-0053,2,40,80
2026-07-08,CUS013,ST-0053,1,40,40
2026-07-08,CUS018,ST-0054,2,240,480
2026-07-08,CUS018,ST-0056,1,65,65
2026-07-08,CUS017,ST-0057,1,390,390
2026-07-08,CUS022,ST-0057,3,390,1170
2026-07-08,CUS009,ST-0059,1,140,140
2026-07-08,CUS013,ST-0059,1,140,140
2026-07-09,CUS002,ST-0001,1,1390,1390
2026-07-09,CUS011,ST-0002,5,1950,9750
2026-07-09,CUS017,ST-0003,2,3090,6180
2026-07-09,CUS010,ST-0003,2,3090,6180
2026-07-09,CUS017,ST-0003,1,3090,3090
2026-07-09,CUS010,ST-0003,1,3090,3090
2026-07-09,CUS009,ST-0004,1,4890,4890
2026-07-09,CUS006,ST-0004,2,4890,9780
2026-07-09,CUS012,ST-0009,1,165,165
2026-07-09,CUS013,ST-0009,1,165,165
2026-07-09,CUS024,ST-0009,1,165,165
2026-07-09,CUS018,ST-0009,4,165,660
2026-07-09,CUS013,ST-0009,1,165,165
2026-07-09,CUS005,ST-0009,2,165,330
2026-07-09,CUS009,ST-0009,1,165,165
2026-07-09,CUS021,ST-0010,3,175,525
2026-07-09,CUS001,ST-0010,4,175,700
2026-07-09,CUS025,ST-0010,2,175,350
2026-07-09,CUS002,ST-0013,1,1290,1290
2026-07-09,CUS005,ST-0015,1,1750,1750
2026-07-09,CUS015,ST-0017,1,75,75
2026-07-09,CUS009,ST-0017,12,75,900
2026-07-09,CUS015,ST-0017,3,75,225
2026-07-09,CUS002,ST-0018,5,95,475
2026-07-09,CUS022,ST-0018,1,95,95
2026-07-09,CUS005,ST-0018,2,95,190
2026-07-09,CUS012,ST-0019,1,145,145
2026-07-09,CUS009,ST-0020,3,199,597
2026-07-09,CUS013,ST-0021,1,315,315
2026-07-09,CUS021,ST-0022,1,360,360
2026-07-09,CUS025,ST-0025,1,420,420
2026-07-09,CUS022,ST-0025,1,420,420
2026-07-09,CUS005,ST-0026,7,58,406
2026-07-09,CUS017,ST-0026,16,58,928
2026-07-09,CUS024,ST-0026,3,58,174
2026-07-09,CUS017,ST-0026,1,58,58
2026-07-09,CUS008,ST-0027,1,78,78
2026-07-09,CUS017,ST-0027,2,78,156
2026-07-09,CUS006,ST-0027,1,78,78
2026-07-09,CUS002,ST-0027,8,78,624
2026-07-09,CUS008,ST-0027,3,78,234
2026-07-09,CUS025,ST-0027,1,78,78
2026-07-09,CUS017,ST-0028,10,11,110
2026-07-09,CUS020,ST-0028,9,11,99
2026-07-09,CUS013,ST-0028,2,11,22
2026-07-09,CUS016,ST-0028,5,11,55
2026-07-09,CUS008,ST-0029,12,16,192
2026-07-09,CUS004,ST-0029,5,16,80
2026-07-09,CUS009,ST-0029,1,16,16
2026-07-09,CUS010,ST-0030,4,52,208
2026-07-09,CUS018,ST-0030,4,52,208
2026-07-09,CUS025,ST-0031,4,45,180
2026-07-09,CUS009,ST-0032,4,66,264
2026-07-09,CUS017,ST-0032,3,66,198
2026-07-09,CUS021,ST-0033,1,85,85
2026-07-09,CUS012,ST-0034,2,590,1180
2026-07-09,CUS005,ST-0035,14,38,532
2026-07-09,CUS009,ST-0035,5,38,190
2026-07-09,CUS002,ST-0035,7,38,266
2026-07-09,CUS010,ST-0035,3,38,114
2026-07-09,CUS006,ST-0036,1,75,75
2026-07-09,CUS012,ST-0036,2,75,150
2026-07-09,CUS022,ST-0036,1,75,75
2026-07-09,CUS016,ST-0036,1,75,75
2026-07-09,CUS019,ST-0037,3,88,264
2026-07-09,CUS012,ST-0037,2,88,176
2026-07-09,CUS006,ST-0037,9,88,792
2026-07-09,CUS025,ST-0038,1,145,145
2026-07-09,CUS012,ST-0038,1,145,145
2026-07-09,CUS015,ST-0038,2,145,290
2026-07-09,CUS006,ST-0039,1,215,215
2026-07-09,CUS012,ST-0039,2,215,430
2026-07-09,CUS002,ST-0039,1,215,215
2026-07-09,CUS013,ST-0041,2,55,110
2026-07-09,CUS025,ST-0041,4,55,220
2026-07-09,CUS003,ST-0041,2,55,110
2026-07-09,CUS005,ST-0042,1,82,82
2026-07-09,CUS018,ST-0043,1,105,105
2026-07-09,CUS008,ST-0043,1,105,105
2026-07-09,CUS009,ST-0044,1,450,450
2026-07-09,CUS023,ST-0044,1,450,450
2026-07-09,CUS022,ST-0044,1,450,450
2026-07-09,CUS005,ST-0045,1,65,65
2026-07-09,CUS005,ST-0046,2,15,30
2026-07-09,CUS005,ST-0046,2,15,30
2026-07-09,CUS003,ST-0046,3,15,45
2026-07-09,CUS010,ST-0047,28,16,448
2026-07-09,CUS018,ST-0048,2,16,32
2026-07-09,CUS016,ST-0048,1,16,16
2026-07-09,CUS012,ST-0049,3,70,210
2026-07-09,CUS007,ST-0050,1,85,85
2026-07-09,CUS020,ST-0050,2,85,170
2026-07-09,CUS001,ST-0050,1,85,85
2026-07-09,CUS010,ST-0050,2,85,170
2026-07-09,CUS017,ST-0050,5,85,425
2026-07-09,CUS009,ST-0051,1,55,55
2026-07-09,CUS012,ST-0051,2,55,110
2026-07-09,CUS008,ST-0051,3,55,165
2026-07-09,CUS003,ST-0051,2,55,110
2026-07-09,CUS013,ST-0052,3,45,135
2026-07-09,CUS012,ST-0053,1,40,40
2026-07-09,CUS021,ST-0053,1,40,40
2026-07-09,CUS025,ST-0053,2,40,80
2026-07-09,CUS008,ST-0053,1,40,40
2026-07-09,CUS012,ST-0053,1,40,40
2026-07-09,CUS013,ST-0054,1,240,240
2026-07-09,CUS012,ST-0054,1,240,240
2026-07-09,CUS015,ST-0055,1,210,210
2026-07-09,CUS021,ST-0056,2,65,130
2026-07-09,CUS019,ST-0059,1,140,140
2026-07-09,CUS021,ST-0059,1,140,140
2026-07-09,CUS002,ST-0060,2,175,350
2026-07-10,CUS012,ST-0001,1,1390,1390
2026-07-10,CUS017,ST-0002,1,1950,1950
2026-07-10,CUS016,ST-0003,2,3090,6180
2026-07-10,CUS025,ST-0003,2,3090,6180
2026-07-10,CUS021,ST-0003,1,3090,3090
2026-07-10,CUS002,ST-0006,1,6350,6350
2026-07-10,CUS004,ST-0006,1,6350,6350
2026-07-10,CUS002,ST-0007,2,2250,4500
2026-07-10,CUS001,ST-0009,2,165,330
2026-07-10,CUS006,ST-0009,1,165,165
2026-07-10,CUS022,ST-0009,1,165,165
2026-07-10,CUS009,ST-0009,1,165,165
2026-07-10,CUS010,ST-0010,2,175,350
2026-07-10,CUS018,ST-0010,5,175,875
2026-07-10,CUS002,ST-0011,1,560,560
2026-07-10,CUS015,ST-0011,1,560,560
2026-07-10,CUS016,ST-0013,2,1290,2580
2026-07-10,CUS004,ST-0017,5,75,375
2026-07-10,CUS021,ST-0017,19,75,1425
2026-07-10,CUS006,ST-0018,4,95,380
2026-07-10,CUS013,ST-0018,8,95,760
2026-07-10,CUS002,ST-0019,5,145,725
2026-07-10,CUS021,ST-0019,3,145,435
2026-07-10,CUS006,ST-0020,2,199,398
2026-07-10,CUS018,ST-0020,4,199,796
2026-07-10,CUS020,ST-0020,3,199,597
2026-07-10,CUS021,ST-0021,1,315,315
2026-07-10,CUS006,ST-0021,1,315,315
2026-07-10,CUS022,ST-0022,1,360,360
2026-07-10,CUS016,ST-0025,1,420,420
2026-07-10,CUS019,ST-0025,1,420,420
2026-07-10,CUS009,ST-0026,4,58,232
2026-07-10,CUS021,ST-0026,21,58,1218
2026-07-10,CUS016,ST-0026,2,58,116
2026-07-10,CUS011,ST-0026,5,58,290
2026-07-10,CUS013,ST-0027,2,78,156
2026-07-10,CUS009,ST-0027,5,78,390
2026-07-10,CUS001,ST-0027,9,78,702
2026-07-10,CUS010,ST-0028,15,11,165
2026-07-10,CUS003,ST-0028,8,11,88
2026-07-10,CUS006,ST-0028,6,11,66
2026-07-10,CUS018,ST-0029,5,16,80
2026-07-10,CUS005,ST-0029,6,16,96
2026-07-10,CUS013,ST-0029,5,16,80
2026-07-10,CUS025,ST-0029,2,16,32
2026-07-10,CUS022,ST-0030,1,52,52
2026-07-10,CUS010,ST-0030,2,52,104
2026-07-10,CUS014,ST-0030,1,52,52
2026-07-10,CUS008,ST-0030,2,52,104
2026-07-10,CUS008,ST-0030,1,52,52
2026-07-10,CUS014,ST-0031,1,45,45
2026-07-10,CUS002,ST-0031,3,45,135
2026-07-10,CUS008,ST-0031,2,45,90
2026-07-10,CUS009,ST-0031,2,45,90
2026-07-10,CUS017,ST-0032,1,66,66
2026-07-10,CUS018,ST-0032,1,66,66
2026-07-10,CUS016,ST-0032,3,66,198
2026-07-10,CUS017,ST-0033,1,85,85
2026-07-10,CUS008,ST-0033,1,85,85
2026-07-10,CUS005,ST-0033,1,85,85
2026-07-10,CUS008,ST-0034,1,590,590
2026-07-10,CUS024,ST-0035,18,38,684
2026-07-10,CUS002,ST-0035,17,38,646
2026-07-10,CUS006,ST-0036,4,75,300
2026-07-10,CUS006,ST-0036,3,75,225
2026-07-10,CUS013,ST-0036,2,75,150
2026-07-10,CUS015,ST-0037,1,88,88
2026-07-10,CUS020,ST-0037,7,88,616
2026-07-10,CUS014,ST-0038,1,145,145
2026-07-10,CUS007,ST-0038,5,145,725
2026-07-10,CUS017,ST-0039,1,215,215
2026-07-10,CUS002,ST-0039,4,215,860
2026-07-10,CUS017,ST-0040,1,52,52
2026-07-10,CUS003,ST-0041,4,55,220
2026-07-10,CUS022,ST-0041,2,55,110
2026-07-10,CUS017,ST-0042,1,82,82
2026-07-10,CUS006,ST-0042,7,82,574
2026-07-10,CUS009,ST-0042,2,82,164
2026-07-10,CUS001,ST-0043,1,105,105
2026-07-10,CUS005,ST-0043,1,105,105
2026-07-10,CUS010,ST-0044,1,450,450
2026-07-10,CUS023,ST-0045,2,65,130
2026-07-10,CUS010,ST-0046,1,15,15
2026-07-10,CUS001,ST-0046,4,15,60
2026-07-10,CUS020,ST-0046,3,15,45
2026-07-10,CUS018,ST-0046,1,15,15
2026-07-10,CUS025,ST-0047,15,16,240
2026-07-10,CUS016,ST-0047,15,16,240
2026-07-10,CUS023,ST-0047,1,16,16
2026-07-10,CUS013,ST-0048,1,16,16
2026-07-10,CUS018,ST-0048,1,16,16
2026-07-10,CUS023,ST-0048,3,16,48
2026-07-10,CUS009,ST-0048,2,16,32
2026-07-10,CUS009,ST-0048,2,16,32
2026-07-10,CUS002,ST-0049,2,70,140
2026-07-10,CUS002,ST-0049,2,70,140
2026-07-10,CUS001,ST-0049,3,70,210
2026-07-10,CUS016,ST-0050,2,85,170
2026-07-10,CUS003,ST-0050,2,85,170
2026-07-10,CUS003,ST-0050,5,85,425
2026-07-10,CUS016,ST-0051,2,55,110
2026-07-10,CUS003,ST-0051,1,55,55
2026-07-10,CUS002,ST-0051,4,55,220
2026-07-10,CUS012,ST-0052,1,45,45
2026-07-10,CUS016,ST-0052,1,45,45
2026-07-10,CUS017,ST-0052,2,45,90
2026-07-10,CUS001,ST-0052,2,45,90
2026-07-10,CUS018,ST-0053,2,40,80
2026-07-10,CUS013,ST-0054,1,240,240
2026-07-10,CUS013,ST-0054,1,240,240
2026-07-10,CUS003,ST-0056,1,65,65
2026-07-10,CUS014,ST-0057,1,390,390
2026-07-10,CUS012,ST-0057,2,390,780
2026-07-10,CUS006,ST-0059,2,140,280
2026-07-10,CUS014,ST-0059,1,140,140
2026-07-11,CUS002,ST-0001,1,1390,1390
2026-07-11,CUS012,ST-0001,1,1390,1390
2026-07-11,CUS009,ST-0002,1,1950,1950
2026-07-11,CUS023,ST-0002,4,1950,7800
2026-07-11,CUS013,ST-0003,3,3090,9270
2026-07-11,CUS021,ST-0003,2,3090,6180
2026-07-11,CUS021,ST-0004,1,4890,4890
2026-07-11,CUS006,ST-0009,1,165,165
2026-07-11,CUS005,ST-0009,4,165,660
2026-07-11,CUS007,ST-0009,1,165,165
2026-07-11,CUS017,ST-0010,4,175,700
2026-07-11,CUS012,ST-0011,1,560,560
2026-07-11,CUS012,ST-0015,1,1750,1750
2026-07-11,CUS013,ST-0017,7,75,525
2026-07-11,CUS013,ST-0017,10,75,750
2026-07-11,CUS015,ST-0018,5,95,475
2026-07-11,CUS021,ST-0018,5,95,475
2026-07-11,CUS006,ST-0018,4,95,380
2026-07-11,CUS012,ST-0019,1,145,145
2026-07-11,CUS004,ST-0019,1,145,145
2026-07-11,CUS002,ST-0020,3,199,597
2026-07-11,CUS009,ST-0020,2,199,398
2026-07-11,CUS001,ST-0021,1,315,315
2026-07-11,CUS008,ST-0021,1,315,315
2026-07-11,CUS023,ST-0021,1,315,315
2026-07-11,CUS008,ST-0022,1,360,360
2026-07-11,CUS003,ST-0022,1,360,360
2026-07-11,CUS017,ST-0023,1,890,890
2026-07-11,CUS022,ST-0024,1,990,990
2026-07-11,CUS022,ST-0025,1,420,420
2026-07-11,CUS024,ST-0026,5,58,290
2026-07-11,CUS012,ST-0026,18,58,1044
2026-07-11,CUS002,ST-0026,2,58,116
2026-07-11,CUS004,ST-0027,14,78,1092
2026-07-11,CUS010,ST-0028,1,11,11
2026-07-11,CUS009,ST-0028,26,11,286
2026-07-11,CUS016,ST-0029,3,16,48
2026-07-11,CUS009,ST-0029,7,16,112
2026-07-11,CUS013,ST-0029,5,16,80
2026-07-11,CUS002,ST-0029,1,16,16
2026-07-11,CUS017,ST-0029,5,16,80
2026-07-11,CUS003,ST-0030,5,52,260
2026-07-11,CUS002,ST-0030,7,52,364
2026-07-11,CUS010,ST-0031,5,45,225
2026-07-11,CUS013,ST-0031,5,45,225
2026-07-11,CUS002,ST-0032,3,66,198
2026-07-11,CUS006,ST-0033,1,85,85
2026-07-11,CUS007,ST-0033,2,85,170
2026-07-11,CUS016,ST-0035,1,38,38
2026-07-11,CUS010,ST-0035,4,38,152
2026-07-11,CUS007,ST-0035,27,38,1026
2026-07-11,CUS021,ST-0036,3,75,225
2026-07-11,CUS003,ST-0037,3,88,264
2026-07-11,CUS001,ST-0037,7,88,616
2026-07-11,CUS001,ST-0037,2,88,176
2026-07-11,CUS006,ST-0037,3,88,264
2026-07-11,CUS020,ST-0038,2,145,290
2026-07-11,CUS025,ST-0038,2,145,290
2026-07-11,CUS009,ST-0039,2,215,430
2026-07-11,CUS010,ST-0039,2,215,430
2026-07-11,CUS005,ST-0040,1,52,52
2026-07-11,CUS023,ST-0041,2,55,110
2026-07-11,CUS013,ST-0041,2,55,110
2026-07-11,CUS001,ST-0042,2,82,164
2026-07-11,CUS012,ST-0043,1,105,105
2026-07-11,CUS023,ST-0046,1,15,15
2026-07-11,CUS009,ST-0046,4,15,60
2026-07-11,CUS002,ST-0046,2,15,30
2026-07-11,CUS006,ST-0047,7,16,112
2026-07-11,CUS016,ST-0047,5,16,80
2026-07-11,CUS015,ST-0047,19,16,304
2026-07-11,CUS004,ST-0048,9,16,144
2026-07-11,CUS014,ST-0049,2,70,140
2026-07-11,CUS005,ST-0049,1,70,70
2026-07-11,CUS008,ST-0049,1,70,70
2026-07-11,CUS014,ST-0049,1,70,70
2026-07-11,CUS022,ST-0050,4,85,340
2026-07-11,CUS023,ST-0051,8,55,440
2026-07-11,CUS020,ST-0052,2,45,90
2026-07-11,CUS002,ST-0053,1,40,40
2026-07-11,CUS012,ST-0053,1,40,40
2026-07-11,CUS012,ST-0053,3,40,120
2026-07-11,CUS017,ST-0055,1,210,210
2026-07-11,CUS005,ST-0056,1,65,65
2026-07-11,CUS003,ST-0056,3,65,195
2026-07-11,CUS010,ST-0056,1,65,65
2026-07-11,CUS023,ST-0057,1,390,390
2026-07-11,CUS012,ST-0057,1,390,390
2026-07-11,CUS023,ST-0058,1,260,260
2026-07-11,CUS015,ST-0059,2,140,280
2026-07-11,CUS021,ST-0059,1,140,140
2026-07-11,CUS006,ST-0059,1,140,140
2026-07-11,CUS005,ST-0060,1,175,175
2026-07-13,CUS005,ST-0002,1,1950,1950
2026-07-13,CUS003,ST-0002,2,1950,3900
2026-07-13,CUS013,ST-0002,1,1950,1950
2026-07-13,CUS019,ST-0003,2,3090,6180
2026-07-13,CUS023,ST-0005,1,7290,7290
2026-07-13,CUS017,ST-0005,1,7290,7290
2026-07-13,CUS013,ST-0009,1,165,165
2026-07-13,CUS021,ST-0010,1,175,175
2026-07-13,CUS006,ST-0010,2,175,350
2026-07-13,CUS025,ST-0011,1,560,560
2026-07-13,CUS009,ST-0013,1,1290,1290
2026-07-13,CUS019,ST-0017,3,75,225
2026-07-13,CUS012,ST-0017,9,75,675
2026-07-13,CUS022,ST-0017,2,75,150
2026-07-13,CUS013,ST-0018,6,95,570
2026-07-13,CUS021,ST-0018,2,95,190
2026-07-13,CUS024,ST-0018,2,95,190
2026-07-13,CUS010,ST-0019,2,145,290
2026-07-13,CUS018,ST-0019,1,145,145
2026-07-13,CUS022,ST-0020,5,199,995
2026-07-13,CUS005,ST-0021,4,315,1260
2026-07-13,CUS018,ST-0021,1,315,315
2026-07-13,CUS025,ST-0021,1,315,315
2026-07-13,CUS008,ST-0022,2,360,720
2026-07-13,CUS024,ST-0023,2,890,1780
2026-07-13,CUS013,ST-0023,1,890,890
2026-07-13,CUS024,ST-0025,1,420,420
2026-07-13,CUS010,ST-0026,5,58,290
2026-07-13,CUS020,ST-0026,15,58,870
2026-07-13,CUS024,ST-0026,2,58,116
2026-07-13,CUS017,ST-0026,1,58,58
2026-07-13,CUS017,ST-0027,1,78,78
2026-07-13,CUS008,ST-0027,5,78,390
2026-07-13,CUS010,ST-0028,7,11,77
2026-07-13,CUS012,ST-0028,5,11,55
2026-07-13,CUS010,ST-0028,1,11,11
2026-07-13,CUS018,ST-0028,4,11,44
2026-07-13,CUS024,ST-0028,12,11,132
2026-07-13,CUS021,ST-0029,15,16,240
2026-07-13,CUS010,ST-0029,4,16,64
2026-07-13,CUS013,ST-0030,2,52,104
2026-07-13,CUS012,ST-0030,1,52,52
2026-07-13,CUS018,ST-0030,1,52,52
2026-07-13,CUS003,ST-0030,2,52,104
2026-07-13,CUS021,ST-0031,2,45,90
2026-07-13,CUS016,ST-0031,2,45,90
2026-07-13,CUS001,ST-0031,1,45,45
2026-07-13,CUS003,ST-0031,3,45,135
2026-07-13,CUS015,ST-0032,2,66,132
2026-07-13,CUS025,ST-0032,3,66,198
2026-07-13,CUS008,ST-0032,1,66,66
2026-07-13,CUS018,ST-0033,1,85,85
2026-07-13,CUS021,ST-0033,2,85,170
2026-07-13,CUS014,ST-0033,1,85,85
2026-07-13,CUS021,ST-0034,1,590,590
2026-07-13,CUS013,ST-0035,6,38,228
2026-07-13,CUS023,ST-0035,22,38,836
2026-07-13,CUS022,ST-0036,1,75,75
2026-07-13,CUS003,ST-0036,4,75,300
2026-07-13,CUS015,ST-0036,1,75,75
2026-07-13,CUS013,ST-0037,2,88,176
2026-07-13,CUS021,ST-0037,3,88,264
2026-07-13,CUS021,ST-0037,3,88,264
2026-07-13,CUS025,ST-0037,2,88,176
2026-07-13,CUS008,ST-0037,5,88,440
2026-07-13,CUS017,ST-0037,3,88,264
2026-07-13,CUS021,ST-0038,1,145,145
2026-07-13,CUS003,ST-0038,3,145,435
2026-07-13,CUS023,ST-0039,2,215,430
2026-07-13,CUS021,ST-0039,1,215,215
2026-07-13,CUS009,ST-0039,1,215,215
2026-07-13,CUS003,ST-0040,1,52,52
2026-07-13,CUS017,ST-0041,4,55,220
2026-07-13,CUS017,ST-0041,1,55,55
2026-07-13,CUS014,ST-0041,1,55,55
2026-07-13,CUS023,ST-0041,4,55,220
2026-07-13,CUS012,ST-0042,1,82,82
2026-07-13,CUS024,ST-0042,2,82,164
2026-07-13,CUS018,ST-0042,3,82,246
2026-07-13,CUS008,ST-0043,2,105,210
2026-07-13,CUS006,ST-0044,1,450,450
2026-07-13,CUS015,ST-0044,1,450,450
2026-07-13,CUS013,ST-0046,3,15,45
2026-07-13,CUS017,ST-0046,2,15,30
2026-07-13,CUS003,ST-0046,1,15,15
2026-07-13,CUS022,ST-0047,24,16,384
2026-07-13,CUS022,ST-0047,3,16,48
2026-07-13,CUS016,ST-0048,2,16,32
2026-07-13,CUS012,ST-0049,1,70,70
2026-07-13,CUS003,ST-0049,1,70,70
2026-07-13,CUS018,ST-0049,2,70,140
2026-07-13,CUS001,ST-0049,2,70,140
2026-07-13,CUS006,ST-0049,2,70,140
2026-07-13,CUS023,ST-0049,1,70,70
2026-07-13,CUS010,ST-0050,2,85,170
2026-07-13,CUS023,ST-0050,2,85,170
2026-07-13,CUS023,ST-0051,4,55,220
2026-07-13,CUS003,ST-0051,1,55,55
2026-07-13,CUS003,ST-0051,1,55,55
2026-07-13,CUS017,ST-0052,1,45,45
2026-07-13,CUS017,ST-0053,1,40,40
2026-07-13,CUS019,ST-0053,2,40,80
2026-07-13,CUS010,ST-0053,1,40,40
2026-07-13,CUS025,ST-0054,2,240,480
2026-07-13,CUS017,ST-0056,1,65,65
2026-07-13,CUS013,ST-0057,1,390,390
2026-07-13,CUS002,ST-0057,1,390,390
2026-07-13,CUS016,ST-0057,1,390,390
2026-07-13,CUS008,ST-0059,1,140,140
2026-07-13,CUS012,ST-0060,1,175,175
2026-07-14,CUS003,ST-0002,1,1950,1950
2026-07-14,CUS008,ST-0002,1,1950,1950
2026-07-14,CUS004,ST-0002,1,1950,1950
2026-07-14,CUS006,ST-0002,2,1950,3900
2026-07-14,CUS012,ST-0003,1,3090,3090
2026-07-14,CUS012,ST-0003,1,3090,3090
2026-07-14,CUS003,ST-0003,1,3090,3090
2026-07-14,CUS024,ST-0003,1,3090,3090
2026-07-14,CUS001,ST-0005,1,7290,7290
2026-07-14,CUS017,ST-0009,3,165,495
2026-07-14,CUS020,ST-0009,1,165,165
2026-07-14,CUS009,ST-0009,1,165,165
2026-07-14,CUS003,ST-0010,3,175,525
2026-07-14,CUS016,ST-0010,1,175,175
2026-07-14,CUS025,ST-0010,2,175,350
2026-07-14,CUS012,ST-0011,1,560,560
2026-07-14,CUS008,ST-0012,1,2150,2150
2026-07-14,CUS004,ST-0013,1,1290,1290
2026-07-14,CUS020,ST-0015,1,1750,1750
2026-07-14,CUS014,ST-0017,6,75,450
2026-07-14,CUS002,ST-0017,5,75,375
2026-07-14,CUS013,ST-0017,6,75,450
2026-07-14,CUS010,ST-0017,1,75,75
2026-07-14,CUS024,ST-0018,4,95,380
2026-07-14,CUS008,ST-0019,1,145,145
2026-07-14,CUS006,ST-0019,2,145,290
2026-07-14,CUS008,ST-0019,1,145,145
2026-07-14,CUS003,ST-0020,4,199,796
2026-07-14,CUS016,ST-0020,3,199,597
2026-07-14,CUS023,ST-0021,1,315,315
2026-07-14,CUS025,ST-0021,2,315,630
2026-07-14,CUS001,ST-0021,1,315,315
2026-07-14,CUS001,ST-0022,2,360,720
2026-07-14,CUS017,ST-0023,3,890,2670
2026-07-14,CUS012,ST-0025,1,420,420
2026-07-14,CUS006,ST-0025,1,420,420
2026-07-14,CUS018,ST-0026,2,58,116
2026-07-14,CUS019,ST-0026,1,58,58
2026-07-14,CUS003,ST-0026,5,58,290
2026-07-14,CUS003,ST-0026,1,58,58
2026-07-14,CUS022,ST-0026,15,58,870
2026-07-14,CUS004,ST-0027,7,78,546
2026-07-14,CUS023,ST-0027,4,78,312
2026-07-14,CUS010,ST-0028,5,11,55
2026-07-14,CUS008,ST-0028,9,11,99
2026-07-14,CUS009,ST-0029,2,16,32
2026-07-14,CUS012,ST-0029,14,16,224
2026-07-14,CUS004,ST-0030,3,52,156
2026-07-14,CUS021,ST-0030,11,52,572
2026-07-14,CUS020,ST-0031,2,45,90
2026-07-14,CUS013,ST-0031,3,45,135
2026-07-14,CUS025,ST-0031,1,45,45
2026-07-14,CUS014,ST-0032,1,66,66
2026-07-14,CUS002,ST-0032,3,66,198
2026-07-14,CUS014,ST-0032,3,66,198
2026-07-14,CUS009,ST-0033,1,85,85
2026-07-14,CUS022,ST-0033,1,85,85
2026-07-14,CUS022,ST-0035,9,38,342
2026-07-14,CUS020,ST-0035,10,38,380
2026-07-14,CUS004,ST-0035,11,38,418
2026-07-14,CUS017,ST-0036,4,75,300
2026-07-14,CUS005,ST-0036,1,75,75
2026-07-14,CUS010,ST-0036,2,75,150
2026-07-14,CUS010,ST-0037,11,88,968
2026-07-14,CUS025,ST-0037,3,88,264
2026-07-14,CUS002,ST-0038,2,145,290
2026-07-14,CUS012,ST-0038,1,145,145
2026-07-14,CUS003,ST-0038,2,145,290
2026-07-14,CUS003,ST-0039,1,215,215
2026-07-14,CUS001,ST-0039,2,215,430
2026-07-14,CUS025,ST-0041,2,55,110
2026-07-14,CUS002,ST-0041,1,55,55
2026-07-14,CUS008,ST-0041,2,55,110
2026-07-14,CUS017,ST-0042,1,82,82
2026-07-14,CUS023,ST-0042,2,82,164
2026-07-14,CUS013,ST-0042,3,82,246
2026-07-14,CUS002,ST-0044,1,450,450
2026-07-14,CUS017,ST-0044,1,450,450
2026-07-14,CUS006,ST-0045,2,65,130
2026-07-14,CUS008,ST-0046,3,15,45
2026-07-14,CUS024,ST-0046,1,15,15
2026-07-14,CUS018,ST-0046,3,15,45
2026-07-14,CUS006,ST-0046,2,15,30
2026-07-14,CUS016,ST-0047,5,16,80
2026-07-14,CUS002,ST-0047,7,16,112
2026-07-14,CUS012,ST-0047,23,16,368
2026-07-14,CUS004,ST-0048,1,16,16
2026-07-14,CUS010,ST-0048,3,16,48
2026-07-14,CUS022,ST-0048,1,16,16
2026-07-14,CUS023,ST-0048,1,16,16
2026-07-14,CUS005,ST-0049,1,70,70
2026-07-14,CUS025,ST-0049,2,70,140
2026-07-14,CUS012,ST-0049,1,70,70
2026-07-14,CUS012,ST-0050,3,85,255
2026-07-14,CUS024,ST-0050,1,85,85
2026-07-14,CUS006,ST-0050,1,85,85
2026-07-14,CUS001,ST-0051,4,55,220
2026-07-14,CUS012,ST-0051,1,55,55
2026-07-14,CUS005,ST-0051,1,55,55
2026-07-14,CUS008,ST-0051,1,55,55
2026-07-14,CUS002,ST-0052,4,45,180
2026-07-14,CUS012,ST-0052,1,45,45
2026-07-14,CUS014,ST-0053,2,40,80
2026-07-14,CUS025,ST-0053,1,40,40
2026-07-14,CUS023,ST-0054,1,240,240
2026-07-14,CUS018,ST-0054,1,240,240
2026-07-14,CUS004,ST-0054,1,240,240
2026-07-14,CUS018,ST-0055,1,210,210
2026-07-14,CUS023,ST-0055,1,210,210
2026-07-14,CUS017,ST-0056,2,65,130
2026-07-14,CUS002,ST-0056,3,65,195
2026-07-14,CUS005,ST-0056,3,65,195
2026-07-14,CUS020,ST-0056,1,65,65
2026-07-14,CUS006,ST-0057,1,390,390
2026-07-14,CUS009,ST-0058,1,260,260
2026-07-14,CUS013,ST-0059,2,140,280
2026-07-15,CUS025,ST-0001,1,1390,1390
2026-07-15,CUS024,ST-0001,1,1390,1390
2026-07-15,CUS008,ST-0002,2,1950,3900
2026-07-15,CUS017,ST-0002,1,1950,1950
2026-07-15,CUS022,ST-0003,1,3090,3090
2026-07-15,CUS001,ST-0003,3,3090,9270
2026-07-15,CUS017,ST-0005,1,7290,7290
2026-07-15,CUS021,ST-0005,1,7290,7290
2026-07-15,CUS020,ST-0006,1,6350,6350
2026-07-15,CUS021,ST-0008,1,6150,6150
2026-07-15,CUS023,ST-0008,1,6150,6150
2026-07-15,CUS023,ST-0009,5,165,825
2026-07-15,CUS017,ST-0009,1,165,165
2026-07-15,CUS023,ST-0009,1,165,165
2026-07-15,CUS015,ST-0010,2,175,350
2026-07-15,CUS014,ST-0010,2,175,350
2026-07-15,CUS016,ST-0010,2,175,350
2026-07-15,CUS024,ST-0012,1,2150,2150
2026-07-15,CUS009,ST-0013,1,1290,1290
2026-07-15,CUS003,ST-0015,1,1750,1750
2026-07-15,CUS014,ST-0017,10,75,750
2026-07-15,CUS022,ST-0018,6,95,570
2026-07-15,CUS021,ST-0018,3,95,285
2026-07-15,CUS002,ST-0019,1,145,145
2026-07-15,CUS004,ST-0020,1,199,199
2026-07-15,CUS005,ST-0020,1,199,199
2026-07-15,CUS022,ST-0020,3,199,597
2026-07-15,CUS021,ST-0021,1,315,315
2026-07-15,CUS012,ST-0022,2,360,720
2026-07-15,CUS005,ST-0023,1,890,890
2026-07-15,CUS016,ST-0024,1,990,990
2026-07-15,CUS002,ST-0026,11,58,638
2026-07-15,CUS003,ST-0026,3,58,174
2026-07-15,CUS006,ST-0026,1,58,58
2026-07-15,CUS018,ST-0026,1,58,58
2026-07-15,CUS018,ST-0027,3,78,234
2026-07-15,CUS012,ST-0027,5,78,390
2026-07-15,CUS008,ST-0027,2,78,156
2026-07-15,CUS003,ST-0027,3,78,234
2026-07-15,CUS006,ST-0027,1,78,78
2026-07-15,CUS006,ST-0028,1,11,11
2026-07-15,CUS008,ST-0028,3,11,33
2026-07-15,CUS006,ST-0028,10,11,110
2026-07-15,CUS018,ST-0028,12,11,132
2026-07-15,CUS001,ST-0029,1,16,16
2026-07-15,CUS021,ST-0029,7,16,112
2026-07-15,CUS001,ST-0029,5,16,80
2026-07-15,CUS003,ST-0029,3,16,48
2026-07-15,CUS012,ST-0030,4,52,208
2026-07-15,CUS002,ST-0031,2,45,90
2026-07-15,CUS025,ST-0031,3,45,135
2026-07-15,CUS017,ST-0031,1,45,45
2026-07-15,CUS025,ST-0032,5,66,330
2026-07-15,CUS018,ST-0033,2,85,170
2026-07-15,CUS001,ST-0034,1,590,590
2026-07-15,CUS013,ST-0035,4,38,152
2026-07-15,CUS017,ST-0035,10,38,380
2026-07-15,CUS010,ST-0035,11,38,418
2026-07-15,CUS009,ST-0035,11,38,418
2026-07-15,CUS006,ST-0036,3,75,225
2026-07-15,CUS002,ST-0036,3,75,225
2026-07-15,CUS017,ST-0036,6,75,450
2026-07-15,CUS012,ST-0037,5,88,440
2026-07-15,CUS009,ST-0037,1,88,88
2026-07-15,CUS014,ST-0037,1,88,88
2026-07-15,CUS002,ST-0038,2,145,290
2026-07-15,CUS024,ST-0038,1,145,145
2026-07-15,CUS005,ST-0038,1,145,145
2026-07-15,CUS008,ST-0038,1,145,145
2026-07-15,CUS007,ST-0039,1,215,215
2026-07-15,CUS003,ST-0039,1,215,215
2026-07-15,CUS014,ST-0040,1,52,52
2026-07-15,CUS017,ST-0041,4,55,220
2026-07-15,CUS008,ST-0041,1,55,55
2026-07-15,CUS005,ST-0041,4,55,220
2026-07-15,CUS009,ST-0042,2,82,164
2026-07-15,CUS025,ST-0042,3,82,246
2026-07-15,CUS012,ST-0042,1,82,82
2026-07-15,CUS001,ST-0043,1,105,105
2026-07-15,CUS012,ST-0043,1,105,105
2026-07-15,CUS023,ST-0043,1,105,105
2026-07-15,CUS021,ST-0046,2,15,30
2026-07-15,CUS013,ST-0046,2,15,30
2026-07-15,CUS014,ST-0046,2,15,30
2026-07-15,CUS023,ST-0047,29,16,464
2026-07-15,CUS015,ST-0048,4,16,64
2026-07-15,CUS022,ST-0048,1,16,16
2026-07-15,CUS021,ST-0048,3,16,48
2026-07-15,CUS024,ST-0049,1,70,70
2026-07-15,CUS017,ST-0049,2,70,140
2026-07-15,CUS008,ST-0050,2,85,170
2026-07-15,CUS006,ST-0050,2,85,170
2026-07-15,CUS009,ST-0051,2,55,110
2026-07-15,CUS023,ST-0052,1,45,45
2026-07-15,CUS018,ST-0053,1,40,40
2026-07-15,CUS023,ST-0053,1,40,40
2026-07-15,CUS002,ST-0053,3,40,120
2026-07-15,CUS010,ST-0055,1,210,210
2026-07-15,CUS020,ST-0056,1,65,65
2026-07-15,CUS011,ST-0056,1,65,65
2026-07-15,CUS008,ST-0056,1,65,65
2026-07-15,CUS024,ST-0056,2,65,130
2026-07-15,CUS005,ST-0056,2,65,130
2026-07-15,CUS018,ST-0057,1,390,390
2026-07-15,CUS017,ST-0057,1,390,390
2026-07-15,CUS020,ST-0059,1,140,140
2026-07-15,CUS004,ST-0059,3,140,420
2026-07-15,CUS010,ST-0060,1,175,175
2026-07-16,CUS022,ST-0001,1,1390,1390
2026-07-16,CUS017,ST-0001,1,1390,1390
2026-07-16,CUS025,ST-0002,1,1950,1950
2026-07-16,CUS016,ST-0002,3,1950,5850
2026-07-16,CUS013,ST-0003,2,3090,6180
2026-07-16,CUS018,ST-0003,2,3090,6180
2026-07-16,CUS023,ST-0004,2,4890,9780
2026-07-16,CUS024,ST-0006,1,6350,6350
2026-07-16,CUS013,ST-0009,1,165,165
2026-07-16,CUS003,ST-0009,1,165,165
2026-07-16,CUS022,ST-0010,1,175,175
2026-07-16,CUS016,ST-0010,2,175,350
2026-07-16,CUS017,ST-0010,1,175,175
2026-07-16,CUS004,ST-0010,1,175,175
2026-07-16,CUS004,ST-0010,1,175,175
2026-07-16,CUS013,ST-0013,1,1290,1290
2026-07-16,CUS004,ST-0017,15,75,1125
2026-07-16,CUS013,ST-0018,1,95,95
2026-07-16,CUS004,ST-0018,5,95,475
2026-07-16,CUS014,ST-0018,1,95,95
2026-07-16,CUS022,ST-0019,1,145,145
2026-07-16,CUS025,ST-0019,2,145,290
2026-07-16,CUS005,ST-0019,2,145,290
2026-07-16,CUS002,ST-0020,4,199,796
2026-07-16,CUS006,ST-0020,4,199,796
2026-07-16,CUS020,ST-0021,3,315,945
2026-07-16,CUS023,ST-0022,1,360,360
2026-07-16,CUS007,ST-0024,1,990,990
2026-07-16,CUS019,ST-0024,1,990,990
2026-07-16,CUS005,ST-0025,1,420,420
2026-07-16,CUS012,ST-0025,1,420,420
2026-07-16,CUS001,ST-0026,14,58,812
2026-07-16,CUS014,ST-0026,1,58,58
2026-07-16,CUS013,ST-0027,1,78,78
2026-07-16,CUS013,ST-0027,1,78,78
2026-07-16,CUS014,ST-0027,1,78,78
2026-07-16,CUS021,ST-0027,2,78,156
2026-07-16,CUS021,ST-0027,3,78,234
2026-07-16,CUS009,ST-0027,9,78,702
2026-07-16,CUS016,ST-0028,20,11,220
2026-07-16,CUS021,ST-0028,5,11,55
2026-07-16,CUS002,ST-0028,2,11,22
2026-07-16,CUS010,ST-0029,9,16,144
2026-07-16,CUS001,ST-0029,5,16,80
2026-07-16,CUS010,ST-0029,4,16,64
2026-07-16,CUS009,ST-0030,7,52,364
2026-07-16,CUS011,ST-0031,2,45,90
2026-07-16,CUS002,ST-0032,1,66,66
2026-07-16,CUS012,ST-0032,1,66,66
2026-07-16,CUS009,ST-0032,2,66,132
2026-07-16,CUS023,ST-0032,1,66,66
2026-07-16,CUS017,ST-0033,1,85,85
2026-07-16,CUS025,ST-0035,1,38,38
2026-07-16,CUS022,ST-0035,8,38,304
2026-07-16,CUS001,ST-0035,8,38,304
2026-07-16,CUS012,ST-0035,4,38,152
2026-07-16,CUS010,ST-0035,17,38,646
2026-07-16,CUS002,ST-0036,6,75,450
2026-07-16,CUS016,ST-0036,5,75,375
2026-07-16,CUS008,ST-0037,2,88,176
2026-07-16,CUS007,ST-0037,7,88,616
2026-07-16,CUS020,ST-0037,1,88,88
2026-07-16,CUS008,ST-0037,7,88,616
2026-07-16,CUS022,ST-0037,9,88,792
2026-07-16,CUS002,ST-0038,1,145,145
2026-07-16,CUS017,ST-0038,1,145,145
2026-07-16,CUS024,ST-0039,2,215,430
2026-07-16,CUS008,ST-0039,2,215,430
2026-07-16,CUS006,ST-0040,1,52,52
2026-07-16,CUS006,ST-0041,8,55,440
2026-07-16,CUS002,ST-0042,1,82,82
2026-07-16,CUS003,ST-0042,2,82,164
2026-07-16,CUS003,ST-0042,1,82,82
2026-07-16,CUS006,ST-0042,1,82,82
2026-07-16,CUS012,ST-0043,1,105,105
2026-07-16,CUS001,ST-0043,1,105,105
2026-07-16,CUS010,ST-0044,2,450,900
2026-07-16,CUS015,ST-0046,1,15,15
2026-07-16,CUS006,ST-0046,1,15,15
2026-07-16,CUS018,ST-0046,1,15,15
2026-07-16,CUS021,ST-0047,4,16,64
2026-07-16,CUS021,ST-0047,38,16,608
2026-07-16,CUS013,ST-0048,1,16,16
2026-07-16,CUS013,ST-0048,7,16,112
2026-07-16,CUS006,ST-0048,1,16,16
2026-07-16,CUS003,ST-0049,5,70,350
2026-07-16,CUS013,ST-0050,3,85,255
2026-07-16,CUS009,ST-0051,5,55,275
2026-07-16,CUS018,ST-0052,1,45,45
2026-07-16,CUS023,ST-0052,1,45,45
2026-07-16,CUS015,ST-0053,3,40,120
2026-07-16,CUS013,ST-0053,1,40,40
2026-07-16,CUS001,ST-0053,2,40,80
2026-07-16,CUS017,ST-0053,1,40,40
2026-07-16,CUS013,ST-0056,2,65,130
2026-07-16,CUS013,ST-0056,3,65,195
2026-07-16,CUS024,ST-0057,3,390,1170
2026-07-16,CUS018,ST-0057,1,390,390
2026-07-16,CUS005,ST-0059,1,140,140
2026-07-16,CUS013,ST-0059,1,140,140
2026-07-17,CUS016,ST-0001,1,1390,1390
2026-07-17,CUS014,ST-0002,2,1950,3900
2026-07-17,CUS023,ST-0003,2,3090,6180
2026-07-17,CUS010,ST-0005,1,7290,7290
2026-07-17,CUS012,ST-0006,1,6350,6350
2026-07-17,CUS023,ST-0008,1,6150,6150
2026-07-17,CUS008,ST-0009,3,165,495
2026-07-17,CUS009,ST-0010,2,175,350
2026-07-17,CUS018,ST-0010,3,175,525
2026-07-17,CUS002,ST-0012,1,2150,2150
2026-07-17,CUS006,ST-0013,1,1290,1290
2026-07-17,CUS024,ST-0014,1,3150,3150
2026-07-17,CUS018,ST-0017,1,75,75
2026-07-17,CUS017,ST-0017,7,75,525
2026-07-17,CUS016,ST-0017,2,75,150
2026-07-17,CUS009,ST-0017,5,75,375
2026-07-17,CUS005,ST-0018,14,95,1330
2026-07-17,CUS017,ST-0018,2,95,190
2026-07-17,CUS010,ST-0018,1,95,95
2026-07-17,CUS008,ST-0019,1,145,145
2026-07-17,CUS022,ST-0019,1,145,145
2026-07-17,CUS014,ST-0019,1,145,145
2026-07-17,CUS017,ST-0019,1,145,145
2026-07-17,CUS021,ST-0019,1,145,145
2026-07-17,CUS012,ST-0020,1,199,199
2026-07-17,CUS023,ST-0020,3,199,597
2026-07-17,CUS021,ST-0020,1,199,199
2026-07-17,CUS024,ST-0021,1,315,315
2026-07-17,CUS010,ST-0021,2,315,630
2026-07-17,CUS020,ST-0022,1,360,360
2026-07-17,CUS008,ST-0025,1,420,420
2026-07-17,CUS010,ST-0025,1,420,420
2026-07-17,CUS014,ST-0025,1,420,420
2026-07-17,CUS001,ST-0025,1,420,420
2026-07-17,CUS019,ST-0026,8,58,464
2026-07-17,CUS023,ST-0026,1,58,58
2026-07-17,CUS015,ST-0026,5,58,290
2026-07-17,CUS022,ST-0026,7,58,406
2026-07-17,CUS008,ST-0027,6,78,468
2026-07-17,CUS013,ST-0027,3,78,234
2026-07-17,CUS025,ST-0027,3,78,234
2026-07-17,CUS013,ST-0028,6,11,66
2026-07-17,CUS019,ST-0028,18,11,198
2026-07-17,CUS001,ST-0029,6,16,96
2026-07-17,CUS003,ST-0029,2,16,32
2026-07-17,CUS022,ST-0029,1,16,16
2026-07-17,CUS023,ST-0029,6,16,96
2026-07-17,CUS016,ST-0029,4,16,64
2026-07-17,CUS025,ST-0030,4,52,208
2026-07-17,CUS016,ST-0031,3,45,135
2026-07-17,CUS006,ST-0031,2,45,90
2026-07-17,CUS019,ST-0031,5,45,225
2026-07-17,CUS012,ST-0032,5,66,330
2026-07-17,CUS003,ST-0034,1,590,590
2026-07-17,CUS006,ST-0035,4,38,152
2026-07-17,CUS024,ST-0035,15,38,570
2026-07-17,CUS004,ST-0035,10,38,380
2026-07-17,CUS001,ST-0035,2,38,76
2026-07-17,CUS025,ST-0035,3,38,114
2026-07-17,CUS021,ST-0035,2,38,76
2026-07-17,CUS016,ST-0036,1,75,75
2026-07-17,CUS005,ST-0036,5,75,375
2026-07-17,CUS008,ST-0036,1,75,75
2026-07-17,CUS012,ST-0036,3,75,225
2026-07-17,CUS006,ST-0037,6,88,528
2026-07-17,CUS009,ST-0037,13,88,1144
2026-07-17,CUS017,ST-0038,3,145,435
2026-07-17,CUS015,ST-0039,1,215,215
2026-07-17,CUS018,ST-0039,2,215,430
2026-07-17,CUS016,ST-0039,1,215,215
2026-07-17,CUS022,ST-0041,1,55,55
2026-07-17,CUS022,ST-0041,1,55,55
2026-07-17,CUS012,ST-0041,4,55,220
2026-07-17,CUS009,ST-0041,2,55,110
2026-07-17,CUS025,ST-0042,3,82,246
2026-07-17,CUS009,ST-0042,1,82,82
2026-07-17,CUS017,ST-0042,2,82,164
2026-07-17,CUS017,ST-0042,1,82,82
2026-07-17,CUS006,ST-0042,1,82,82
2026-07-17,CUS005,ST-0043,1,105,105
2026-07-17,CUS017,ST-0044,2,450,900
2026-07-17,CUS014,ST-0045,1,65,65
2026-07-17,CUS023,ST-0046,1,15,15
2026-07-17,CUS002,ST-0046,1,15,15
2026-07-17,CUS016,ST-0046,1,15,15
2026-07-17,CUS005,ST-0046,1,15,15
2026-07-17,CUS025,ST-0047,11,16,176
2026-07-17,CUS019,ST-0047,4,16,64
2026-07-17,CUS013,ST-0047,3,16,48
2026-07-17,CUS006,ST-0047,4,16,64
2026-07-17,CUS023,ST-0047,10,16,160
2026-07-17,CUS016,ST-0047,7,16,112
2026-07-17,CUS023,ST-0048,1,16,16
2026-07-17,CUS012,ST-0048,2,16,32
2026-07-17,CUS023,ST-0048,1,16,16
2026-07-17,CUS009,ST-0048,1,16,16
2026-07-17,CUS014,ST-0048,2,16,32
2026-07-17,CUS016,ST-0049,2,70,140
2026-07-17,CUS010,ST-0049,1,70,70
2026-07-17,CUS024,ST-0049,1,70,70
2026-07-17,CUS024,ST-0049,3,70,210
2026-07-17,CUS005,ST-0050,2,85,170
2026-07-17,CUS016,ST-0050,3,85,255
2026-07-17,CUS003,ST-0051,5,55,275
2026-07-17,CUS004,ST-0051,1,55,55
2026-07-17,CUS005,ST-0052,1,45,45
2026-07-17,CUS005,ST-0052,2,45,90
2026-07-17,CUS014,ST-0053,2,40,80
2026-07-17,CUS012,ST-0056,1,65,65
2026-07-17,CUS012,ST-0056,1,65,65
2026-07-17,CUS023,ST-0056,1,65,65
2026-07-17,CUS008,ST-0057,2,390,780
2026-07-17,CUS023,ST-0057,1,390,390
2026-07-17,CUS017,ST-0058,1,260,260
2026-07-17,CUS006,ST-0060,1,175,175
2026-07-18,CUS016,ST-0001,1,1390,1390
2026-07-18,CUS013,ST-0002,1,1950,1950
2026-07-18,CUS010,ST-0003,1,3090,3090
2026-07-18,CUS008,ST-0006,1,6350,6350
2026-07-18,CUS011,ST-0009,4,165,660
2026-07-18,CUS005,ST-0009,1,165,165
2026-07-18,CUS002,ST-0010,2,175,350
2026-07-18,CUS019,ST-0010,1,175,175
2026-07-18,CUS021,ST-0010,2,175,350
2026-07-18,CUS025,ST-0011,1,560,560
2026-07-18,CUS005,ST-0011,1,560,560
2026-07-18,CUS020,ST-0011,1,560,560
2026-07-18,CUS008,ST-0014,1,3150,3150
2026-07-18,CUS012,ST-0016,1,1190,1190
2026-07-18,CUS003,ST-0017,10,75,750
2026-07-18,CUS014,ST-0017,4,75,300
2026-07-18,CUS014,ST-0018,1,95,95
2026-07-18,CUS009,ST-0018,1,95,95
2026-07-18,CUS016,ST-0018,6,95,570
2026-07-18,CUS021,ST-0018,1,95,95
2026-07-18,CUS013,ST-0018,3,95,285
2026-07-18,CUS005,ST-0019,3,145,435
2026-07-18,CUS015,ST-0020,1,199,199
2026-07-18,CUS024,ST-0020,1,199,199
2026-07-18,CUS017,ST-0020,1,199,199
2026-07-18,CUS013,ST-0020,1,199,199
2026-07-18,CUS010,ST-0020,1,199,199
2026-07-18,CUS008,ST-0020,1,199,199
2026-07-18,CUS006,ST-0020,5,199,995
2026-07-18,CUS017,ST-0020,1,199,199
2026-07-18,CUS006,ST-0021,2,315,630
2026-07-18,CUS006,ST-0021,1,315,315
2026-07-18,CUS016,ST-0022,1,360,360
2026-07-18,CUS012,ST-0022,1,360,360
2026-07-18,CUS009,ST-0022,1,360,360
2026-07-18,CUS022,ST-0023,1,890,890
2026-07-18,CUS024,ST-0026,2,58,116
2026-07-18,CUS010,ST-0026,3,58,174
2026-07-18,CUS003,ST-0026,4,58,232
2026-07-18,CUS022,ST-0026,14,58,812
2026-07-18,CUS025,ST-0026,3,58,174
2026-07-18,CUS019,ST-0027,2,78,156
2026-07-18,CUS024,ST-0027,1,78,78
2026-07-18,CUS023,ST-0027,3,78,234
2026-07-18,CUS001,ST-0027,8,78,624
2026-07-18,CUS016,ST-0028,18,11,198
2026-07-18,CUS010,ST-0028,3,11,33
2026-07-18,CUS006,ST-0029,2,16,32
2026-07-18,CUS012,ST-0029,8,16,128
2026-07-18,CUS021,ST-0029,4,16,64
2026-07-18,CUS021,ST-0030,10,52,520
2026-07-18,CUS010,ST-0031,9,45,405
2026-07-18,CUS016,ST-0031,2,45,90
2026-07-18,CUS021,ST-0031,1,45,45
2026-07-18,CUS007,ST-0032,2,66,132
2026-07-18,CUS008,ST-0032,1,66,66
2026-07-18,CUS018,ST-0032,2,66,132
2026-07-18,CUS018,ST-0032,2,66,132
2026-07-18,CUS012,ST-0033,1,85,85
2026-07-18,CUS008,ST-0033,1,85,85
2026-07-18,CUS004,ST-0033,1,85,85
2026-07-18,CUS004,ST-0035,15,38,570
2026-07-18,CUS018,ST-0035,2,38,76
2026-07-18,CUS006,ST-0035,11,38,418
2026-07-18,CUS014,ST-0035,13,38,494
2026-07-18,CUS016,ST-0036,7,75,525
2026-07-18,CUS025,ST-0037,2,88,176
2026-07-18,CUS008,ST-0037,9,88,792
2026-07-18,CUS018,ST-0037,5,88,440
2026-07-18,CUS020,ST-0038,2,145,290
2026-07-18,CUS003,ST-0038,2,145,290
2026-07-18,CUS013,ST-0039,2,215,430
2026-07-18,CUS015,ST-0040,1,52,52
2026-07-18,CUS012,ST-0041,4,55,220
2026-07-18,CUS016,ST-0042,1,82,82
2026-07-18,CUS013,ST-0042,1,82,82
2026-07-18,CUS017,ST-0042,1,82,82
2026-07-18,CUS014,ST-0042,1,82,82
2026-07-18,CUS017,ST-0042,2,82,164
2026-07-18,CUS019,ST-0043,1,105,105
2026-07-18,CUS005,ST-0045,2,65,130
2026-07-18,CUS003,ST-0046,1,15,15
2026-07-18,CUS008,ST-0046,1,15,15
2026-07-18,CUS020,ST-0046,2,15,30
2026-07-18,CUS017,ST-0046,2,15,30
2026-07-18,CUS011,ST-0047,13,16,208
2026-07-18,CUS004,ST-0047,8,16,128
2026-07-18,CUS008,ST-0047,7,16,112
2026-07-18,CUS012,ST-0048,2,16,32
2026-07-18,CUS014,ST-0048,2,16,32
2026-07-18,CUS005,ST-0049,3,70,210
2026-07-18,CUS024,ST-0049,1,70,70
2026-07-18,CUS009,ST-0050,3,85,255
2026-07-18,CUS012,ST-0050,2,85,170
2026-07-18,CUS012,ST-0050,5,85,425
2026-07-18,CUS014,ST-0051,3,55,165
2026-07-18,CUS014,ST-0051,5,55,275
2026-07-18,CUS017,ST-0051,1,55,55
2026-07-18,CUS009,ST-0052,1,45,45
2026-07-18,CUS009,ST-0052,1,45,45
2026-07-18,CUS025,ST-0052,1,45,45
2026-07-18,CUS016,ST-0052,5,45,225
2026-07-18,CUS021,ST-0053,2,40,80
2026-07-18,CUS025,ST-0054,1,240,240
2026-07-18,CUS023,ST-0055,1,210,210
2026-07-18,CUS014,ST-0055,1,210,210
2026-07-18,CUS003,ST-0056,2,65,130
2026-07-18,CUS013,ST-0057,1,390,390
2026-07-18,CUS017,ST-0058,1,260,260
2026-07-18,CUS023,ST-0060,2,175,350
2026-07-20,CUS021,ST-0002,3,1950,5850
2026-07-20,CUS001,ST-0003,1,3090,3090
2026-07-20,CUS004,ST-0003,3,3090,9270
2026-07-20,CUS015,ST-0003,1,3090,3090
2026-07-20,CUS006,ST-0004,1,4890,4890
2026-07-20,CUS005,ST-0005,1,7290,7290
2026-07-20,CUS008,ST-0005,1,7290,7290
2026-07-20,CUS014,ST-0005,1,7290,7290
2026-07-20,CUS005,ST-0009,4,165,660
2026-07-20,CUS024,ST-0010,1,175,175
2026-07-20,CUS022,ST-0010,5,175,875
2026-07-20,CUS003,ST-0015,1,1750,1750
2026-07-20,CUS010,ST-0017,4,75,300
2026-07-20,CUS025,ST-0017,1,75,75
2026-07-20,CUS009,ST-0017,3,75,225
2026-07-20,CUS002,ST-0017,7,75,525
2026-07-20,CUS022,ST-0018,1,95,95
2026-07-20,CUS001,ST-0018,4,95,380
2026-07-20,CUS004,ST-0018,3,95,285
2026-07-20,CUS002,ST-0018,2,95,190
2026-07-20,CUS021,ST-0019,1,145,145
2026-07-20,CUS005,ST-0019,2,145,290
2026-07-20,CUS006,ST-0020,2,199,398
2026-07-20,CUS010,ST-0020,4,199,796
2026-07-20,CUS001,ST-0021,1,315,315
2026-07-20,CUS011,ST-0022,1,360,360
2026-07-20,CUS020,ST-0022,1,360,360
2026-07-20,CUS012,ST-0025,1,420,420
2026-07-20,CUS021,ST-0026,2,58,116
2026-07-20,CUS017,ST-0026,13,58,754
2026-07-20,CUS018,ST-0026,3,58,174
2026-07-20,CUS016,ST-0026,2,58,116
2026-07-20,CUS018,ST-0027,9,78,702
2026-07-20,CUS019,ST-0027,3,78,234
2026-07-20,CUS022,ST-0028,16,11,176
2026-07-20,CUS008,ST-0028,13,11,143
2026-07-20,CUS017,ST-0029,12,16,192
2026-07-20,CUS006,ST-0029,7,16,112
2026-07-20,CUS004,ST-0030,4,52,208
2026-07-20,CUS017,ST-0030,5,52,260
2026-07-20,CUS025,ST-0031,2,45,90
2026-07-20,CUS010,ST-0031,3,45,135
2026-07-20,CUS012,ST-0031,2,45,90
2026-07-20,CUS018,ST-0032,3,66,198
2026-07-20,CUS002,ST-0033,2,85,170
2026-07-20,CUS005,ST-0035,19,38,722
2026-07-20,CUS022,ST-0035,11,38,418
2026-07-20,CUS008,ST-0035,12,38,456
2026-07-20,CUS020,ST-0036,8,75,600
2026-07-20,CUS018,ST-0036,2,75,150
2026-07-20,CUS013,ST-0037,6,88,528
2026-07-20,CUS014,ST-0037,6,88,528
2026-07-20,CUS023,ST-0037,1,88,88
2026-07-20,CUS022,ST-0038,1,145,145
2026-07-20,CUS025,ST-0039,1,215,215
2026-07-20,CUS018,ST-0040,1,52,52
2026-07-20,CUS017,ST-0040,1,52,52
2026-07-20,CUS012,ST-0040,1,52,52
2026-07-20,CUS005,ST-0041,3,55,165
2026-07-20,CUS009,ST-0041,2,55,110
2026-07-20,CUS011,ST-0041,1,55,55
2026-07-20,CUS021,ST-0042,1,82,82
2026-07-20,CUS018,ST-0042,3,82,246
2026-07-20,CUS020,ST-0042,1,82,82
2026-07-20,CUS014,ST-0042,1,82,82
2026-07-20,CUS013,ST-0043,1,105,105
2026-07-20,CUS009,ST-0043,1,105,105
2026-07-20,CUS021,ST-0043,2,105,210
2026-07-20,CUS022,ST-0046,2,15,30
2026-07-20,CUS009,ST-0046,2,15,30
2026-07-20,CUS009,ST-0046,1,15,15
2026-07-20,CUS005,ST-0046,1,15,15
2026-07-20,CUS006,ST-0047,15,16,240
2026-07-20,CUS006,ST-0047,16,16,256
2026-07-20,CUS005,ST-0048,3,16,48
2026-07-20,CUS010,ST-0048,3,16,48
2026-07-20,CUS023,ST-0048,2,16,32
2026-07-20,CUS008,ST-0048,2,16,32
2026-07-20,CUS002,ST-0049,3,70,210
2026-07-20,CUS009,ST-0049,3,70,210
2026-07-20,CUS009,ST-0050,4,85,340
2026-07-20,CUS025,ST-0050,6,85,510
2026-07-20,CUS025,ST-0051,1,55,55
2026-07-20,CUS012,ST-0051,3,55,165
2026-07-20,CUS023,ST-0051,2,55,110
2026-07-20,CUS024,ST-0052,1,45,45
2026-07-20,CUS007,ST-0052,1,45,45
2026-07-20,CUS020,ST-0054,1,240,240
2026-07-20,CUS013,ST-0056,2,65,130
2026-07-20,CUS020,ST-0056,3,65,195
2026-07-20,CUS019,ST-0057,1,390,390
2026-07-20,CUS020,ST-0057,1,390,390
2026-07-20,CUS002,ST-0057,1,390,390
2026-07-20,CUS025,ST-0059,2,140,280
2026-07-21,CUS003,ST-0001,1,1390,1390
2026-07-21,CUS018,ST-0001,1,1390,1390
2026-07-21,CUS005,ST-0002,1,1950,1950
2026-07-21,CUS007,ST-0002,1,1950,1950
2026-07-21,CUS008,ST-0002,1,1950,1950
2026-07-21,CUS009,ST-0002,2,1950,3900
2026-07-21,CUS003,ST-0003,1,3090,3090
2026-07-21,CUS014,ST-0004,1,4890,4890
2026-07-21,CUS009,ST-0007,1,2250,2250
2026-07-21,CUS010,ST-0008,1,6150,6150
2026-07-21,CUS017,ST-0009,1,165,165
2026-07-21,CUS010,ST-0009,1,165,165
2026-07-21,CUS012,ST-0009,3,165,495
2026-07-21,CUS017,ST-0010,3,175,525
2026-07-21,CUS005,ST-0010,1,175,175
2026-07-21,CUS006,ST-0010,1,175,175
2026-07-21,CUS016,ST-0010,2,175,350
2026-07-21,CUS012,ST-0010,3,175,525
2026-07-21,CUS022,ST-0010,1,175,175
2026-07-21,CUS007,ST-0011,1,560,560
2026-07-21,CUS025,ST-0011,1,560,560
2026-07-21,CUS002,ST-0012,1,2150,2150
2026-07-21,CUS019,ST-0014,1,3150,3150
2026-07-21,CUS017,ST-0015,1,1750,1750
2026-07-21,CUS022,ST-0017,2,75,150
2026-07-21,CUS003,ST-0017,16,75,1200
2026-07-21,CUS019,ST-0017,2,75,150
2026-07-21,CUS009,ST-0018,4,95,380
2026-07-21,CUS021,ST-0018,1,95,95
2026-07-21,CUS006,ST-0019,1,145,145
2026-07-21,CUS005,ST-0019,1,145,145
2026-07-21,CUS009,ST-0019,2,145,290
2026-07-21,CUS013,ST-0019,1,145,145
2026-07-21,CUS023,ST-0020,4,199,796
2026-07-21,CUS023,ST-0020,1,199,199
2026-07-21,CUS023,ST-0021,1,315,315
2026-07-21,CUS004,ST-0021,1,315,315
2026-07-21,CUS018,ST-0022,3,360,1080
2026-07-21,CUS023,ST-0024,1,990,990
2026-07-21,CUS021,ST-0026,1,58,58
2026-07-21,CUS014,ST-0026,2,58,116
2026-07-21,CUS019,ST-0026,11,58,638
2026-07-21,CUS013,ST-0027,1,78,78
2026-07-21,CUS013,ST-0027,1,78,78
2026-07-21,CUS002,ST-0027,3,78,234
2026-07-21,CUS002,ST-0027,6,78,468
2026-07-21,CUS002,ST-0027,1,78,78
2026-07-21,CUS012,ST-0028,21,11,231
2026-07-21,CUS016,ST-0028,4,11,44
2026-07-21,CUS023,ST-0029,9,16,144
2026-07-21,CUS001,ST-0029,1,16,16
2026-07-21,CUS001,ST-0030,6,52,312
2026-07-21,CUS013,ST-0031,8,45,360
2026-07-21,CUS012,ST-0031,2,45,90
2026-07-21,CUS005,ST-0032,3,66,198
2026-07-21,CUS012,ST-0032,1,66,66
2026-07-21,CUS002,ST-0032,1,66,66
2026-07-21,CUS016,ST-0033,1,85,85
2026-07-21,CUS011,ST-0033,2,85,170
2026-07-21,CUS018,ST-0035,22,38,836
2026-07-21,CUS013,ST-0035,15,38,570
2026-07-21,CUS020,ST-0035,9,38,342
2026-07-21,CUS023,ST-0036,4,75,300
2026-07-21,CUS008,ST-0037,10,88,880
2026-07-21,CUS004,ST-0037,3,88,264
2026-07-21,CUS016,ST-0038,3,145,435
2026-07-21,CUS008,ST-0038,1,145,145
2026-07-21,CUS002,ST-0039,4,215,860
2026-07-21,CUS020,ST-0040,1,52,52
2026-07-21,CUS013,ST-0041,4,55,220
2026-07-21,CUS009,ST-0041,1,55,55
2026-07-21,CUS016,ST-0042,2,82,164
2026-07-21,CUS024,ST-0043,1,105,105
2026-07-21,CUS021,ST-0045,1,65,65
2026-07-21,CUS023,ST-0046,1,15,15
2026-07-21,CUS009,ST-0046,1,15,15
2026-07-21,CUS017,ST-0046,4,15,60
2026-07-21,CUS008,ST-0046,3,15,45
2026-07-21,CUS008,ST-0047,2,16,32
2026-07-21,CUS012,ST-0047,14,16,224
2026-07-21,CUS021,ST-0047,10,16,160
2026-07-21,CUS005,ST-0048,1,16,16
2026-07-21,CUS015,ST-0048,1,16,16
2026-07-21,CUS002,ST-0048,1,16,16
2026-07-21,CUS018,ST-0048,2,16,32
2026-07-21,CUS009,ST-0049,3,70,210
2026-07-21,CUS016,ST-0049,1,70,70
2026-07-21,CUS004,ST-0049,2,70,140
2026-07-21,CUS018,ST-0050,2,85,170
2026-07-21,CUS016,ST-0050,1,85,85
2026-07-21,CUS021,ST-0050,3,85,255
2026-07-21,CUS025,ST-0051,1,55,55
2026-07-21,CUS023,ST-0051,3,55,165
2026-07-21,CUS005,ST-0051,1,55,55
2026-07-21,CUS020,ST-0051,1,55,55
2026-07-21,CUS022,ST-0051,2,55,110
2026-07-21,CUS011,ST-0052,2,45,90
2026-07-21,CUS006,ST-0052,1,45,45
2026-07-21,CUS023,ST-0053,2,40,80
2026-07-21,CUS019,ST-0056,2,65,130
2026-07-21,CUS017,ST-0056,1,65,65
2026-07-21,CUS023,ST-0057,2,390,780
2026-07-21,CUS016,ST-0057,2,390,780
2026-07-21,CUS009,ST-0058,1,260,260
2026-07-21,CUS013,ST-0059,1,140,140
2026-07-21,CUS019,ST-0059,1,140,140
2026-07-22,CUS021,ST-0001,3,1390,4170
2026-07-22,CUS010,ST-0002,4,1950,7800
2026-07-22,CUS009,ST-0003,1,3090,3090
2026-07-22,CUS021,ST-0003,3,3090,9270
2026-07-22,CUS001,ST-0005,1,7290,7290
2026-07-22,CUS016,ST-0009,2,165,330
2026-07-22,CUS012,ST-0009,2,165,330
2026-07-22,CUS013,ST-0010,2,175,350
2026-07-22,CUS006,ST-0010,2,175,350
2026-07-22,CUS025,ST-0010,3,175,525
2026-07-22,CUS016,ST-0011,1,560,560
2026-07-22,CUS010,ST-0013,1,1290,1290
2026-07-22,CUS023,ST-0017,4,75,300
2026-07-22,CUS004,ST-0017,3,75,225
2026-07-22,CUS014,ST-0017,5,75,375
2026-07-22,CUS023,ST-0017,13,75,975
2026-07-22,CUS009,ST-0018,5,95,475
2026-07-22,CUS014,ST-0018,5,95,475
2026-07-22,CUS021,ST-0019,1,145,145
2026-07-22,CUS024,ST-0019,2,145,290
2026-07-22,CUS008,ST-0019,1,145,145
2026-07-22,CUS008,ST-0020,1,199,199
2026-07-22,CUS017,ST-0020,2,199,398
2026-07-22,CUS010,ST-0020,5,199,995
2026-07-22,CUS012,ST-0021,1,315,315
2026-07-22,CUS024,ST-0021,1,315,315
2026-07-22,CUS006,ST-0021,1,315,315
2026-07-22,CUS001,ST-0022,1,360,360
2026-07-22,CUS009,ST-0022,1,360,360
2026-07-22,CUS001,ST-0024,1,990,990
2026-07-22,CUS016,ST-0025,1,420,420
2026-07-22,CUS002,ST-0026,5,58,290
2026-07-22,CUS002,ST-0026,5,58,290
2026-07-22,CUS021,ST-0026,7,58,406
2026-07-22,CUS017,ST-0027,1,78,78
2026-07-22,CUS017,ST-0027,6,78,468
2026-07-22,CUS013,ST-0028,5,11,55
2026-07-22,CUS002,ST-0028,13,11,143
2026-07-22,CUS012,ST-0029,5,16,80
2026-07-22,CUS025,ST-0029,9,16,144
2026-07-22,CUS020,ST-0029,2,16,32
2026-07-22,CUS017,ST-0030,1,52,52
2026-07-22,CUS015,ST-0030,2,52,104
2026-07-22,CUS012,ST-0030,4,52,208
2026-07-22,CUS022,ST-0031,5,45,225
2026-07-22,CUS013,ST-0032,2,66,132
2026-07-22,CUS008,ST-0032,4,66,264
2026-07-22,CUS022,ST-0033,3,85,255
2026-07-22,CUS024,ST-0033,1,85,85
2026-07-22,CUS010,ST-0033,1,85,85
2026-07-22,CUS018,ST-0035,10,38,380
2026-07-22,CUS018,ST-0035,3,38,114
2026-07-22,CUS002,ST-0035,15,38,570
2026-07-22,CUS020,ST-0036,2,75,150
2026-07-22,CUS008,ST-0036,3,75,225
2026-07-22,CUS021,ST-0036,1,75,75
2026-07-22,CUS008,ST-0036,1,75,75
2026-07-22,CUS009,ST-0037,6,88,528
2026-07-22,CUS012,ST-0037,4,88,352
2026-07-22,CUS005,ST-0037,1,88,88
2026-07-22,CUS010,ST-0038,2,145,290
2026-07-22,CUS009,ST-0038,1,145,145
2026-07-22,CUS021,ST-0038,2,145,290
2026-07-22,CUS009,ST-0039,2,215,430
2026-07-22,CUS019,ST-0039,4,215,860
2026-07-22,CUS021,ST-0041,1,55,55
2026-07-22,CUS021,ST-0041,1,55,55
2026-07-22,CUS018,ST-0041,1,55,55
2026-07-22,CUS012,ST-0041,1,55,55
2026-07-22,CUS013,ST-0041,1,55,55
2026-07-22,CUS003,ST-0041,1,55,55
2026-07-22,CUS024,ST-0041,1,55,55
2026-07-22,CUS003,ST-0042,3,82,246
2026-07-22,CUS010,ST-0043,1,105,105
2026-07-22,CUS019,ST-0043,2,105,210
2026-07-22,CUS017,ST-0044,1,450,450
2026-07-22,CUS013,ST-0045,3,65,195
2026-07-22,CUS018,ST-0045,1,65,65
2026-07-22,CUS019,ST-0045,1,65,65
2026-07-22,CUS008,ST-0046,1,15,15
2026-07-22,CUS021,ST-0046,3,15,45
2026-07-22,CUS007,ST-0047,23,16,368
2026-07-22,CUS016,ST-0047,2,16,32
2026-07-22,CUS010,ST-0047,6,16,96
2026-07-22,CUS016,ST-0047,3,16,48
2026-07-22,CUS002,ST-0048,3,16,48
2026-07-22,CUS002,ST-0048,1,16,16
2026-07-22,CUS008,ST-0048,3,16,48
2026-07-22,CUS021,ST-0048,1,16,16
2026-07-22,CUS012,ST-0049,4,70,280
2026-07-22,CUS013,ST-0050,1,85,85
2026-07-22,CUS010,ST-0050,4,85,340
2026-07-22,CUS013,ST-0051,4,55,220
2026-07-22,CUS021,ST-0051,2,55,110
2026-07-22,CUS003,ST-0052,1,45,45
2026-07-22,CUS013,ST-0053,1,40,40
2026-07-22,CUS023,ST-0054,1,240,240
2026-07-22,CUS018,ST-0056,1,65,65
2026-07-22,CUS002,ST-0056,1,65,65
2026-07-22,CUS024,ST-0057,1,390,390
2026-07-22,CUS001,ST-0057,1,390,390
2026-07-22,CUS005,ST-0057,1,390,390
2026-07-22,CUS014,ST-0058,1,260,260
2026-07-22,CUS002,ST-0059,1,140,140
2026-07-22,CUS008,ST-0059,2,140,280
2026-07-23,CUS001,ST-0001,1,1390,1390
2026-07-23,CUS007,ST-0002,2,1950,3900
2026-07-23,CUS006,ST-0002,2,1950,3900
2026-07-23,CUS014,ST-0003,2,3090,6180
2026-07-23,CUS017,ST-0004,1,4890,4890
2026-07-23,CUS025,ST-0006,1,6350,6350
2026-07-23,CUS009,ST-0009,2,165,330
2026-07-23,CUS006,ST-0009,3,165,495
2026-07-23,CUS010,ST-0009,1,165,165
2026-07-23,CUS013,ST-0010,1,175,175
2026-07-23,CUS016,ST-0010,2,175,350
2026-07-23,CUS014,ST-0010,4,175,700
2026-07-23,CUS020,ST-0010,3,175,525
2026-07-23,CUS022,ST-0015,1,1750,1750
2026-07-23,CUS012,ST-0016,1,1190,1190
2026-07-23,CUS025,ST-0017,2,75,150
2026-07-23,CUS009,ST-0017,8,75,600
2026-07-23,CUS008,ST-0017,7,75,525
2026-07-23,CUS017,ST-0017,2,75,150
2026-07-23,CUS016,ST-0017,3,75,225
2026-07-23,CUS007,ST-0018,4,95,380
2026-07-23,CUS017,ST-0018,2,95,190
2026-07-23,CUS023,ST-0018,5,95,475
2026-07-23,CUS007,ST-0019,1,145,145
2026-07-23,CUS003,ST-0019,1,145,145
2026-07-23,CUS014,ST-0019,1,145,145
2026-07-23,CUS002,ST-0019,2,145,290
2026-07-23,CUS012,ST-0020,2,199,398
2026-07-23,CUS004,ST-0020,1,199,199
2026-07-23,CUS020,ST-0020,8,199,1592
2026-07-23,CUS015,ST-0026,13,58,754
2026-07-23,CUS005,ST-0026,4,58,232
2026-07-23,CUS007,ST-0027,3,78,234
2026-07-23,CUS006,ST-0027,5,78,390
2026-07-23,CUS013,ST-0028,6,11,66
2026-07-23,CUS012,ST-0028,3,11,33
2026-07-23,CUS004,ST-0028,1,11,11
2026-07-23,CUS022,ST-0028,13,11,143
2026-07-23,CUS005,ST-0028,1,11,11
2026-07-23,CUS012,ST-0029,5,16,80
2026-07-23,CUS012,ST-0029,5,16,80
2026-07-23,CUS009,ST-0029,3,16,48
2026-07-23,CUS023,ST-0029,3,16,48
2026-07-23,CUS010,ST-0030,1,52,52
2026-07-23,CUS006,ST-0030,5,52,260
2026-07-23,CUS004,ST-0031,2,45,90
2026-07-23,CUS023,ST-0031,1,45,45
2026-07-23,CUS011,ST-0031,1,45,45
2026-07-23,CUS002,ST-0031,2,45,90
2026-07-23,CUS001,ST-0032,7,66,462
2026-07-23,CUS016,ST-0032,1,66,66
2026-07-23,CUS020,ST-0032,1,66,66
2026-07-23,CUS005,ST-0033,1,85,85
2026-07-23,CUS005,ST-0033,2,85,170
2026-07-23,CUS009,ST-0033,1,85,85
2026-07-23,CUS025,ST-0035,28,38,1064
2026-07-23,CUS003,ST-0035,12,38,456
2026-07-23,CUS015,ST-0036,6,75,450
2026-07-23,CUS004,ST-0036,2,75,150
2026-07-23,CUS003,ST-0037,3,88,264
2026-07-23,CUS009,ST-0037,10,88,880
2026-07-23,CUS025,ST-0038,5,145,725
2026-07-23,CUS002,ST-0038,1,145,145
2026-07-23,CUS003,ST-0039,2,215,430
2026-07-23,CUS013,ST-0040,1,52,52
2026-07-23,CUS023,ST-0041,5,55,275
2026-07-23,CUS012,ST-0041,3,55,165
2026-07-23,CUS018,ST-0042,3,82,246
2026-07-23,CUS017,ST-0042,1,82,82
2026-07-23,CUS020,ST-0042,1,82,82
2026-07-23,CUS016,ST-0042,1,82,82
2026-07-23,CUS006,ST-0042,1,82,82
2026-07-23,CUS021,ST-0045,1,65,65
2026-07-23,CUS018,ST-0046,4,15,60
2026-07-23,CUS006,ST-0046,2,15,30
2026-07-23,CUS004,ST-0047,4,16,64
2026-07-23,CUS021,ST-0047,27,16,432
2026-07-23,CUS007,ST-0047,3,16,48
2026-07-23,CUS020,ST-0048,8,16,128
2026-07-23,CUS002,ST-0048,2,16,32
2026-07-23,CUS013,ST-0049,5,70,350
2026-07-23,CUS016,ST-0050,3,85,255
2026-07-23,CUS022,ST-0050,1,85,85
2026-07-23,CUS002,ST-0050,3,85,255
2026-07-23,CUS012,ST-0051,1,55,55
2026-07-23,CUS008,ST-0051,6,55,330
2026-07-23,CUS005,ST-0052,1,45,45
2026-07-23,CUS003,ST-0052,3,45,135
2026-07-23,CUS001,ST-0053,1,40,40
2026-07-23,CUS008,ST-0054,1,240,240
2026-07-23,CUS022,ST-0054,1,240,240
2026-07-23,CUS016,ST-0054,1,240,240
2026-07-23,CUS008,ST-0056,1,65,65
2026-07-23,CUS009,ST-0056,1,65,65
2026-07-23,CUS012,ST-0056,2,65,130
2026-07-23,CUS024,ST-0056,1,65,65
2026-07-23,CUS012,ST-0057,2,390,780
2026-07-23,CUS002,ST-0057,1,390,390
2026-07-23,CUS023,ST-0057,1,390,390
2026-07-23,CUS025,ST-0057,1,390,390
2026-07-23,CUS018,ST-0057,1,390,390
2026-07-23,CUS009,ST-0057,1,390,390
2026-07-23,CUS017,ST-0059,2,140,280
2026-07-23,CUS008,ST-0059,1,140,140
2026-07-23,CUS010,ST-0060,1,175,175
2026-07-23,CUS002,ST-0060,1,175,175
2026-07-24,CUS025,ST-0001,2,1390,2780
2026-07-24,CUS022,ST-0001,1,1390,1390
2026-07-24,CUS007,ST-0002,1,1950,1950
2026-07-24,CUS023,ST-0002,1,1950,1950
2026-07-24,CUS002,ST-0002,1,1950,1950
2026-07-24,CUS013,ST-0002,2,1950,3900
2026-07-24,CUS008,ST-0002,1,1950,1950
2026-07-24,CUS005,ST-0002,1,1950,1950
2026-07-24,CUS001,ST-0002,1,1950,1950
2026-07-24,CUS009,ST-0002,1,1950,1950
2026-07-24,CUS020,ST-0003,1,3090,3090
2026-07-24,CUS008,ST-0006,1,6350,6350
2026-07-24,CUS014,ST-0006,1,6350,6350
2026-07-24,CUS020,ST-0007,1,2250,2250
2026-07-24,CUS015,ST-0009,6,165,990
2026-07-24,CUS008,ST-0010,7,175,1225
2026-07-24,CUS022,ST-0010,1,175,175
2026-07-24,CUS001,ST-0011,1,560,560
2026-07-24,CUS006,ST-0011,1,560,560
2026-07-24,CUS023,ST-0016,1,1190,1190
2026-07-24,CUS012,ST-0017,3,75,225
2026-07-24,CUS007,ST-0017,5,75,375
2026-07-24,CUS003,ST-0017,10,75,750
2026-07-24,CUS025,ST-0018,5,95,475
2026-07-24,CUS017,ST-0018,1,95,95
2026-07-24,CUS004,ST-0018,1,95,95
2026-07-24,CUS024,ST-0018,2,95,190
2026-07-24,CUS005,ST-0019,3,145,435
2026-07-24,CUS005,ST-0020,5,199,995
2026-07-24,CUS014,ST-0020,1,199,199
2026-07-24,CUS001,ST-0020,3,199,597
2026-07-24,CUS004,ST-0021,1,315,315
2026-07-24,CUS021,ST-0021,1,315,315
2026-07-24,CUS013,ST-0021,1,315,315
2026-07-24,CUS022,ST-0022,1,360,360
2026-07-24,CUS020,ST-0023,1,890,890
2026-07-24,CUS025,ST-0025,2,420,840
2026-07-24,CUS022,ST-0025,1,420,420
2026-07-24,CUS009,ST-0026,6,58,348
2026-07-24,CUS003,ST-0026,1,58,58
2026-07-24,CUS014,ST-0026,7,58,406
2026-07-24,CUS003,ST-0027,12,78,936
2026-07-24,CUS015,ST-0028,1,11,11
2026-07-24,CUS002,ST-0028,5,11,55
2026-07-24,CUS020,ST-0028,16,11,176
2026-07-24,CUS023,ST-0028,1,11,11
2026-07-24,CUS018,ST-0028,3,11,33
2026-07-24,CUS023,ST-0029,1,16,16
2026-07-24,CUS021,ST-0029,4,16,64
2026-07-24,CUS003,ST-0029,2,16,32
2026-07-24,CUS024,ST-0029,8,16,128
2026-07-24,CUS018,ST-0030,7,52,364
2026-07-24,CUS017,ST-0030,1,52,52
2026-07-24,CUS011,ST-0030,1,52,52
2026-07-24,CUS025,ST-0031,2,45,90
2026-07-24,CUS015,ST-0031,2,45,90
2026-07-24,CUS016,ST-0031,7,45,315
2026-07-24,CUS003,ST-0032,2,66,132
2026-07-24,CUS019,ST-0032,1,66,66
2026-07-24,CUS018,ST-0033,1,85,85
2026-07-24,CUS007,ST-0033,1,85,85
2026-07-24,CUS002,ST-0033,1,85,85
2026-07-24,CUS025,ST-0033,1,85,85
2026-07-24,CUS012,ST-0035,1,38,38
2026-07-24,CUS023,ST-0035,1,38,38
2026-07-24,CUS012,ST-0035,6,38,228
2026-07-24,CUS011,ST-0035,18,38,684
2026-07-24,CUS009,ST-0036,5,75,375
2026-07-24,CUS012,ST-0036,1,75,75
2026-07-24,CUS024,ST-0037,5,88,440
2026-07-24,CUS024,ST-0037,1,88,88
2026-07-24,CUS018,ST-0037,3,88,264
2026-07-24,CUS014,ST-0038,5,145,725
2026-07-24,CUS016,ST-0039,3,215,645
2026-07-24,CUS014,ST-0039,1,215,215
2026-07-24,CUS013,ST-0039,1,215,215
2026-07-24,CUS005,ST-0041,4,55,220
2026-07-24,CUS018,ST-0041,1,55,55
2026-07-24,CUS014,ST-0042,1,82,82
2026-07-24,CUS012,ST-0042,1,82,82
2026-07-24,CUS007,ST-0042,1,82,82
2026-07-24,CUS009,ST-0042,2,82,164
2026-07-24,CUS006,ST-0043,1,105,105
2026-07-24,CUS012,ST-0046,2,15,30
2026-07-24,CUS019,ST-0046,1,15,15
2026-07-24,CUS014,ST-0047,14,16,224
2026-07-24,CUS018,ST-0047,1,16,16
2026-07-24,CUS022,ST-0047,8,16,128
2026-07-24,CUS012,ST-0048,2,16,32
2026-07-24,CUS009,ST-0048,2,16,32
2026-07-24,CUS018,ST-0048,1,16,16
2026-07-24,CUS003,ST-0048,1,16,16
2026-07-24,CUS005,ST-0049,1,70,70
2026-07-24,CUS006,ST-0050,1,85,85
2026-07-24,CUS003,ST-0050,5,85,425
2026-07-24,CUS023,ST-0051,2,55,110
2026-07-24,CUS001,ST-0051,2,55,110
2026-07-24,CUS014,ST-0051,2,55,110
2026-07-24,CUS004,ST-0052,1,45,45
2026-07-24,CUS006,ST-0052,2,45,90
2026-07-24,CUS024,ST-0053,3,40,120
2026-07-24,CUS025,ST-0054,1,240,240
2026-07-24,CUS014,ST-0054,3,240,720
2026-07-24,CUS018,ST-0056,3,65,195
2026-07-24,CUS001,ST-0056,1,65,65
2026-07-24,CUS018,ST-0057,3,390,1170
2026-07-24,CUS006,ST-0057,1,390,390
2026-07-24,CUS013,ST-0058,1,260,260
2026-07-24,CUS013,ST-0059,1,140,140
2026-07-24,CUS006,ST-0059,1,140,140
2026-07-24,CUS016,ST-0060,1,175,175
2026-07-25,CUS003,ST-0002,1,1950,1950
2026-07-25,CUS012,ST-0002,3,1950,5850
2026-07-25,CUS017,ST-0003,2,3090,6180
2026-07-25,CUS018,ST-0004,1,4890,4890
2026-07-25,CUS005,ST-0005,1,7290,7290
2026-07-25,CUS020,ST-0006,1,6350,6350
2026-07-25,CUS022,ST-0007,1,2250,2250
2026-07-25,CUS017,ST-0009,2,165,330
2026-07-25,CUS021,ST-0009,1,165,165
2026-07-25,CUS004,ST-0010,2,175,350
2026-07-25,CUS010,ST-0010,1,175,175
2026-07-25,CUS023,ST-0010,2,175,350
2026-07-25,CUS002,ST-0011,1,560,560
2026-07-25,CUS013,ST-0013,1,1290,1290
2026-07-25,CUS004,ST-0017,4,75,300
2026-07-25,CUS003,ST-0017,4,75,300
2026-07-25,CUS021,ST-0017,6,75,450
2026-07-25,CUS012,ST-0018,3,95,285
2026-07-25,CUS006,ST-0018,4,95,380
2026-07-25,CUS016,ST-0018,1,95,95
2026-07-25,CUS002,ST-0019,3,145,435
2026-07-25,CUS024,ST-0019,4,145,580
2026-07-25,CUS006,ST-0020,4,199,796
2026-07-25,CUS005,ST-0020,4,199,796
2026-07-25,CUS010,ST-0020,1,199,199
2026-07-25,CUS017,ST-0020,1,199,199
2026-07-25,CUS010,ST-0020,2,199,398
2026-07-25,CUS008,ST-0021,1,315,315
2026-07-25,CUS023,ST-0021,2,315,630
2026-07-25,CUS003,ST-0021,1,315,315
2026-07-25,CUS025,ST-0022,1,360,360
2026-07-25,CUS012,ST-0022,1,360,360
2026-07-25,CUS004,ST-0024,1,990,990
2026-07-25,CUS023,ST-0025,1,420,420
2026-07-25,CUS018,ST-0026,2,58,116
2026-07-25,CUS016,ST-0026,11,58,638
2026-07-25,CUS017,ST-0026,4,58,232
2026-07-25,CUS008,ST-0026,7,58,406
2026-07-25,CUS018,ST-0027,3,78,234
2026-07-25,CUS012,ST-0027,10,78,780
2026-07-25,CUS003,ST-0027,1,78,78
2026-07-25,CUS023,ST-0028,3,11,33
2026-07-25,CUS002,ST-0028,19,11,209
2026-07-25,CUS015,ST-0028,2,11,22
2026-07-25,CUS015,ST-0029,1,16,16
2026-07-25,CUS008,ST-0029,2,16,32
2026-07-25,CUS014,ST-0029,4,16,64
2026-07-25,CUS002,ST-0029,2,16,32
2026-07-25,CUS025,ST-0029,2,16,32
2026-07-25,CUS021,ST-0029,2,16,32
2026-07-25,CUS006,ST-0029,7,16,112
2026-07-25,CUS004,ST-0029,3,16,48
2026-07-25,CUS008,ST-0029,2,16,32
2026-07-25,CUS014,ST-0030,5,52,260
2026-07-25,CUS021,ST-0031,1,45,45
2026-07-25,CUS024,ST-0031,1,45,45
2026-07-25,CUS023,ST-0032,1,66,66
2026-07-25,CUS010,ST-0032,2,66,132
2026-07-25,CUS021,ST-0032,4,66,264
2026-07-25,CUS010,ST-0032,3,66,198
2026-07-25,CUS024,ST-0034,1,590,590
2026-07-25,CUS002,ST-0035,4,38,152
2026-07-25,CUS010,ST-0035,20,38,760
2026-07-25,CUS002,ST-0035,4,38,152
2026-07-25,CUS001,ST-0036,9,75,675
2026-07-25,CUS024,ST-0037,2,88,176
2026-07-25,CUS009,ST-0037,1,88,88
2026-07-25,CUS001,ST-0037,5,88,440
2026-07-25,CUS008,ST-0037,6,88,528
2026-07-25,CUS025,ST-0037,2,88,176
2026-07-25,CUS005,ST-0037,2,88,176
2026-07-25,CUS005,ST-0037,5,88,440
2026-07-25,CUS018,ST-0038,7,145,1015
2026-07-25,CUS002,ST-0039,2,215,430
2026-07-25,CUS019,ST-0039,1,215,215
2026-07-25,CUS024,ST-0039,1,215,215
2026-07-25,CUS017,ST-0040,1,52,52
2026-07-25,CUS004,ST-0041,4,55,220
2026-07-25,CUS016,ST-0041,2,55,110
2026-07-25,CUS014,ST-0041,6,55,330
2026-07-25,CUS008,ST-0042,4,82,328
2026-07-25,CUS002,ST-0043,2,105,210
2026-07-25,CUS017,ST-0045,1,65,65
2026-07-25,CUS006,ST-0046,1,15,15
2026-07-25,CUS014,ST-0046,1,15,15
2026-07-25,CUS021,ST-0046,1,15,15
2026-07-25,CUS013,ST-0046,3,15,45
2026-07-25,CUS002,ST-0047,10,16,160
2026-07-25,CUS016,ST-0047,5,16,80
2026-07-25,CUS008,ST-0047,6,16,96
2026-07-25,CUS009,ST-0048,4,16,64
2026-07-25,CUS008,ST-0048,6,16,96
2026-07-25,CUS024,ST-0049,3,70,210
2026-07-25,CUS021,ST-0050,5,85,425
2026-07-25,CUS018,ST-0051,3,55,165
2026-07-25,CUS020,ST-0051,1,55,55
2026-07-25,CUS010,ST-0051,1,55,55
2026-07-25,CUS006,ST-0052,1,45,45
2026-07-25,CUS024,ST-0052,1,45,45
2026-07-25,CUS009,ST-0053,2,40,80
2026-07-25,CUS022,ST-0056,1,65,65
2026-07-25,CUS016,ST-0057,1,390,390
2026-07-25,CUS017,ST-0059,1,140,140
2026-07-25,CUS013,ST-0059,1,140,140
2026-07-27,CUS017,ST-0002,1,1950,1950
2026-07-27,CUS025,ST-0003,1,3090,3090
2026-07-27,CUS008,ST-0008,1,6150,6150
2026-07-27,CUS012,ST-0009,1,165,165
2026-07-27,CUS004,ST-0009,2,165,330
2026-07-27,CUS005,ST-0010,1,175,175
2026-07-27,CUS013,ST-0010,3,175,525
2026-07-27,CUS016,ST-0011,1,560,560
2026-07-27,CUS015,ST-0012,1,2150,2150
2026-07-27,CUS012,ST-0013,2,1290,2580
2026-07-27,CUS021,ST-0014,1,3150,3150
2026-07-27,CUS020,ST-0017,4,75,300
2026-07-27,CUS004,ST-0017,8,75,600
2026-07-27,CUS005,ST-0017,2,75,150
2026-07-27,CUS009,ST-0017,8,75,600
2026-07-27,CUS018,ST-0018,4,95,380
2026-07-27,CUS020,ST-0018,1,95,95
2026-07-27,CUS025,ST-0018,1,95,95
2026-07-27,CUS014,ST-0018,3,95,285
2026-07-27,CUS014,ST-0019,3,145,435
2026-07-27,CUS022,ST-0019,3,145,435
2026-07-27,CUS025,ST-0020,4,199,796
2026-07-27,CUS008,ST-0020,3,199,597
2026-07-27,CUS022,ST-0020,3,199,597
2026-07-27,CUS014,ST-0020,1,199,199
2026-07-27,CUS016,ST-0021,1,315,315
2026-07-27,CUS017,ST-0022,1,360,360
2026-07-27,CUS024,ST-0022,1,360,360
2026-07-27,CUS012,ST-0023,1,890,890
2026-07-27,CUS024,ST-0024,1,990,990
2026-07-27,CUS016,ST-0025,1,420,420
2026-07-27,CUS008,ST-0026,1,58,58
2026-07-27,CUS023,ST-0026,5,58,290
2026-07-27,CUS025,ST-0026,5,58,290
2026-07-27,CUS016,ST-0026,11,58,638
2026-07-27,CUS014,ST-0026,1,58,58
2026-07-27,CUS009,ST-0027,8,78,624
2026-07-27,CUS008,ST-0027,2,78,156
2026-07-27,CUS006,ST-0028,31,11,341
2026-07-27,CUS023,ST-0029,17,16,272
2026-07-27,CUS006,ST-0030,6,52,312
2026-07-27,CUS002,ST-0030,2,52,104
2026-07-27,CUS006,ST-0031,1,45,45
2026-07-27,CUS016,ST-0031,1,45,45
2026-07-27,CUS012,ST-0031,3,45,135
2026-07-27,CUS016,ST-0032,5,66,330
2026-07-27,CUS020,ST-0033,1,85,85
2026-07-27,CUS020,ST-0033,1,85,85
2026-07-27,CUS010,ST-0033,1,85,85
2026-07-27,CUS014,ST-0034,1,590,590
2026-07-27,CUS022,ST-0034,1,590,590
2026-07-27,CUS024,ST-0035,1,38,38
2026-07-27,CUS002,ST-0035,3,38,114
2026-07-27,CUS008,ST-0035,16,38,608
2026-07-27,CUS015,ST-0035,22,38,836
2026-07-27,CUS009,ST-0036,3,75,225
2026-07-27,CUS014,ST-0036,5,75,375
2026-07-27,CUS022,ST-0037,21,88,1848
2026-07-27,CUS021,ST-0038,3,145,435
2026-07-27,CUS021,ST-0038,1,145,145
2026-07-27,CUS003,ST-0038,1,145,145
2026-07-27,CUS018,ST-0039,4,215,860
2026-07-27,CUS013,ST-0039,1,215,215
2026-07-27,CUS013,ST-0039,1,215,215
2026-07-27,CUS014,ST-0040,1,52,52
2026-07-27,CUS025,ST-0041,3,55,165
2026-07-27,CUS008,ST-0041,1,55,55
2026-07-27,CUS004,ST-0041,3,55,165
2026-07-27,CUS003,ST-0042,1,82,82
2026-07-27,CUS003,ST-0043,1,105,105
2026-07-27,CUS022,ST-0043,2,105,210
2026-07-27,CUS025,ST-0043,1,105,105
2026-07-27,CUS012,ST-0045,1,65,65
2026-07-27,CUS005,ST-0046,1,15,15
2026-07-27,CUS024,ST-0046,4,15,60
2026-07-27,CUS009,ST-0047,26,16,416
2026-07-27,CUS015,ST-0047,3,16,48
2026-07-27,CUS015,ST-0048,2,16,32
2026-07-27,CUS005,ST-0048,2,16,32
2026-07-27,CUS017,ST-0048,3,16,48
2026-07-27,CUS024,ST-0049,6,70,420
2026-07-27,CUS009,ST-0050,4,85,340
2026-07-27,CUS018,ST-0050,1,85,85
2026-07-27,CUS020,ST-0051,2,55,110
2026-07-27,CUS018,ST-0052,4,45,180
2026-07-27,CUS017,ST-0052,1,45,45
2026-07-27,CUS006,ST-0052,2,45,90
2026-07-27,CUS001,ST-0053,5,40,200
2026-07-27,CUS009,ST-0056,4,65,260
2026-07-27,CUS021,ST-0057,2,390,780
2026-07-27,CUS005,ST-0057,2,390,780
2026-07-27,CUS006,ST-0058,1,260,260
2026-07-27,CUS022,ST-0058,1,260,260
2026-07-27,CUS002,ST-0058,1,260,260
2026-07-27,CUS017,ST-0059,1,140,140
2026-07-27,CUS016,ST-0059,1,140,140
2026-07-27,CUS010,ST-0059,1,140,140
2026-07-27,CUS004,ST-0060,1,175,175
2026-07-28,CUS003,ST-0001,2,1390,2780
2026-07-28,CUS017,ST-0001,1,1390,1390
2026-07-28,CUS010,ST-0001,1,1390,1390
2026-07-28,CUS003,ST-0002,1,1950,1950
2026-07-28,CUS019,ST-0002,2,1950,3900
2026-07-28,CUS008,ST-0003,1,3090,3090
2026-07-28,CUS010,ST-0003,1,3090,3090
2026-07-28,CUS001,ST-0003,1,3090,3090
2026-07-28,CUS017,ST-0003,1,3090,3090
2026-07-28,CUS021,ST-0005,1,7290,7290
2026-07-28,CUS016,ST-0009,1,165,165
2026-07-28,CUS001,ST-0009,4,165,660
2026-07-28,CUS006,ST-0009,1,165,165
2026-07-28,CUS024,ST-0010,4,175,700
2026-07-28,CUS014,ST-0010,2,175,350
2026-07-28,CUS012,ST-0011,1,560,560
2026-07-28,CUS006,ST-0011,3,560,1680
2026-07-28,CUS020,ST-0013,1,1290,1290
2026-07-28,CUS002,ST-0014,1,3150,3150
2026-07-28,CUS003,ST-0017,14,75,1050
2026-07-28,CUS018,ST-0018,8,95,760
2026-07-28,CUS001,ST-0019,1,145,145
2026-07-28,CUS022,ST-0020,9,199,1791
2026-07-28,CUS007,ST-0020,3,199,597
2026-07-28,CUS001,ST-0021,1,315,315
2026-07-28,CUS002,ST-0021,1,315,315
2026-07-28,CUS006,ST-0022,1,360,360
2026-07-28,CUS006,ST-0023,1,890,890
2026-07-28,CUS001,ST-0025,1,420,420
2026-07-28,CUS018,ST-0025,1,420,420
2026-07-28,CUS003,ST-0025,1,420,420
2026-07-28,CUS003,ST-0026,2,58,116
2026-07-28,CUS001,ST-0026,6,58,348
2026-07-28,CUS009,ST-0026,10,58,580
2026-07-28,CUS009,ST-0027,1,78,78
2026-07-28,CUS006,ST-0027,1,78,78
2026-07-28,CUS022,ST-0027,1,78,78
2026-07-28,CUS002,ST-0027,2,78,156
2026-07-28,CUS011,ST-0027,1,78,78
2026-07-28,CUS025,ST-0027,5,78,390
2026-07-28,CUS001,ST-0027,1,78,78
2026-07-28,CUS003,ST-0027,3,78,234
2026-07-28,CUS013,ST-0027,3,78,234
2026-07-28,CUS023,ST-0027,1,78,78
2026-07-28,CUS003,ST-0028,6,11,66
2026-07-28,CUS016,ST-0028,16,11,176
2026-07-28,CUS003,ST-0028,8,11,88
2026-07-28,CUS023,ST-0029,15,16,240
2026-07-28,CUS024,ST-0029,2,16,32
2026-07-28,CUS006,ST-0029,1,16,16
2026-07-28,CUS012,ST-0029,3,16,48
2026-07-28,CUS010,ST-0030,5,52,260
2026-07-28,CUS016,ST-0030,3,52,156
2026-07-28,CUS013,ST-0030,5,52,260
2026-07-28,CUS022,ST-0031,3,45,135
2026-07-28,CUS015,ST-0031,2,45,90
2026-07-28,CUS014,ST-0032,2,66,132
2026-07-28,CUS008,ST-0032,1,66,66
2026-07-28,CUS024,ST-0033,1,85,85
2026-07-28,CUS006,ST-0034,1,590,590
2026-07-28,CUS015,ST-0035,2,38,76
2026-07-28,CUS012,ST-0035,11,38,418
2026-07-28,CUS014,ST-0035,5,38,190
2026-07-28,CUS013,ST-0035,17,38,646
2026-07-28,CUS021,ST-0035,4,38,152
2026-07-28,CUS016,ST-0036,3,75,225
2026-07-28,CUS017,ST-0036,7,75,525
2026-07-28,CUS016,ST-0037,2,88,176
2026-07-28,CUS014,ST-0037,1,88,88
2026-07-28,CUS025,ST-0037,12,88,1056
2026-07-28,CUS012,ST-0038,5,145,725
2026-07-28,CUS001,ST-0039,4,215,860
2026-07-28,CUS003,ST-0039,1,215,215
2026-07-28,CUS023,ST-0040,1,52,52
2026-07-28,CUS012,ST-0041,2,55,110
2026-07-28,CUS001,ST-0041,1,55,55
2026-07-28,CUS007,ST-0041,5,55,275
2026-07-28,CUS013,ST-0042,1,82,82
2026-07-28,CUS016,ST-0042,2,82,164
2026-07-28,CUS017,ST-0042,5,82,410
2026-07-28,CUS022,ST-0043,1,105,105
2026-07-28,CUS019,ST-0043,2,105,210
2026-07-28,CUS013,ST-0044,1,450,450
2026-07-28,CUS002,ST-0045,1,65,65
2026-07-28,CUS023,ST-0045,1,65,65
2026-07-28,CUS022,ST-0046,1,15,15
2026-07-28,CUS006,ST-0046,1,15,15
2026-07-28,CUS005,ST-0046,2,15,30
2026-07-28,CUS010,ST-0046,1,15,15
2026-07-28,CUS014,ST-0047,7,16,112
2026-07-28,CUS012,ST-0047,4,16,64
2026-07-28,CUS025,ST-0047,14,16,224
2026-07-28,CUS003,ST-0047,10,16,160
2026-07-28,CUS001,ST-0048,3,16,48
2026-07-28,CUS023,ST-0049,5,70,350
2026-07-28,CUS021,ST-0050,9,85,765
2026-07-28,CUS012,ST-0051,5,55,275
2026-07-28,CUS006,ST-0052,3,45,135
2026-07-28,CUS008,ST-0052,1,45,45
2026-07-28,CUS010,ST-0052,1,45,45
2026-07-28,CUS003,ST-0053,2,40,80
2026-07-28,CUS016,ST-0053,1,40,40
2026-07-28,CUS024,ST-0054,1,240,240
2026-07-28,CUS004,ST-0055,1,210,210
2026-07-28,CUS009,ST-0056,1,65,65
2026-07-28,CUS002,ST-0056,1,65,65
2026-07-28,CUS008,ST-0056,4,65,260
2026-07-28,CUS021,ST-0057,1,390,390
2026-07-28,CUS021,ST-0057,1,390,390
2026-07-28,CUS023,ST-0058,1,260,260
2026-07-28,CUS013,ST-0060,1,175,175
2026-07-28,CUS006,ST-0060,1,175,175
2026-07-29,CUS024,ST-0001,2,1390,2780
2026-07-29,CUS017,ST-0002,1,1950,1950
2026-07-29,CUS004,ST-0002,1,1950,1950
2026-07-29,CUS005,ST-0002,1,1950,1950
2026-07-29,CUS007,ST-0002,2,1950,3900
2026-07-29,CUS012,ST-0003,1,3090,3090
2026-07-29,CUS021,ST-0003,1,3090,3090
2026-07-29,CUS025,ST-0003,4,3090,12360
2026-07-29,CUS006,ST-0006,1,6350,6350
2026-07-29,CUS008,ST-0008,1,6150,6150
2026-07-29,CUS004,ST-0009,1,165,165
2026-07-29,CUS024,ST-0009,7,165,1155
2026-07-29,CUS017,ST-0010,3,175,525
2026-07-29,CUS017,ST-0010,1,175,175
2026-07-29,CUS005,ST-0010,1,175,175
2026-07-29,CUS022,ST-0010,3,175,525
2026-07-29,CUS017,ST-0010,3,175,525
2026-07-29,CUS014,ST-0011,2,560,1120
2026-07-29,CUS018,ST-0013,1,1290,1290
2026-07-29,CUS010,ST-0013,2,1290,2580
2026-07-29,CUS014,ST-0014,1,3150,3150
2026-07-29,CUS006,ST-0016,1,1190,1190
2026-07-29,CUS017,ST-0017,4,75,300
2026-07-29,CUS008,ST-0017,1,75,75
2026-07-29,CUS014,ST-0017,9,75,675
2026-07-29,CUS014,ST-0018,13,95,1235
2026-07-29,CUS016,ST-0019,2,145,290
2026-07-29,CUS025,ST-0019,1,145,145
2026-07-29,CUS006,ST-0020,5,199,995
2026-07-29,CUS022,ST-0020,7,199,1393
2026-07-29,CUS006,ST-0021,2,315,630
2026-07-29,CUS006,ST-0021,1,315,315
2026-07-29,CUS014,ST-0021,1,315,315
2026-07-29,CUS003,ST-0022,1,360,360
2026-07-29,CUS023,ST-0023,1,890,890
2026-07-29,CUS005,ST-0024,1,990,990
2026-07-29,CUS004,ST-0025,1,420,420
2026-07-29,CUS003,ST-0025,1,420,420
2026-07-29,CUS005,ST-0025,1,420,420
2026-07-29,CUS002,ST-0026,12,58,696
2026-07-29,CUS023,ST-0026,4,58,232
2026-07-29,CUS009,ST-0026,1,58,58
2026-07-29,CUS001,ST-0027,6,78,468
2026-07-29,CUS025,ST-0027,3,78,234
2026-07-29,CUS019,ST-0027,5,78,390
2026-07-29,CUS012,ST-0028,5,11,55
2026-07-29,CUS010,ST-0028,19,11,209
2026-07-29,CUS006,ST-0029,5,16,80
2026-07-29,CUS014,ST-0029,12,16,192
2026-07-29,CUS012,ST-0030,2,52,104
2026-07-29,CUS018,ST-0030,1,52,52
2026-07-29,CUS001,ST-0030,1,52,52
2026-07-29,CUS012,ST-0030,5,52,260
2026-07-29,CUS025,ST-0030,2,52,104
2026-07-29,CUS013,ST-0031,12,45,540
2026-07-29,CUS003,ST-0031,2,45,90
2026-07-29,CUS005,ST-0032,1,66,66
2026-07-29,CUS014,ST-0032,3,66,198
2026-07-29,CUS003,ST-0033,1,85,85
2026-07-29,CUS015,ST-0035,27,38,1026
2026-07-29,CUS005,ST-0036,6,75,450
2026-07-29,CUS025,ST-0037,1,88,88
2026-07-29,CUS024,ST-0037,5,88,440
2026-07-29,CUS024,ST-0037,9,88,792
2026-07-29,CUS001,ST-0037,1,88,88
2026-07-29,CUS021,ST-0037,1,88,88
2026-07-29,CUS010,ST-0038,1,145,145
2026-07-29,CUS005,ST-0038,2,145,290
2026-07-29,CUS009,ST-0039,6,215,1290
2026-07-29,CUS002,ST-0040,1,52,52
2026-07-29,CUS021,ST-0040,1,52,52
2026-07-29,CUS017,ST-0040,1,52,52
2026-07-29,CUS014,ST-0041,1,55,55
2026-07-29,CUS022,ST-0041,2,55,110
2026-07-29,CUS016,ST-0041,1,55,55
2026-07-29,CUS012,ST-0041,1,55,55
2026-07-29,CUS022,ST-0041,1,55,55
2026-07-29,CUS016,ST-0041,4,55,220
2026-07-29,CUS024,ST-0041,3,55,165
2026-07-29,CUS020,ST-0042,3,82,246
2026-07-29,CUS023,ST-0046,4,15,60
2026-07-29,CUS009,ST-0046,1,15,15
2026-07-29,CUS020,ST-0046,1,15,15
2026-07-29,CUS025,ST-0047,3,16,48
2026-07-29,CUS014,ST-0047,17,16,272
2026-07-29,CUS001,ST-0047,1,16,16
2026-07-29,CUS024,ST-0047,13,16,208
2026-07-29,CUS025,ST-0048,1,16,16
2026-07-29,CUS006,ST-0048,3,16,48
2026-07-29,CUS021,ST-0049,3,70,210
2026-07-29,CUS012,ST-0049,1,70,70
2026-07-29,CUS017,ST-0049,1,70,70
2026-07-29,CUS017,ST-0049,1,70,70
2026-07-29,CUS025,ST-0050,1,85,85
2026-07-29,CUS022,ST-0050,5,85,425
2026-07-29,CUS018,ST-0050,1,85,85
2026-07-29,CUS009,ST-0050,2,85,170
2026-07-29,CUS022,ST-0050,5,85,425
2026-07-29,CUS022,ST-0051,1,55,55
2026-07-29,CUS012,ST-0051,1,55,55
2026-07-29,CUS003,ST-0051,3,55,165
2026-07-29,CUS002,ST-0051,2,55,110
2026-07-29,CUS019,ST-0051,2,55,110
2026-07-29,CUS025,ST-0052,1,45,45
2026-07-29,CUS017,ST-0052,1,45,45
2026-07-29,CUS008,ST-0052,2,45,90
2026-07-29,CUS008,ST-0053,1,40,40
2026-07-29,CUS002,ST-0053,1,40,40
2026-07-29,CUS002,ST-0055,1,210,210
2026-07-29,CUS016,ST-0055,1,210,210
2026-07-29,CUS009,ST-0056,3,65,195
2026-07-29,CUS023,ST-0056,2,65,130
2026-07-29,CUS010,ST-0057,1,390,390
2026-07-29,CUS001,ST-0059,1,140,140
2026-07-29,CUS024,ST-0059,1,140,140
2026-07-29,CUS010,ST-0060,1,175,175
2026-07-30,CUS023,ST-0001,1,1390,1390
2026-07-30,CUS006,ST-0002,4,1950,7800
2026-07-30,CUS010,ST-0003,1,3090,3090
2026-07-30,CUS020,ST-0003,3,3090,9270
2026-07-30,CUS008,ST-0009,2,165,330
2026-07-30,CUS007,ST-0009,2,165,330
2026-07-30,CUS001,ST-0010,5,175,875
2026-07-30,CUS015,ST-0010,2,175,350
2026-07-30,CUS007,ST-0011,2,560,1120
2026-07-30,CUS011,ST-0012,1,2150,2150
2026-07-30,CUS010,ST-0014,1,3150,3150
2026-07-30,CUS001,ST-0015,1,1750,1750
2026-07-30,CUS018,ST-0017,5,75,375
2026-07-30,CUS009,ST-0017,2,75,150
2026-07-30,CUS007,ST-0017,13,75,975
2026-07-30,CUS005,ST-0018,6,95,570
2026-07-30,CUS005,ST-0018,3,95,285
2026-07-30,CUS023,ST-0019,2,145,290
2026-07-30,CUS009,ST-0020,1,199,199
2026-07-30,CUS003,ST-0020,1,199,199
2026-07-30,CUS012,ST-0020,1,199,199
2026-07-30,CUS025,ST-0021,1,315,315
2026-07-30,CUS017,ST-0021,1,315,315
2026-07-30,CUS013,ST-0021,2,315,630
2026-07-30,CUS019,ST-0021,1,315,315
2026-07-30,CUS025,ST-0022,1,360,360
2026-07-30,CUS004,ST-0022,3,360,1080
2026-07-30,CUS013,ST-0022,1,360,360
2026-07-30,CUS023,ST-0023,1,890,890
2026-07-30,CUS018,ST-0025,1,420,420
2026-07-30,CUS025,ST-0026,10,58,580
2026-07-30,CUS018,ST-0026,1,58,58
2026-07-30,CUS022,ST-0027,1,78,78
2026-07-30,CUS012,ST-0027,3,78,234
2026-07-30,CUS024,ST-0027,6,78,468
2026-07-30,CUS003,ST-0027,3,78,234
2026-07-30,CUS006,ST-0027,3,78,234
2026-07-30,CUS022,ST-0028,1,11,11
2026-07-30,CUS024,ST-0028,10,11,110
2026-07-30,CUS024,ST-0028,3,11,33
2026-07-30,CUS024,ST-0028,1,11,11
2026-07-30,CUS007,ST-0028,12,11,132
2026-07-30,CUS025,ST-0029,4,16,64
2026-07-30,CUS024,ST-0029,10,16,160
2026-07-30,CUS009,ST-0030,1,52,52
2026-07-30,CUS015,ST-0030,4,52,208
2026-07-30,CUS020,ST-0031,5,45,225
2026-07-30,CUS014,ST-0031,1,45,45
2026-07-30,CUS022,ST-0032,2,66,132
2026-07-30,CUS012,ST-0032,1,66,66
2026-07-30,CUS021,ST-0034,1,590,590
2026-07-30,CUS013,ST-0035,1,38,38
2026-07-30,CUS025,ST-0035,5,38,190
2026-07-30,CUS022,ST-0035,23,38,874
2026-07-30,CUS010,ST-0035,17,38,646
2026-07-30,CUS018,ST-0036,7,75,525
2026-07-30,CUS010,ST-0036,7,75,525
2026-07-30,CUS012,ST-0036,3,75,225
2026-07-30,CUS009,ST-0037,5,88,440
2026-07-30,CUS021,ST-0038,2,145,290
2026-07-30,CUS010,ST-0038,1,145,145
2026-07-30,CUS012,ST-0038,1,145,145
2026-07-30,CUS024,ST-0038,1,145,145
2026-07-30,CUS023,ST-0038,1,145,145
2026-07-30,CUS005,ST-0039,1,215,215
2026-07-30,CUS021,ST-0039,1,215,215
2026-07-30,CUS017,ST-0039,1,215,215
2026-07-30,CUS021,ST-0040,1,52,52
2026-07-30,CUS012,ST-0041,1,55,55
2026-07-30,CUS023,ST-0041,7,55,385
2026-07-30,CUS014,ST-0042,1,82,82
2026-07-30,CUS005,ST-0042,2,82,164
2026-07-30,CUS023,ST-0044,1,450,450
2026-07-30,CUS021,ST-0045,1,65,65
2026-07-30,CUS003,ST-0046,1,15,15
2026-07-30,CUS025,ST-0046,6,15,90
2026-07-30,CUS024,ST-0046,1,15,15
2026-07-30,CUS024,ST-0047,5,16,80
2026-07-30,CUS013,ST-0047,17,16,272
2026-07-30,CUS005,ST-0048,2,16,32
2026-07-30,CUS022,ST-0048,1,16,16
2026-07-30,CUS012,ST-0048,2,16,32
2026-07-30,CUS021,ST-0049,3,70,210
2026-07-30,CUS013,ST-0049,1,70,70
2026-07-30,CUS002,ST-0049,1,70,70
2026-07-30,CUS017,ST-0050,3,85,255
2026-07-30,CUS016,ST-0050,2,85,170
2026-07-30,CUS007,ST-0050,1,85,85
2026-07-30,CUS021,ST-0051,1,55,55
2026-07-30,CUS016,ST-0051,7,55,385
2026-07-30,CUS017,ST-0052,3,45,135
2026-07-30,CUS012,ST-0053,1,40,40
2026-07-30,CUS009,ST-0053,1,40,40
2026-07-30,CUS010,ST-0053,1,40,40
2026-07-30,CUS013,ST-0054,1,240,240
2026-07-30,CUS001,ST-0056,1,65,65
2026-07-30,CUS010,ST-0056,1,65,65
2026-07-30,CUS022,ST-0056,3,65,195
2026-07-30,CUS021,ST-0057,2,390,780
2026-07-30,CUS024,ST-0057,2,390,780
2026-07-30,CUS014,ST-0057,1,390,390
2026-07-30,CUS011,ST-0057,1,390,390
2026-07-30,CUS012,ST-0057,1,390,390
2026-07-30,CUS005,ST-0059,2,140,280
2026-07-30,CUS001,ST-0059,1,140,140
2026-07-30,CUS016,ST-0059,1,140,140
2026-07-31,CUS021,ST-0001,3,1390,4170
2026-07-31,CUS005,ST-0002,4,1950,7800
2026-07-31,CUS010,ST-0003,3,3090,9270
2026-07-31,CUS022,ST-0004,1,4890,4890
2026-07-31,CUS002,ST-0004,1,4890,4890
2026-07-31,CUS021,ST-0004,1,4890,4890
2026-07-31,CUS017,ST-0005,1,7290,7290
2026-07-31,CUS003,ST-0006,1,6350,6350
2026-07-31,CUS020,ST-0008,1,6150,6150
2026-07-31,CUS009,ST-0009,1,165,165
2026-07-31,CUS012,ST-0009,1,165,165
2026-07-31,CUS007,ST-0009,1,165,165
2026-07-31,CUS005,ST-0009,2,165,330
2026-07-31,CUS002,ST-0009,1,165,165
2026-07-31,CUS025,ST-0009,1,165,165
2026-07-31,CUS015,ST-0010,2,175,350
2026-07-31,CUS025,ST-0010,3,175,525
2026-07-31,CUS012,ST-0010,1,175,175
2026-07-31,CUS021,ST-0011,1,560,560
2026-07-31,CUS002,ST-0014,1,3150,3150
2026-07-31,CUS012,ST-0017,14,75,1050
2026-07-31,CUS006,ST-0018,5,95,475
2026-07-31,CUS006,ST-0018,5,95,475
2026-07-31,CUS015,ST-0018,3,95,285
2026-07-31,CUS008,ST-0019,1,145,145
2026-07-31,CUS013,ST-0019,2,145,290
2026-07-31,CUS015,ST-0019,1,145,145
2026-07-31,CUS009,ST-0020,5,199,995
2026-07-31,CUS021,ST-0021,1,315,315
2026-07-31,CUS001,ST-0021,1,315,315
2026-07-31,CUS008,ST-0022,1,360,360
2026-07-31,CUS020,ST-0022,1,360,360
2026-07-31,CUS024,ST-0025,1,420,420
2026-07-31,CUS023,ST-0026,8,58,464
2026-07-31,CUS009,ST-0026,8,58,464
2026-07-31,CUS010,ST-0026,1,58,58
2026-07-31,CUS003,ST-0027,4,78,312
2026-07-31,CUS015,ST-0028,4,11,44
2026-07-31,CUS015,ST-0028,4,11,44
2026-07-31,CUS011,ST-0028,1,11,11
2026-07-31,CUS020,ST-0028,20,11,220
2026-07-31,CUS018,ST-0028,3,11,33
2026-07-31,CUS006,ST-0028,1,11,11
2026-07-31,CUS008,ST-0029,15,16,240
2026-07-31,CUS009,ST-0029,3,16,48
2026-07-31,CUS018,ST-0029,3,16,48
2026-07-31,CUS008,ST-0030,3,52,156
2026-07-31,CUS022,ST-0030,2,52,104
2026-07-31,CUS023,ST-0031,4,45,180
2026-07-31,CUS010,ST-0032,1,66,66
2026-07-31,CUS018,ST-0032,2,66,132
2026-07-31,CUS009,ST-0032,1,66,66
2026-07-31,CUS024,ST-0033,2,85,170
2026-07-31,CUS018,ST-0035,9,38,342
2026-07-31,CUS019,ST-0035,17,38,646
2026-07-31,CUS017,ST-0035,1,38,38
2026-07-31,CUS015,ST-0036,1,75,75
2026-07-31,CUS023,ST-0036,5,75,375
2026-07-31,CUS017,ST-0036,3,75,225
2026-07-31,CUS002,ST-0037,2,88,176
2026-07-31,CUS014,ST-0037,8,88,704
2026-07-31,CUS006,ST-0038,2,145,290
2026-07-31,CUS004,ST-0038,4,145,580
2026-07-31,CUS001,ST-0041,1,55,55
2026-07-31,CUS011,ST-0041,2,55,110
2026-07-31,CUS018,ST-0041,1,55,55
2026-07-31,CUS021,ST-0042,1,82,82
2026-07-31,CUS019,ST-0042,1,82,82
2026-07-31,CUS017,ST-0042,1,82,82
2026-07-31,CUS002,ST-0042,5,82,410
2026-07-31,CUS013,ST-0043,1,105,105
2026-07-31,CUS006,ST-0043,2,105,210
2026-07-31,CUS003,ST-0044,1,450,450
2026-07-31,CUS002,ST-0046,2,15,30
2026-07-31,CUS012,ST-0046,6,15,90
2026-07-31,CUS011,ST-0046,1,15,15
2026-07-31,CUS005,ST-0047,11,16,176
2026-07-31,CUS024,ST-0047,20,16,320
2026-07-31,CUS003,ST-0047,2,16,32
2026-07-31,CUS025,ST-0047,2,16,32
2026-07-31,CUS012,ST-0047,3,16,48
2026-07-31,CUS021,ST-0048,2,16,32
2026-07-31,CUS002,ST-0048,3,16,48
2026-07-31,CUS006,ST-0048,1,16,16
2026-07-31,CUS003,ST-0048,4,16,64
2026-07-31,CUS005,ST-0049,1,70,70
2026-07-31,CUS013,ST-0049,1,70,70
2026-07-31,CUS007,ST-0049,1,70,70
2026-07-31,CUS012,ST-0049,1,70,70
2026-07-31,CUS009,ST-0049,1,70,70
2026-07-31,CUS004,ST-0049,1,70,70
2026-07-31,CUS018,ST-0050,6,85,510
2026-07-31,CUS006,ST-0050,2,85,170
2026-07-31,CUS012,ST-0051,5,55,275
2026-07-31,CUS001,ST-0051,2,55,110
2026-07-31,CUS017,ST-0051,1,55,55
2026-07-31,CUS021,ST-0052,1,45,45
2026-07-31,CUS007,ST-0052,2,45,90
2026-07-31,CUS004,ST-0053,2,40,80
2026-07-31,CUS008,ST-0054,1,240,240
2026-07-31,CUS002,ST-0056,2,65,130
2026-07-31,CUS014,ST-0056,1,65,65
2026-07-31,CUS016,ST-0056,1,65,65
2026-07-31,CUS015,ST-0057,1,390,390
2026-07-31,CUS009,ST-0057,1,390,390
2026-07-31,CUS002,ST-0058,1,260,260
2026-07-31,CUS006,ST-0059,1,140,140
2026-07-31,CUS017,ST-0059,1,140,140
2026-07-31,CUS016,ST-0060,1,175,175
2026-08-01,CUS012,ST-0001,1,1390,1390
2026-08-01,CUS017,ST-0002,1,1950,1950
2026-08-01,CUS006,ST-0002,1,1950,1950
2026-08-01,CUS015,ST-0003,3,3090,9270
2026-08-01,CUS017,ST-0005,1,7290,7290
2026-08-01,CUS002,ST-0007,1,2250,2250
2026-08-01,CUS012,ST-0009,2,165,330
2026-08-01,CUS013,ST-0009,1,165,165
2026-08-01,CUS025,ST-0010,4,175,700
2026-08-01,CUS022,ST-0010,2,175,350
2026-08-01,CUS024,ST-0013,1,1290,1290
2026-08-01,CUS017,ST-0017,1,75,75
2026-08-01,CUS005,ST-0017,3,75,225
2026-08-01,CUS006,ST-0017,14,75,1050
2026-08-01,CUS016,ST-0018,4,95,380
2026-08-01,CUS014,ST-0018,5,95,475
2026-08-01,CUS013,ST-0018,1,95,95
2026-08-01,CUS018,ST-0018,1,95,95
2026-08-01,CUS006,ST-0018,1,95,95
2026-08-01,CUS009,ST-0019,1,145,145
2026-08-01,CUS005,ST-0019,1,145,145
2026-08-01,CUS014,ST-0019,1,145,145
2026-08-01,CUS003,ST-0019,1,145,145
2026-08-01,CUS009,ST-0020,4,199,796
2026-08-01,CUS024,ST-0020,2,199,398
2026-08-01,CUS010,ST-0021,2,315,630
2026-08-01,CUS005,ST-0021,1,315,315
2026-08-01,CUS012,ST-0021,1,315,315
2026-08-01,CUS023,ST-0022,1,360,360
2026-08-01,CUS010,ST-0022,2,360,720
2026-08-01,CUS013,ST-0023,1,890,890
2026-08-01,CUS016,ST-0025,1,420,420
2026-08-01,CUS004,ST-0026,11,58,638
2026-08-01,CUS022,ST-0026,3,58,174
2026-08-01,CUS019,ST-0027,6,78,468
2026-08-01,CUS021,ST-0027,1,78,78
2026-08-01,CUS017,ST-0027,7,78,546
2026-08-01,CUS022,ST-0028,2,11,22
2026-08-01,CUS012,ST-0028,5,11,55
2026-08-01,CUS013,ST-0028,10,11,110
2026-08-01,CUS024,ST-0028,5,11,55
2026-08-01,CUS006,ST-0028,4,11,44
2026-08-01,CUS012,ST-0028,4,11,44
2026-08-01,CUS021,ST-0029,5,16,80
2026-08-01,CUS017,ST-0029,6,16,96
2026-08-01,CUS014,ST-0029,5,16,80
2026-08-01,CUS022,ST-0030,3,52,156
2026-08-01,CUS016,ST-0030,1,52,52
2026-08-01,CUS018,ST-0030,3,52,156
2026-08-01,CUS014,ST-0030,2,52,104
2026-08-01,CUS016,ST-0031,4,45,180
2026-08-01,CUS025,ST-0032,1,66,66
2026-08-01,CUS023,ST-0032,1,66,66
2026-08-01,CUS010,ST-0033,1,85,85
2026-08-01,CUS023,ST-0033,1,85,85
2026-08-01,CUS022,ST-0034,1,590,590
2026-08-01,CUS017,ST-0035,2,38,76
2026-08-01,CUS023,ST-0035,23,38,874
2026-08-01,CUS009,ST-0035,2,38,76
2026-08-01,CUS020,ST-0036,10,75,750
2026-08-01,CUS023,ST-0036,2,75,150
2026-08-01,CUS008,ST-0037,10,88,880
2026-08-01,CUS023,ST-0038,2,145,290
2026-08-01,CUS023,ST-0038,1,145,145
2026-08-01,CUS024,ST-0038,2,145,290
2026-08-01,CUS021,ST-0038,1,145,145
2026-08-01,CUS024,ST-0039,3,215,645
2026-08-01,CUS005,ST-0039,1,215,215
2026-08-01,CUS021,ST-0041,1,55,55
2026-08-01,CUS008,ST-0041,3,55,165
2026-08-01,CUS012,ST-0042,1,82,82
2026-08-01,CUS022,ST-0042,3,82,246
2026-08-01,CUS002,ST-0043,1,105,105
2026-08-01,CUS009,ST-0043,1,105,105
2026-08-01,CUS007,ST-0045,1,65,65
2026-08-01,CUS005,ST-0045,1,65,65
2026-08-01,CUS022,ST-0045,1,65,65
2026-08-01,CUS017,ST-0046,4,15,60
2026-08-01,CUS016,ST-0046,3,15,45
2026-08-01,CUS008,ST-0047,26,16,416
2026-08-01,CUS018,ST-0047,1,16,16
2026-08-01,CUS002,ST-0048,1,16,16
2026-08-01,CUS013,ST-0048,1,16,16
2026-08-01,CUS006,ST-0048,3,16,48
2026-08-01,CUS012,ST-0048,5,16,80
2026-08-01,CUS016,ST-0049,1,70,70
2026-08-01,CUS024,ST-0049,2,70,140
2026-08-01,CUS014,ST-0050,1,85,85
2026-08-01,CUS017,ST-0050,2,85,170
2026-08-01,CUS003,ST-0050,4,85,340
2026-08-01,CUS011,ST-0050,1,85,85
2026-08-01,CUS013,ST-0051,5,55,275
2026-08-01,CUS010,ST-0052,1,45,45
2026-08-01,CUS013,ST-0052,2,45,90
2026-08-01,CUS021,ST-0053,1,40,40
2026-08-01,CUS016,ST-0053,1,40,40
2026-08-01,CUS010,ST-0053,2,40,80
2026-08-01,CUS008,ST-0053,1,40,40
2026-08-01,CUS002,ST-0055,1,210,210
2026-08-01,CUS001,ST-0056,3,65,195
2026-08-01,CUS002,ST-0057,1,390,390
2026-08-01,CUS017,ST-0057,1,390,390
2026-08-01,CUS008,ST-0057,1,390,390
2026-08-01,CUS024,ST-0059,2,140,280
2026-08-01,CUS016,ST-0059,1,140,140
2026-08-03,CUS013,ST-0002,1,1950,1950
2026-08-03,CUS015,ST-0002,1,1950,1950
2026-08-03,CUS002,ST-0002,3,1950,5850
2026-08-03,CUS012,ST-0002,2,1950,3900
2026-08-03,CUS004,ST-0003,2,3090,6180
2026-08-03,CUS005,ST-0003,1,3090,3090
2026-08-03,CUS019,ST-0004,1,4890,4890
2026-08-03,CUS023,ST-0004,1,4890,4890
2026-08-03,CUS009,ST-0004,1,4890,4890
2026-08-03,CUS020,ST-0006,1,6350,6350
2026-08-03,CUS005,ST-0007,1,2250,2250
2026-08-03,CUS002,ST-0007,1,2250,2250
2026-08-03,CUS024,ST-0009,1,165,165
2026-08-03,CUS001,ST-0009,4,165,660
2026-08-03,CUS018,ST-0009,2,165,330
2026-08-03,CUS009,ST-0010,3,175,525
2026-08-03,CUS012,ST-0010,2,175,350
2026-08-03,CUS006,ST-0010,2,175,350
2026-08-03,CUS017,ST-0011,1,560,560
2026-08-03,CUS022,ST-0015,1,1750,1750
2026-08-03,CUS015,ST-0017,9,75,675
2026-08-03,CUS009,ST-0017,6,75,450
2026-08-03,CUS006,ST-0018,3,95,285
2026-08-03,CUS010,ST-0018,2,95,190
2026-08-03,CUS012,ST-0019,1,145,145
2026-08-03,CUS009,ST-0019,2,145,290
2026-08-03,CUS010,ST-0019,1,145,145
2026-08-03,CUS009,ST-0019,1,145,145
2026-08-03,CUS009,ST-0020,1,199,199
2026-08-03,CUS008,ST-0021,2,315,630
2026-08-03,CUS002,ST-0021,1,315,315
2026-08-03,CUS010,ST-0021,1,315,315
2026-08-03,CUS021,ST-0022,1,360,360
2026-08-03,CUS010,ST-0022,1,360,360
2026-08-03,CUS022,ST-0023,2,890,1780
2026-08-03,CUS004,ST-0025,1,420,420
2026-08-03,CUS010,ST-0026,2,58,116
2026-08-03,CUS005,ST-0026,8,58,464
2026-08-03,CUS001,ST-0026,7,58,406
2026-08-03,CUS006,ST-0026,3,58,174
2026-08-03,CUS013,ST-0026,3,58,174
2026-08-03,CUS006,ST-0027,1,78,78
2026-08-03,CUS011,ST-0027,8,78,624
2026-08-03,CUS022,ST-0028,4,11,44
2026-08-03,CUS018,ST-0028,20,11,220
2026-08-03,CUS006,ST-0028,10,11,110
2026-08-03,CUS001,ST-0029,16,16,256
2026-08-03,CUS009,ST-0030,6,52,312
2026-08-03,CUS025,ST-0030,1,52,52
2026-08-03,CUS017,ST-0031,2,45,90
2026-08-03,CUS003,ST-0031,2,45,90
2026-08-03,CUS008,ST-0031,1,45,45
2026-08-03,CUS008,ST-0032,5,66,330
2026-08-03,CUS016,ST-0033,2,85,170
2026-08-03,CUS010,ST-0035,1,38,38
2026-08-03,CUS001,ST-0035,12,38,456
2026-08-03,CUS012,ST-0035,16,38,608
2026-08-03,CUS002,ST-0035,1,38,38
2026-08-03,CUS011,ST-0036,4,75,300
2026-08-03,CUS002,ST-0036,2,75,150
2026-08-03,CUS012,ST-0036,2,75,150
2026-08-03,CUS021,ST-0037,7,88,616
2026-08-03,CUS005,ST-0037,1,88,88
2026-08-03,CUS006,ST-0037,1,88,88
2026-08-03,CUS003,ST-0038,4,145,580
2026-08-03,CUS007,ST-0038,1,145,145
2026-08-03,CUS013,ST-0039,2,215,430
2026-08-03,CUS014,ST-0039,1,215,215
2026-08-03,CUS022,ST-0041,7,55,385
2026-08-03,CUS010,ST-0042,1,82,82
2026-08-03,CUS005,ST-0042,1,82,82
2026-08-03,CUS024,ST-0043,1,105,105
2026-08-03,CUS008,ST-0044,1,450,450
2026-08-03,CUS001,ST-0045,2,65,130
2026-08-03,CUS012,ST-0045,1,65,65
2026-08-03,CUS016,ST-0046,1,15,15
2026-08-03,CUS014,ST-0046,3,15,45
2026-08-03,CUS014,ST-0047,5,16,80
2026-08-03,CUS008,ST-0047,9,16,144
2026-08-03,CUS006,ST-0047,17,16,272
2026-08-03,CUS008,ST-0048,1,16,16
2026-08-03,CUS015,ST-0048,4,16,64
2026-08-03,CUS014,ST-0048,2,16,32
2026-08-03,CUS012,ST-0049,7,70,490
2026-08-03,CUS013,ST-0049,1,70,70
2026-08-03,CUS015,ST-0049,2,70,140
2026-08-03,CUS018,ST-0050,4,85,340
2026-08-03,CUS019,ST-0050,2,85,170
2026-08-03,CUS001,ST-0051,3,55,165
2026-08-03,CUS010,ST-0051,1,55,55
2026-08-03,CUS014,ST-0052,3,45,135
2026-08-03,CUS014,ST-0052,1,45,45
2026-08-03,CUS007,ST-0052,1,45,45
2026-08-03,CUS014,ST-0054,2,240,480
2026-08-03,CUS024,ST-0056,2,65,130
2026-08-03,CUS012,ST-0056,3,65,195
2026-08-03,CUS022,ST-0059,1,140,140
2026-08-03,CUS022,ST-0059,1,140,140
2026-08-04,CUS001,ST-0001,1,1390,1390
2026-08-04,CUS022,ST-0001,1,1390,1390
2026-08-04,CUS007,ST-0002,2,1950,3900
2026-08-04,CUS024,ST-0002,2,1950,3900
2026-08-04,CUS016,ST-0003,1,3090,3090
2026-08-04,CUS004,ST-0004,1,4890,4890
2026-08-04,CUS001,ST-0005,1,7290,7290
2026-08-04,CUS002,ST-0006,1,6350,6350
2026-08-04,CUS011,ST-0007,1,2250,2250
2026-08-04,CUS018,ST-0009,1,165,165
2026-08-04,CUS014,ST-0009,1,165,165
2026-08-04,CUS017,ST-0009,1,165,165
2026-08-04,CUS004,ST-0009,3,165,495
2026-08-04,CUS024,ST-0010,1,175,175
2026-08-04,CUS001,ST-0010,4,175,700
2026-08-04,CUS009,ST-0011,1,560,560
2026-08-04,CUS021,ST-0013,1,1290,1290
2026-08-04,CUS025,ST-0013,1,1290,1290
2026-08-04,CUS012,ST-0015,1,1750,1750
2026-08-04,CUS022,ST-0017,4,75,300
2026-08-04,CUS023,ST-0017,1,75,75
2026-08-04,CUS016,ST-0017,2,75,150
2026-08-04,CUS008,ST-0017,4,75,300
2026-08-04,CUS002,ST-0017,1,75,75
2026-08-04,CUS006,ST-0017,1,75,75
2026-08-04,CUS003,ST-0018,1,95,95
2026-08-04,CUS023,ST-0018,8,95,760
2026-08-04,CUS018,ST-0019,1,145,145
2026-08-04,CUS023,ST-0020,4,199,796
2026-08-04,CUS023,ST-0020,3,199,597
2026-08-04,CUS025,ST-0021,1,315,315
2026-08-04,CUS003,ST-0021,1,315,315
2026-08-04,CUS009,ST-0021,1,315,315
2026-08-04,CUS009,ST-0022,4,360,1440
2026-08-04,CUS002,ST-0022,1,360,360
2026-08-04,CUS009,ST-0023,1,890,890
2026-08-04,CUS012,ST-0025,1,420,420
2026-08-04,CUS010,ST-0025,1,420,420
2026-08-04,CUS011,ST-0026,22,58,1276
2026-08-04,CUS018,ST-0027,9,78,702
2026-08-04,CUS022,ST-0028,7,11,77
2026-08-04,CUS008,ST-0028,5,11,55
2026-08-04,CUS015,ST-0028,4,11,44
2026-08-04,CUS023,ST-0028,8,11,88
2026-08-04,CUS005,ST-0028,1,11,11
2026-08-04,CUS021,ST-0029,4,16,64
2026-08-04,CUS006,ST-0029,7,16,112
2026-08-04,CUS016,ST-0030,5,52,260
2026-08-04,CUS002,ST-0031,1,45,45
2026-08-04,CUS025,ST-0031,1,45,45
2026-08-04,CUS016,ST-0031,3,45,135
2026-08-04,CUS015,ST-0031,2,45,90
2026-08-04,CUS001,ST-0032,1,66,66
2026-08-04,CUS024,ST-0032,2,66,132
2026-08-04,CUS003,ST-0033,2,85,170
2026-08-04,CUS002,ST-0034,1,590,590
2026-08-04,CUS006,ST-0035,14,38,532
2026-08-04,CUS020,ST-0035,16,38,608
2026-08-04,CUS010,ST-0035,10,38,380
2026-08-04,CUS020,ST-0035,4,38,152
2026-08-04,CUS001,ST-0036,6,75,450
2026-08-04,CUS014,ST-0036,2,75,150
2026-08-04,CUS015,ST-0037,10,88,880
2026-08-04,CUS010,ST-0037,2,88,176
2026-08-04,CUS012,ST-0038,3,145,435
2026-08-04,CUS002,ST-0038,2,145,290
2026-08-04,CUS002,ST-0039,1,215,215
2026-08-04,CUS011,ST-0039,1,215,215
2026-08-04,CUS004,ST-0039,1,215,215
2026-08-04,CUS013,ST-0039,1,215,215
2026-08-04,CUS006,ST-0039,1,215,215
2026-08-04,CUS024,ST-0039,2,215,430
2026-08-04,CUS021,ST-0040,1,52,52
2026-08-04,CUS014,ST-0041,2,55,110
2026-08-04,CUS002,ST-0041,1,55,55
2026-08-04,CUS008,ST-0041,1,55,55
2026-08-04,CUS012,ST-0041,1,55,55
2026-08-04,CUS022,ST-0042,1,82,82
2026-08-04,CUS018,ST-0044,1,450,450
2026-08-04,CUS021,ST-0045,1,65,65
2026-08-04,CUS022,ST-0045,1,65,65
2026-08-04,CUS009,ST-0045,1,65,65
2026-08-04,CUS001,ST-0046,1,15,15
2026-08-04,CUS008,ST-0047,5,16,80
2026-08-04,CUS020,ST-0047,24,16,384
2026-08-04,CUS010,ST-0047,5,16,80
2026-08-04,CUS003,ST-0048,2,16,32
2026-08-04,CUS002,ST-0048,1,16,16
2026-08-04,CUS014,ST-0049,3,70,210
2026-08-04,CUS025,ST-0050,3,85,255
2026-08-04,CUS020,ST-0050,1,85,85
2026-08-04,CUS005,ST-0051,1,55,55
2026-08-04,CUS008,ST-0051,4,55,220
2026-08-04,CUS017,ST-0051,1,55,55
2026-08-04,CUS012,ST-0052,1,45,45
2026-08-04,CUS012,ST-0052,4,45,180
2026-08-04,CUS006,ST-0053,1,40,40
2026-08-04,CUS023,ST-0053,1,40,40
2026-08-04,CUS017,ST-0053,1,40,40
2026-08-04,CUS003,ST-0053,2,40,80
2026-08-04,CUS012,ST-0054,1,240,240
2026-08-04,CUS013,ST-0055,2,210,420
2026-08-04,CUS009,ST-0056,1,65,65
2026-08-04,CUS006,ST-0056,1,65,65
2026-08-04,CUS021,ST-0056,1,65,65
2026-08-04,CUS012,ST-0057,1,390,390
2026-08-04,CUS023,ST-0057,1,390,390
2026-08-04,CUS012,ST-0057,1,390,390
2026-08-04,CUS017,ST-0058,1,260,260
2026-08-04,CUS012,ST-0059,1,140,140
2026-08-05,CUS004,ST-0001,1,1390,1390
2026-08-05,CUS022,ST-0002,3,1950,5850
2026-08-05,CUS003,ST-0002,3,1950,5850
2026-08-05,CUS017,ST-0003,1,3090,3090
2026-08-05,CUS003,ST-0003,1,3090,3090
2026-08-05,CUS023,ST-0004,1,4890,4890
2026-08-05,CUS014,ST-0009,2,165,330
2026-08-05,CUS006,ST-0009,1,165,165
2026-08-05,CUS024,ST-0009,1,165,165
2026-08-05,CUS023,ST-0010,4,175,700
2026-08-05,CUS025,ST-0011,3,560,1680
2026-08-05,CUS009,ST-0017,1,75,75
2026-08-05,CUS002,ST-0017,7,75,525
2026-08-05,CUS006,ST-0017,2,75,150
2026-08-05,CUS010,ST-0018,12,95,1140
2026-08-05,CUS008,ST-0018,1,95,95
2026-08-05,CUS009,ST-0018,1,95,95
2026-08-05,CUS018,ST-0019,1,145,145
2026-08-05,CUS012,ST-0019,1,145,145
2026-08-05,CUS020,ST-0019,1,145,145
2026-08-05,CUS022,ST-0020,4,199,796
2026-08-05,CUS012,ST-0020,4,199,796
2026-08-05,CUS021,ST-0020,1,199,199
2026-08-05,CUS006,ST-0021,1,315,315
2026-08-05,CUS016,ST-0021,1,315,315
2026-08-05,CUS022,ST-0022,1,360,360
2026-08-05,CUS021,ST-0022,1,360,360
2026-08-05,CUS011,ST-0023,1,890,890
2026-08-05,CUS005,ST-0025,1,420,420
2026-08-05,CUS005,ST-0025,1,420,420
2026-08-05,CUS010,ST-0025,2,420,840
2026-08-05,CUS016,ST-0026,12,58,696
2026-08-05,CUS025,ST-0026,4,58,232
2026-08-05,CUS021,ST-0026,4,58,232
2026-08-05,CUS023,ST-0027,5,78,390
2026-08-05,CUS003,ST-0027,7,78,546
2026-08-05,CUS012,ST-0028,10,11,110
2026-08-05,CUS008,ST-0028,1,11,11
2026-08-05,CUS001,ST-0028,3,11,33
2026-08-05,CUS020,ST-0028,4,11,44
2026-08-05,CUS003,ST-0028,3,11,33
2026-08-05,CUS012,ST-0028,1,11,11
2026-08-05,CUS016,ST-0029,1,16,16
2026-08-05,CUS021,ST-0029,2,16,32
2026-08-05,CUS001,ST-0029,7,16,112
2026-08-05,CUS017,ST-0029,9,16,144
2026-08-05,CUS009,ST-0030,1,52,52
2026-08-05,CUS009,ST-0030,1,52,52
2026-08-05,CUS003,ST-0030,1,52,52
2026-08-05,CUS020,ST-0030,1,52,52
2026-08-05,CUS017,ST-0030,1,52,52
2026-08-05,CUS018,ST-0031,1,45,45
2026-08-05,CUS003,ST-0031,7,45,315
2026-08-05,CUS005,ST-0032,6,66,396
2026-08-05,CUS001,ST-0032,1,66,66
2026-08-05,CUS013,ST-0033,1,85,85
2026-08-05,CUS019,ST-0034,1,590,590
2026-08-05,CUS025,ST-0034,1,590,590
2026-08-05,CUS003,ST-0035,4,38,152
2026-08-05,CUS018,ST-0035,17,38,646
2026-08-05,CUS017,ST-0035,3,38,114
2026-08-05,CUS023,ST-0035,6,38,228
2026-08-05,CUS005,ST-0035,8,38,304
2026-08-05,CUS015,ST-0035,1,38,38
2026-08-05,CUS024,ST-0036,1,75,75
2026-08-05,CUS014,ST-0036,1,75,75
2026-08-05,CUS001,ST-0036,1,75,75
2026-08-05,CUS018,ST-0036,1,75,75
2026-08-05,CUS023,ST-0037,4,88,352
2026-08-05,CUS012,ST-0038,1,145,145
2026-08-05,CUS002,ST-0038,3,145,435
2026-08-05,CUS007,ST-0039,3,215,645
2026-08-05,CUS005,ST-0040,1,52,52
2026-08-05,CUS014,ST-0041,2,55,110
2026-08-05,CUS017,ST-0041,2,55,110
2026-08-05,CUS008,ST-0041,1,55,55
2026-08-05,CUS017,ST-0041,1,55,55
2026-08-05,CUS018,ST-0042,3,82,246
2026-08-05,CUS009,ST-0042,1,82,82
2026-08-05,CUS012,ST-0043,1,105,105
2026-08-05,CUS012,ST-0043,1,105,105
2026-08-05,CUS024,ST-0046,4,15,60
2026-08-05,CUS010,ST-0046,1,15,15
2026-08-05,CUS021,ST-0046,1,15,15
2026-08-05,CUS019,ST-0046,2,15,30
2026-08-05,CUS012,ST-0046,1,15,15
2026-08-05,CUS005,ST-0047,4,16,64
2026-08-05,CUS012,ST-0047,6,16,96
2026-08-05,CUS006,ST-0047,21,16,336
2026-08-05,CUS008,ST-0048,3,16,48
2026-08-05,CUS019,ST-0048,1,16,16
2026-08-05,CUS012,ST-0049,3,70,210
2026-08-05,CUS002,ST-0049,1,70,70
2026-08-05,CUS025,ST-0049,1,70,70
2026-08-05,CUS018,ST-0050,1,85,85
2026-08-05,CUS021,ST-0050,3,85,255
2026-08-05,CUS022,ST-0050,1,85,85
2026-08-05,CUS021,ST-0050,1,85,85
2026-08-05,CUS017,ST-0051,2,55,110
2026-08-05,CUS003,ST-0051,1,55,55
2026-08-05,CUS002,ST-0052,2,45,90
2026-08-05,CUS002,ST-0052,1,45,45
2026-08-05,CUS023,ST-0053,2,40,80
2026-08-05,CUS011,ST-0053,4,40,160
2026-08-05,CUS008,ST-0054,2,240,480
2026-08-05,CUS003,ST-0056,4,65,260
2026-08-05,CUS008,ST-0056,1,65,65
2026-08-05,CUS012,ST-0056,2,65,130
2026-08-05,CUS025,ST-0057,1,390,390
2026-08-05,CUS009,ST-0058,1,260,260
2026-08-05,CUS007,ST-0059,1,140,140
2026-08-05,CUS013,ST-0059,1,140,140
2026-08-05,CUS006,ST-0059,1,140,140
2026-08-06,CUS018,ST-0001,1,1390,1390
2026-08-06,CUS023,ST-0001,1,1390,1390
2026-08-06,CUS015,ST-0001,1,1390,1390
2026-08-06,CUS013,ST-0002,1,1950,1950
2026-08-06,CUS016,ST-0003,3,3090,9270
2026-08-06,CUS015,ST-0004,1,4890,4890
2026-08-06,CUS013,ST-0005,1,7290,7290
2026-08-06,CUS022,ST-0006,2,6350,12700
2026-08-06,CUS017,ST-0006,1,6350,6350
2026-08-06,CUS015,ST-0007,1,2250,2250
2026-08-06,CUS022,ST-0009,3,165,495
2026-08-06,CUS012,ST-0009,2,165,330
2026-08-06,CUS005,ST-0010,5,175,875
2026-08-06,CUS022,ST-0010,1,175,175
2026-08-06,CUS025,ST-0010,4,175,700
2026-08-06,CUS012,ST-0011,1,560,560
2026-08-06,CUS023,ST-0011,1,560,560
2026-08-06,CUS012,ST-0012,1,2150,2150
2026-08-06,CUS005,ST-0015,1,1750,1750
2026-08-06,CUS014,ST-0017,2,75,150
2026-08-06,CUS009,ST-0017,18,75,1350
2026-08-06,CUS023,ST-0018,5,95,475
2026-08-06,CUS019,ST-0018,3,95,285
2026-08-06,CUS014,ST-0018,1,95,95
2026-08-06,CUS017,ST-0019,1,145,145
2026-08-06,CUS017,ST-0019,2,145,290
2026-08-06,CUS019,ST-0019,2,145,290
2026-08-06,CUS022,ST-0020,3,199,597
2026-08-06,CUS009,ST-0020,1,199,199
2026-08-06,CUS012,ST-0020,1,199,199
2026-08-06,CUS012,ST-0020,1,199,199
2026-08-06,CUS002,ST-0021,1,315,315
2026-08-06,CUS016,ST-0021,1,315,315
2026-08-06,CUS017,ST-0021,1,315,315
2026-08-06,CUS016,ST-0022,1,360,360
2026-08-06,CUS005,ST-0022,2,360,720
2026-08-06,CUS022,ST-0025,1,420,420
2026-08-06,CUS013,ST-0025,1,420,420
2026-08-06,CUS003,ST-0026,1,58,58
2026-08-06,CUS019,ST-0026,2,58,116
2026-08-06,CUS024,ST-0026,2,58,116
2026-08-06,CUS023,ST-0026,3,58,174
2026-08-06,CUS008,ST-0026,4,58,232
2026-08-06,CUS016,ST-0026,8,58,464
2026-08-06,CUS019,ST-0027,7,78,546
2026-08-06,CUS009,ST-0028,21,11,231
2026-08-06,CUS023,ST-0028,2,11,22
2026-08-06,CUS010,ST-0029,21,16,336
2026-08-06,CUS021,ST-0030,4,52,208
2026-08-06,CUS016,ST-0030,1,52,52
2026-08-06,CUS019,ST-0031,8,45,360
2026-08-06,CUS010,ST-0032,2,66,132
2026-08-06,CUS025,ST-0032,3,66,198
2026-08-06,CUS009,ST-0033,1,85,85
2026-08-06,CUS015,ST-0033,1,85,85
2026-08-06,CUS015,ST-0034,1,590,590
2026-08-06,CUS002,ST-0035,6,38,228
2026-08-06,CUS017,ST-0035,17,38,646
2026-08-06,CUS012,ST-0035,7,38,266
2026-08-06,CUS008,ST-0036,1,75,75
2026-08-06,CUS013,ST-0036,4,75,300
2026-08-06,CUS009,ST-0036,5,75,375
2026-08-06,CUS016,ST-0037,8,88,704
2026-08-06,CUS004,ST-0037,4,88,352
2026-08-06,CUS024,ST-0038,1,145,145
2026-08-06,CUS024,ST-0038,2,145,290
2026-08-06,CUS016,ST-0038,1,145,145
2026-08-06,CUS024,ST-0038,1,145,145
2026-08-06,CUS001,ST-0039,2,215,430
2026-08-06,CUS009,ST-0039,2,215,430
2026-08-06,CUS001,ST-0039,2,215,430
2026-08-06,CUS011,ST-0039,1,215,215
2026-08-06,CUS013,ST-0040,1,52,52
2026-08-06,CUS025,ST-0041,4,55,220
2026-08-06,CUS013,ST-0041,3,55,165
2026-08-06,CUS022,ST-0041,1,55,55
2026-08-06,CUS002,ST-0041,2,55,110
2026-08-06,CUS012,ST-0042,3,82,246
2026-08-06,CUS020,ST-0042,1,82,82
2026-08-06,CUS018,ST-0044,1,450,450
2026-08-06,CUS013,ST-0044,1,450,450
2026-08-06,CUS012,ST-0044,1,450,450
2026-08-06,CUS022,ST-0045,1,65,65
2026-08-06,CUS016,ST-0045,2,65,130
2026-08-06,CUS002,ST-0046,6,15,90
2026-08-06,CUS021,ST-0047,9,16,144
2026-08-06,CUS009,ST-0047,10,16,160
2026-08-06,CUS002,ST-0047,3,16,48
2026-08-06,CUS003,ST-0048,2,16,32
2026-08-06,CUS017,ST-0048,5,16,80
2026-08-06,CUS004,ST-0050,1,85,85
2026-08-06,CUS014,ST-0050,4,85,340
2026-08-06,CUS015,ST-0050,2,85,170
2026-08-06,CUS005,ST-0050,5,85,425
2026-08-06,CUS001,ST-0051,2,55,110
2026-08-06,CUS004,ST-0051,4,55,220
2026-08-06,CUS003,ST-0051,4,55,220
2026-08-06,CUS012,ST-0052,1,45,45
2026-08-06,CUS024,ST-0052,2,45,90
2026-08-06,CUS012,ST-0052,1,45,45
2026-08-06,CUS001,ST-0052,1,45,45
2026-08-06,CUS005,ST-0053,5,40,200
2026-08-06,CUS018,ST-0053,2,40,80
2026-08-06,CUS016,ST-0053,1,40,40
2026-08-06,CUS006,ST-0054,1,240,240
2026-08-06,CUS017,ST-0054,2,240,480
2026-08-06,CUS003,ST-0055,1,210,210
2026-08-06,CUS017,ST-0056,1,65,65
2026-08-06,CUS025,ST-0056,4,65,260
2026-08-06,CUS017,ST-0056,1,65,65
2026-08-06,CUS008,ST-0059,1,140,140
2026-08-06,CUS018,ST-0059,2,140,280
2026-08-06,CUS022,ST-0059,1,140,140
2026-08-06,CUS017,ST-0060,1,175,175
2026-08-07,CUS010,ST-0001,1,1390,1390
2026-08-07,CUS023,ST-0002,2,1950,3900
2026-08-07,CUS010,ST-0002,1,1950,1950
2026-08-07,CUS001,ST-0003,1,3090,3090
2026-08-07,CUS001,ST-0003,2,3090,6180
2026-08-07,CUS002,ST-0003,1,3090,3090
2026-08-07,CUS023,ST-0006,1,6350,6350
2026-08-07,CUS002,ST-0006,1,6350,6350
2026-08-07,CUS014,ST-0009,3,165,495
2026-08-07,CUS017,ST-0009,1,165,165
2026-08-07,CUS002,ST-0010,1,175,175
2026-08-07,CUS005,ST-0010,3,175,525
2026-08-07,CUS016,ST-0017,21,75,1575
2026-08-07,CUS016,ST-0018,1,95,95
2026-08-07,CUS014,ST-0018,3,95,285
2026-08-07,CUS016,ST-0018,4,95,380
2026-08-07,CUS025,ST-0019,1,145,145
2026-08-07,CUS005,ST-0019,2,145,290
2026-08-07,CUS006,ST-0020,5,199,995
2026-08-07,CUS004,ST-0021,1,315,315
2026-08-07,CUS009,ST-0025,4,420,1680
2026-08-07,CUS015,ST-0026,4,58,232
2026-08-07,CUS014,ST-0026,1,58,58
2026-08-07,CUS010,ST-0026,3,58,174
2026-08-07,CUS019,ST-0026,3,58,174
2026-08-07,CUS017,ST-0026,4,58,232
2026-08-07,CUS024,ST-0026,3,58,174
2026-08-07,CUS006,ST-0027,10,78,780
2026-08-07,CUS018,ST-0027,4,78,312
2026-08-07,CUS016,ST-0027,2,78,156
2026-08-07,CUS008,ST-0028,3,11,33
2026-08-07,CUS014,ST-0028,2,11,22
2026-08-07,CUS006,ST-0028,2,11,22
2026-08-07,CUS010,ST-0028,18,11,198
2026-08-07,CUS025,ST-0028,3,11,33
2026-08-07,CUS001,ST-0029,5,16,80
2026-08-07,CUS005,ST-0029,10,16,160
2026-08-07,CUS015,ST-0030,1,52,52
2026-08-07,CUS016,ST-0030,4,52,208
2026-08-07,CUS009,ST-0031,3,45,135
2026-08-07,CUS016,ST-0031,1,45,45
2026-08-07,CUS014,ST-0031,1,45,45
2026-08-07,CUS002,ST-0031,3,45,135
2026-08-07,CUS020,ST-0032,4,66,264
2026-08-07,CUS012,ST-0033,1,85,85
2026-08-07,CUS006,ST-0033,1,85,85
2026-08-07,CUS025,ST-0034,1,590,590
2026-08-07,CUS024,ST-0035,27,38,1026
2026-08-07,CUS001,ST-0035,1,38,38
2026-08-07,CUS018,ST-0035,3,38,114
2026-08-07,CUS014,ST-0036,3,75,225
2026-08-07,CUS015,ST-0036,4,75,300
2026-08-07,CUS008,ST-0036,10,75,750
2026-08-07,CUS011,ST-0037,12,88,1056
2026-08-07,CUS003,ST-0038,1,145,145
2026-08-07,CUS014,ST-0038,3,145,435
2026-08-07,CUS023,ST-0038,1,145,145
2026-08-07,CUS016,ST-0039,2,215,430
2026-08-07,CUS001,ST-0040,1,52,52
2026-08-07,CUS023,ST-0041,4,55,220
2026-08-07,CUS009,ST-0041,4,55,220
2026-08-07,CUS019,ST-0041,3,55,165
2026-08-07,CUS025,ST-0042,1,82,82
2026-08-07,CUS014,ST-0042,2,82,164
2026-08-07,CUS022,ST-0043,1,105,105
2026-08-07,CUS014,ST-0043,1,105,105
2026-08-07,CUS017,ST-0045,1,65,65
2026-08-07,CUS012,ST-0045,1,65,65
2026-08-07,CUS020,ST-0046,2,15,30
2026-08-07,CUS023,ST-0046,2,15,30
2026-08-07,CUS025,ST-0046,4,15,60
2026-08-07,CUS012,ST-0047,5,16,80
2026-08-07,CUS001,ST-0047,7,16,112
2026-08-07,CUS012,ST-0047,10,16,160
2026-08-07,CUS021,ST-0047,4,16,64
2026-08-07,CUS007,ST-0048,1,16,16
2026-08-07,CUS005,ST-0048,1,16,16
2026-08-07,CUS008,ST-0048,1,16,16
2026-08-07,CUS013,ST-0048,1,16,16
2026-08-07,CUS021,ST-0049,1,70,70
2026-08-07,CUS012,ST-0050,1,85,85
2026-08-07,CUS002,ST-0050,1,85,85
2026-08-07,CUS007,ST-0050,1,85,85
2026-08-07,CUS023,ST-0050,2,85,170
2026-08-07,CUS024,ST-0050,1,85,85
2026-08-07,CUS018,ST-0051,3,55,165
2026-08-07,CUS002,ST-0052,1,45,45
2026-08-07,CUS015,ST-0052,2,45,90
2026-08-07,CUS012,ST-0052,1,45,45
2026-08-07,CUS016,ST-0052,1,45,45
2026-08-07,CUS025,ST-0053,2,40,80
2026-08-07,CUS003,ST-0053,1,40,40
2026-08-07,CUS016,ST-0053,1,40,40
2026-08-07,CUS008,ST-0053,1,40,40
2026-08-07,CUS020,ST-0054,1,240,240
2026-08-07,CUS017,ST-0056,3,65,195
2026-08-07,CUS004,ST-0057,5,390,1950
2026-08-07,CUS023,ST-0059,2,140,280
2026-08-07,CUS014,ST-0060,2,175,350
2026-08-08,CUS006,ST-0002,2,1950,3900
2026-08-08,CUS012,ST-0002,2,1950,3900
2026-08-08,CUS008,ST-0002,1,1950,1950
2026-08-08,CUS023,ST-0003,2,3090,6180
2026-08-08,CUS025,ST-0003,2,3090,6180
2026-08-08,CUS013,ST-0004,1,4890,4890
2026-08-08,CUS013,ST-0006,1,6350,6350
2026-08-08,CUS012,ST-0008,1,6150,6150
2026-08-08,CUS017,ST-0009,3,165,495
2026-08-08,CUS025,ST-0010,1,175,175
2026-08-08,CUS001,ST-0010,2,175,350
2026-08-08,CUS022,ST-0010,1,175,175
2026-08-08,CUS025,ST-0010,3,175,525
2026-08-08,CUS014,ST-0013,1,1290,1290
2026-08-08,CUS021,ST-0013,2,1290,2580
2026-08-08,CUS014,ST-0014,1,3150,3150
2026-08-08,CUS024,ST-0016,1,1190,1190
2026-08-08,CUS018,ST-0017,11,75,825
2026-08-08,CUS008,ST-0018,5,95,475
2026-08-08,CUS012,ST-0018,3,95,285
2026-08-08,CUS009,ST-0018,3,95,285
2026-08-08,CUS017,ST-0019,3,145,435
2026-08-08,CUS013,ST-0020,3,199,597
2026-08-08,CUS018,ST-0020,2,199,398
2026-08-08,CUS011,ST-0020,2,199,398
2026-08-08,CUS001,ST-0021,1,315,315
2026-08-08,CUS001,ST-0021,1,315,315
2026-08-08,CUS002,ST-0021,1,315,315
2026-08-08,CUS003,ST-0022,1,360,360
2026-08-08,CUS022,ST-0023,1,890,890
2026-08-08,CUS024,ST-0025,1,420,420
2026-08-08,CUS014,ST-0026,20,58,1160
2026-08-08,CUS013,ST-0027,6,78,468
2026-08-08,CUS006,ST-0027,7,78,546
2026-08-08,CUS003,ST-0028,8,11,88
2026-08-08,CUS016,ST-0028,9,11,99
2026-08-08,CUS012,ST-0029,3,16,48
2026-08-08,CUS019,ST-0029,13,16,208
2026-08-08,CUS020,ST-0029,4,16,64
2026-08-08,CUS012,ST-0030,2,52,104
2026-08-08,CUS011,ST-0030,3,52,156
2026-08-08,CUS021,ST-0030,1,52,52
2026-08-08,CUS020,ST-0030,1,52,52
2026-08-08,CUS020,ST-0030,4,52,208
2026-08-08,CUS020,ST-0031,3,45,135
2026-08-08,CUS006,ST-0031,1,45,45
2026-08-08,CUS015,ST-0031,2,45,90
2026-08-08,CUS010,ST-0032,2,66,132
2026-08-08,CUS019,ST-0032,3,66,198
2026-08-08,CUS004,ST-0032,1,66,66
2026-08-08,CUS008,ST-0033,1,85,85
2026-08-08,CUS021,ST-0033,1,85,85
2026-08-08,CUS005,ST-0035,11,38,418
2026-08-08,CUS003,ST-0035,13,38,494
2026-08-08,CUS002,ST-0035,6,38,228
2026-08-08,CUS021,ST-0036,8,75,600
2026-08-08,CUS014,ST-0036,2,75,150
2026-08-08,CUS017,ST-0036,2,75,150
2026-08-08,CUS006,ST-0036,3,75,225
2026-08-08,CUS011,ST-0037,4,88,352
2026-08-08,CUS002,ST-0037,1,88,88
2026-08-08,CUS008,ST-0037,4,88,352
2026-08-08,CUS006,ST-0037,2,88,176
2026-08-08,CUS024,ST-0037,1,88,88
2026-08-08,CUS021,ST-0037,3,88,264
2026-08-08,CUS025,ST-0038,3,145,435
2026-08-08,CUS025,ST-0038,2,145,290
2026-08-08,CUS012,ST-0039,2,215,430
2026-08-08,CUS002,ST-0039,1,215,215
2026-08-08,CUS008,ST-0040,1,52,52
2026-08-08,CUS006,ST-0040,1,52,52
2026-08-08,CUS014,ST-0041,1,55,55
2026-08-08,CUS019,ST-0041,2,55,110
2026-08-08,CUS002,ST-0041,3,55,165
2026-08-08,CUS019,ST-0041,2,55,110
2026-08-08,CUS003,ST-0042,2,82,164
2026-08-08,CUS001,ST-0042,6,82,492
2026-08-08,CUS025,ST-0042,1,82,82
2026-08-08,CUS005,ST-0043,1,105,105
2026-08-08,CUS008,ST-0045,2,65,130
2026-08-08,CUS023,ST-0045,1,65,65
2026-08-08,CUS004,ST-0045,1,65,65
2026-08-08,CUS018,ST-0046,3,15,45
2026-08-08,CUS010,ST-0046,2,15,30
2026-08-08,CUS015,ST-0046,1,15,15
2026-08-08,CUS009,ST-0046,1,15,15
2026-08-08,CUS014,ST-0047,3,16,48
2026-08-08,CUS003,ST-0047,21,16,336
2026-08-08,CUS013,ST-0047,4,16,64
2026-08-08,CUS020,ST-0048,6,16,96
2026-08-08,CUS006,ST-0049,5,70,350
2026-08-08,CUS006,ST-0050,1,85,85
2026-08-08,CUS013,ST-0050,5,85,425
2026-08-08,CUS008,ST-0051,1,55,55
2026-08-08,CUS011,ST-0051,2,55,110
2026-08-08,CUS003,ST-0051,1,55,55
2026-08-08,CUS009,ST-0051,3,55,165
2026-08-08,CUS004,ST-0051,1,55,55
2026-08-08,CUS022,ST-0052,1,45,45
2026-08-08,CUS002,ST-0052,1,45,45
2026-08-08,CUS022,ST-0052,2,45,90
2026-08-08,CUS005,ST-0052,1,45,45
2026-08-08,CUS002,ST-0053,1,40,40
2026-08-08,CUS006,ST-0054,1,240,240
2026-08-08,CUS006,ST-0054,1,240,240
2026-08-08,CUS006,ST-0054,1,240,240
2026-08-08,CUS016,ST-0056,1,65,65
2026-08-08,CUS022,ST-0056,3,65,195
2026-08-08,CUS005,ST-0057,1,390,390
2026-08-08,CUS012,ST-0058,1,260,260
2026-08-08,CUS006,ST-0060,1,175,175
2026-08-10,CUS015,ST-0002,2,1950,3900
2026-08-10,CUS009,ST-0002,2,1950,3900
2026-08-10,CUS022,ST-0002,1,1950,1950
2026-08-10,CUS022,ST-0002,1,1950,1950
2026-08-10,CUS017,ST-0002,2,1950,3900
2026-08-10,CUS013,ST-0003,4,3090,12360
2026-08-10,CUS017,ST-0004,1,4890,4890
2026-08-10,CUS023,ST-0004,1,4890,4890
2026-08-10,CUS011,ST-0007,1,2250,2250
2026-08-10,CUS006,ST-0009,1,165,165
2026-08-10,CUS015,ST-0009,3,165,495
2026-08-10,CUS024,ST-0009,1,165,165
2026-08-10,CUS017,ST-0009,1,165,165
2026-08-10,CUS009,ST-0010,1,175,175
2026-08-10,CUS017,ST-0010,6,175,1050
2026-08-10,CUS018,ST-0010,2,175,350
2026-08-10,CUS006,ST-0013,1,1290,1290
2026-08-10,CUS010,ST-0017,11,75,825
2026-08-10,CUS017,ST-0017,6,75,450
2026-08-10,CUS017,ST-0018,5,95,475
2026-08-10,CUS023,ST-0019,1,145,145
2026-08-10,CUS008,ST-0019,1,145,145
2026-08-10,CUS003,ST-0019,1,145,145
2026-08-10,CUS008,ST-0019,3,145,435
2026-08-10,CUS015,ST-0019,1,145,145
2026-08-10,CUS022,ST-0020,2,199,398
2026-08-10,CUS019,ST-0020,1,199,199
2026-08-10,CUS021,ST-0020,3,199,597
2026-08-10,CUS012,ST-0020,1,199,199
2026-08-10,CUS021,ST-0021,1,315,315
2026-08-10,CUS022,ST-0021,1,315,315
2026-08-10,CUS017,ST-0021,1,315,315
2026-08-10,CUS011,ST-0021,1,315,315
2026-08-10,CUS011,ST-0022,2,360,720
2026-08-10,CUS006,ST-0025,1,420,420
2026-08-10,CUS021,ST-0026,3,58,174
2026-08-10,CUS021,ST-0026,8,58,464
2026-08-10,CUS017,ST-0026,1,58,58
2026-08-10,CUS002,ST-0026,1,58,58
2026-08-10,CUS012,ST-0026,8,58,464
2026-08-10,CUS001,ST-0027,9,78,702
2026-08-10,CUS012,ST-0028,14,11,154
2026-08-10,CUS014,ST-0028,12,11,132
2026-08-10,CUS024,ST-0029,7,16,112
2026-08-10,CUS017,ST-0029,3,16,48
2026-08-10,CUS003,ST-0029,12,16,192
2026-08-10,CUS010,ST-0030,7,52,364
2026-08-10,CUS005,ST-0030,1,52,52
2026-08-10,CUS014,ST-0030,2,52,104
2026-08-10,CUS017,ST-0031,1,45,45
2026-08-10,CUS008,ST-0031,1,45,45
2026-08-10,CUS018,ST-0031,1,45,45
2026-08-10,CUS009,ST-0031,2,45,90
2026-08-10,CUS011,ST-0031,3,45,135
2026-08-10,CUS021,ST-0032,1,66,66
2026-08-10,CUS025,ST-0032,1,66,66
2026-08-10,CUS017,ST-0032,1,66,66
2026-08-10,CUS017,ST-0033,1,85,85
2026-08-10,CUS018,ST-0034,1,590,590
2026-08-10,CUS001,ST-0035,1,38,38
2026-08-10,CUS008,ST-0035,32,38,1216
2026-08-10,CUS001,ST-0036,12,75,900
2026-08-10,CUS018,ST-0037,1,88,88
2026-08-10,CUS023,ST-0037,7,88,616
2026-08-10,CUS004,ST-0037,1,88,88
2026-08-10,CUS004,ST-0037,2,88,176
2026-08-10,CUS008,ST-0038,1,145,145
2026-08-10,CUS001,ST-0039,1,215,215
2026-08-10,CUS018,ST-0039,2,215,430
2026-08-10,CUS012,ST-0039,1,215,215
2026-08-10,CUS009,ST-0041,5,55,275
2026-08-10,CUS012,ST-0041,1,55,55
2026-08-10,CUS020,ST-0041,1,55,55
2026-08-10,CUS018,ST-0042,3,82,246
2026-08-10,CUS024,ST-0042,1,82,82
2026-08-10,CUS024,ST-0044,1,450,450
2026-08-10,CUS002,ST-0044,1,450,450
2026-08-10,CUS020,ST-0046,4,15,60
2026-08-10,CUS013,ST-0046,1,15,15
2026-08-10,CUS020,ST-0047,3,16,48
2026-08-10,CUS023,ST-0047,1,16,16
2026-08-10,CUS012,ST-0047,38,16,608
2026-08-10,CUS018,ST-0048,2,16,32
2026-08-10,CUS012,ST-0048,1,16,16
2026-08-10,CUS012,ST-0048,1,16,16
2026-08-10,CUS012,ST-0048,1,16,16
2026-08-10,CUS010,ST-0048,1,16,16
2026-08-10,CUS011,ST-0048,1,16,16
2026-08-10,CUS009,ST-0049,3,70,210
2026-08-10,CUS013,ST-0049,1,70,70
2026-08-10,CUS021,ST-0050,6,85,510
2026-08-10,CUS014,ST-0050,3,85,255
2026-08-10,CUS020,ST-0051,1,55,55
2026-08-10,CUS012,ST-0051,1,55,55
2026-08-10,CUS003,ST-0051,2,55,110
2026-08-10,CUS012,ST-0052,3,45,135
2026-08-10,CUS015,ST-0052,1,45,45
2026-08-10,CUS008,ST-0053,1,40,40
2026-08-10,CUS002,ST-0053,2,40,80
2026-08-10,CUS009,ST-0055,1,210,210
2026-08-10,CUS008,ST-0056,5,65,325
2026-08-10,CUS004,ST-0056,2,65,130
2026-08-10,CUS004,ST-0057,1,390,390
2026-08-10,CUS024,ST-0057,2,390,780
2026-08-10,CUS002,ST-0058,1,260,260
2026-08-10,CUS003,ST-0059,1,140,140
2026-08-10,CUS006,ST-0060,2,175,350
2026-08-11,CUS025,ST-0001,1,1390,1390
2026-08-11,CUS006,ST-0001,1,1390,1390
2026-08-11,CUS002,ST-0001,1,1390,1390
2026-08-11,CUS024,ST-0001,1,1390,1390
2026-08-11,CUS003,ST-0002,1,1950,1950
2026-08-11,CUS007,ST-0003,1,3090,3090
2026-08-11,CUS002,ST-0005,1,7290,7290
2026-08-11,CUS012,ST-0007,1,2250,2250
2026-08-11,CUS019,ST-0009,1,165,165
2026-08-11,CUS016,ST-0009,1,165,165
2026-08-11,CUS012,ST-0009,2,165,330
2026-08-11,CUS021,ST-0010,2,175,350
2026-08-11,CUS019,ST-0011,1,560,560
2026-08-11,CUS021,ST-0013,1,1290,1290
2026-08-11,CUS009,ST-0017,8,75,600
2026-08-11,CUS017,ST-0017,7,75,525
2026-08-11,CUS017,ST-0018,7,95,665
2026-08-11,CUS017,ST-0019,1,145,145
2026-08-11,CUS016,ST-0019,1,145,145
2026-08-11,CUS017,ST-0020,1,199,199
2026-08-11,CUS009,ST-0020,1,199,199
2026-08-11,CUS022,ST-0020,2,199,398
2026-08-11,CUS017,ST-0020,2,199,398
2026-08-11,CUS013,ST-0021,1,315,315
2026-08-11,CUS022,ST-0021,1,315,315
2026-08-11,CUS024,ST-0022,1,360,360
2026-08-11,CUS019,ST-0023,1,890,890
2026-08-11,CUS018,ST-0023,1,890,890
2026-08-11,CUS010,ST-0026,4,58,232
2026-08-11,CUS018,ST-0026,5,58,290
2026-08-11,CUS005,ST-0026,6,58,348
2026-08-11,CUS021,ST-0026,3,58,174
2026-08-11,CUS023,ST-0026,1,58,58
2026-08-11,CUS004,ST-0026,2,58,116
2026-08-11,CUS008,ST-0026,3,58,174
2026-08-11,CUS008,ST-0027,8,78,624
2026-08-11,CUS008,ST-0027,3,78,234
2026-08-11,CUS003,ST-0027,2,78,156
2026-08-11,CUS004,ST-0028,3,11,33
2026-08-11,CUS023,ST-0028,7,11,77
2026-08-11,CUS025,ST-0028,13,11,143
2026-08-11,CUS022,ST-0028,8,11,88
2026-08-11,CUS003,ST-0029,3,16,48
2026-08-11,CUS014,ST-0029,10,16,160
2026-08-11,CUS020,ST-0030,3,52,156
2026-08-11,CUS010,ST-0030,2,52,104
2026-08-11,CUS006,ST-0030,1,52,52
2026-08-11,CUS022,ST-0030,6,52,312
2026-08-11,CUS024,ST-0031,1,45,45
2026-08-11,CUS023,ST-0031,4,45,180
2026-08-11,CUS008,ST-0031,1,45,45
2026-08-11,CUS022,ST-0032,3,66,198
2026-08-11,CUS010,ST-0032,3,66,198
2026-08-11,CUS002,ST-0033,1,85,85
2026-08-11,CUS001,ST-0033,1,85,85
2026-08-11,CUS017,ST-0033,1,85,85
2026-08-11,CUS008,ST-0033,1,85,85
2026-08-11,CUS023,ST-0033,1,85,85
2026-08-11,CUS012,ST-0034,1,590,590
2026-08-11,CUS006,ST-0035,7,38,266
2026-08-11,CUS014,ST-0035,16,38,608
2026-08-11,CUS008,ST-0035,13,38,494
2026-08-11,CUS011,ST-0036,6,75,450
2026-08-11,CUS003,ST-0037,1,88,88
2026-08-11,CUS009,ST-0037,15,88,1320
2026-08-11,CUS015,ST-0038,3,145,435
2026-08-11,CUS006,ST-0038,1,145,145
2026-08-11,CUS011,ST-0038,2,145,290
2026-08-11,CUS002,ST-0038,1,145,145
2026-08-11,CUS010,ST-0039,1,215,215
2026-08-11,CUS017,ST-0039,1,215,215
2026-08-11,CUS018,ST-0040,1,52,52
2026-08-11,CUS004,ST-0041,2,55,110
2026-08-11,CUS020,ST-0041,2,55,110
2026-08-11,CUS014,ST-0041,1,55,55
2026-08-11,CUS009,ST-0041,3,55,165
2026-08-11,CUS023,ST-0042,1,82,82
2026-08-11,CUS004,ST-0042,2,82,164
2026-08-11,CUS006,ST-0042,1,82,82
2026-08-11,CUS015,ST-0043,2,105,210
2026-08-11,CUS021,ST-0045,1,65,65
2026-08-11,CUS014,ST-0046,5,15,75
2026-08-11,CUS024,ST-0046,1,15,15
2026-08-11,CUS023,ST-0047,2,16,32
2026-08-11,CUS002,ST-0047,2,16,32
2026-08-11,CUS022,ST-0047,2,16,32
2026-08-11,CUS008,ST-0047,5,16,80
2026-08-11,CUS006,ST-0047,14,16,224
2026-08-11,CUS024,ST-0048,4,16,64
2026-08-11,CUS012,ST-0048,1,16,16
2026-08-11,CUS015,ST-0048,2,16,32
2026-08-11,CUS010,ST-0049,3,70,210
2026-08-11,CUS008,ST-0050,1,85,85
2026-08-11,CUS001,ST-0050,4,85,340
2026-08-11,CUS018,ST-0051,1,55,55
2026-08-11,CUS003,ST-0051,1,55,55
2026-08-11,CUS008,ST-0051,7,55,385
2026-08-11,CUS012,ST-0052,3,45,135
2026-08-11,CUS009,ST-0052,1,45,45
2026-08-11,CUS024,ST-0053,1,40,40
2026-08-11,CUS010,ST-0054,1,240,240
2026-08-11,CUS009,ST-0057,1,390,390
2026-08-11,CUS009,ST-0059,1,140,140
2026-08-11,CUS006,ST-0060,1,175,175
2026-08-12,CUS013,ST-0001,1,1390,1390
2026-08-12,CUS021,ST-0002,1,1950,1950
2026-08-12,CUS025,ST-0002,2,1950,3900
2026-08-12,CUS006,ST-0003,4,3090,12360
2026-08-12,CUS024,ST-0003,2,3090,6180
2026-08-12,CUS009,ST-0004,1,4890,4890
2026-08-12,CUS005,ST-0008,1,6150,6150
2026-08-12,CUS002,ST-0009,2,165,330
2026-08-12,CUS001,ST-0010,1,175,175
2026-08-12,CUS001,ST-0010,4,175,700
2026-08-12,CUS008,ST-0010,1,175,175
2026-08-12,CUS024,ST-0011,1,560,560
2026-08-12,CUS025,ST-0013,1,1290,1290
2026-08-12,CUS024,ST-0017,1,75,75
2026-08-12,CUS014,ST-0017,20,75,1500
2026-08-12,CUS012,ST-0018,2,95,190
2026-08-12,CUS012,ST-0018,1,95,95
2026-08-12,CUS023,ST-0018,1,95,95
2026-08-12,CUS021,ST-0018,1,95,95
2026-08-12,CUS025,ST-0018,2,95,190
2026-08-12,CUS022,ST-0019,1,145,145
2026-08-12,CUS016,ST-0020,3,199,597
2026-08-12,CUS006,ST-0020,2,199,398
2026-08-12,CUS013,ST-0020,12,199,2388
2026-08-12,CUS008,ST-0021,2,315,630
2026-08-12,CUS022,ST-0022,2,360,720
2026-08-12,CUS021,ST-0023,1,890,890
2026-08-12,CUS025,ST-0026,4,58,232
2026-08-12,CUS005,ST-0026,23,58,1334
2026-08-12,CUS016,ST-0026,1,58,58
2026-08-12,CUS025,ST-0027,9,78,702
2026-08-12,CUS010,ST-0027,1,78,78
2026-08-12,CUS022,ST-0027,1,78,78
2026-08-12,CUS022,ST-0028,5,11,55
2026-08-12,CUS012,ST-0028,1,11,11
2026-08-12,CUS017,ST-0028,17,11,187
2026-08-12,CUS023,ST-0029,4,16,64
2026-08-12,CUS001,ST-0029,8,16,128
2026-08-12,CUS010,ST-0029,4,16,64
2026-08-12,CUS005,ST-0030,1,52,52
2026-08-12,CUS005,ST-0030,4,52,208
2026-08-12,CUS021,ST-0030,1,52,52
2026-08-12,CUS021,ST-0031,2,45,90
2026-08-12,CUS012,ST-0032,1,66,66
2026-08-12,CUS024,ST-0032,3,66,198
2026-08-12,CUS008,ST-0032,1,66,66
2026-08-12,CUS021,ST-0032,2,66,132
2026-08-12,CUS021,ST-0032,1,66,66
2026-08-12,CUS017,ST-0033,1,85,85
2026-08-12,CUS023,ST-0033,1,85,85
2026-08-12,CUS018,ST-0034,1,590,590
2026-08-12,CUS001,ST-0035,20,38,760
2026-08-12,CUS008,ST-0035,25,38,950
2026-08-12,CUS009,ST-0035,9,38,342
2026-08-12,CUS025,ST-0036,4,75,300
2026-08-12,CUS006,ST-0036,1,75,75
2026-08-12,CUS012,ST-0036,2,75,150
2026-08-12,CUS017,ST-0037,3,88,264
2026-08-12,CUS009,ST-0037,7,88,616
2026-08-12,CUS025,ST-0037,1,88,88
2026-08-12,CUS006,ST-0037,2,88,176
2026-08-12,CUS002,ST-0037,4,88,352
2026-08-12,CUS018,ST-0038,6,145,870
2026-08-12,CUS003,ST-0038,1,145,145
2026-08-12,CUS009,ST-0038,1,145,145
2026-08-12,CUS025,ST-0038,1,145,145
2026-08-12,CUS017,ST-0039,4,215,860
2026-08-12,CUS014,ST-0040,1,52,52
2026-08-12,CUS014,ST-0040,1,52,52
2026-08-12,CUS016,ST-0041,6,55,330
2026-08-12,CUS012,ST-0042,2,82,164
2026-08-12,CUS017,ST-0043,2,105,210
2026-08-12,CUS012,ST-0044,1,450,450
2026-08-12,CUS003,ST-0044,1,450,450
2026-08-12,CUS018,ST-0046,6,15,90
2026-08-12,CUS005,ST-0046,1,15,15
2026-08-12,CUS005,ST-0047,18,16,288
2026-08-12,CUS008,ST-0047,4,16,64
2026-08-12,CUS020,ST-0047,12,16,192
2026-08-12,CUS008,ST-0048,1,16,16
2026-08-12,CUS004,ST-0048,3,16,48
2026-08-12,CUS017,ST-0049,2,70,140
2026-08-12,CUS010,ST-0050,1,85,85
2026-08-12,CUS016,ST-0050,1,85,85
2026-08-12,CUS009,ST-0050,3,85,255
2026-08-12,CUS008,ST-0051,2,55,110
2026-08-12,CUS016,ST-0051,1,55,55
2026-08-12,CUS021,ST-0051,2,55,110
2026-08-12,CUS001,ST-0052,1,45,45
2026-08-12,CUS015,ST-0052,5,45,225
2026-08-12,CUS012,ST-0053,3,40,120
2026-08-12,CUS013,ST-0053,2,40,80
2026-08-12,CUS018,ST-0055,1,210,210
2026-08-12,CUS010,ST-0056,3,65,195
2026-08-12,CUS020,ST-0057,1,390,390
2026-08-12,CUS014,ST-0057,2,390,780
2026-08-12,CUS013,ST-0057,1,390,390
2026-08-12,CUS022,ST-0059,1,140,140
2026-08-12,CUS008,ST-0059,1,140,140
2026-08-12,CUS021,ST-0059,1,140,140
2026-08-13,CUS014,ST-0001,1,1390,1390
2026-08-13,CUS006,ST-0001,2,1390,2780
2026-08-13,CUS020,ST-0002,1,1950,1950
2026-08-13,CUS017,ST-0002,1,1950,1950
2026-08-13,CUS001,ST-0002,2,1950,3900
2026-08-13,CUS016,ST-0003,2,3090,6180
2026-08-13,CUS018,ST-0003,1,3090,3090
2026-08-13,CUS012,ST-0003,1,3090,3090
2026-08-13,CUS002,ST-0005,3,7290,21870
2026-08-13,CUS001,ST-0009,1,165,165
2026-08-13,CUS017,ST-0009,1,165,165
2026-08-13,CUS003,ST-0010,5,175,875
2026-08-13,CUS011,ST-0010,2,175,350
2026-08-13,CUS017,ST-0013,1,1290,1290
2026-08-13,CUS016,ST-0014,1,3150,3150
2026-08-13,CUS003,ST-0017,2,75,150
2026-08-13,CUS014,ST-0017,8,75,600
2026-08-13,CUS010,ST-0018,6,95,570
2026-08-13,CUS017,ST-0019,1,145,145
2026-08-13,CUS024,ST-0019,1,145,145
2026-08-13,CUS012,ST-0019,1,145,145
2026-08-13,CUS012,ST-0020,4,199,796
2026-08-13,CUS021,ST-0020,1,199,199
2026-08-13,CUS009,ST-0021,1,315,315
2026-08-13,CUS019,ST-0021,2,315,630
2026-08-13,CUS010,ST-0021,1,315,315
2026-08-13,CUS012,ST-0022,1,360,360
2026-08-13,CUS022,ST-0022,1,360,360
2026-08-13,CUS019,ST-0022,1,360,360
2026-08-13,CUS017,ST-0024,1,990,990
2026-08-13,CUS023,ST-0025,1,420,420
2026-08-13,CUS012,ST-0025,2,420,840
2026-08-13,CUS001,ST-0025,1,420,420
2026-08-13,CUS013,ST-0026,6,58,348
2026-08-13,CUS001,ST-0026,5,58,290
2026-08-13,CUS014,ST-0026,9,58,522
2026-08-13,CUS018,ST-0027,5,78,390
2026-08-13,CUS006,ST-0028,2,11,22
2026-08-13,CUS003,ST-0028,14,11,154
2026-08-13,CUS020,ST-0028,8,11,88
2026-08-13,CUS003,ST-0029,8,16,128
2026-08-13,CUS017,ST-0029,15,16,240
2026-08-13,CUS021,ST-0030,3,52,156
2026-08-13,CUS012,ST-0031,1,45,45
2026-08-13,CUS022,ST-0031,2,45,90
2026-08-13,CUS012,ST-0031,2,45,90
2026-08-13,CUS011,ST-0031,3,45,135
2026-08-13,CUS014,ST-0031,1,45,45
2026-08-13,CUS002,ST-0032,4,66,264
2026-08-13,CUS017,ST-0032,1,66,66
2026-08-13,CUS002,ST-0032,4,66,264
2026-08-13,CUS006,ST-0033,3,85,255
2026-08-13,CUS005,ST-0035,25,38,950
2026-08-13,CUS003,ST-0035,12,38,456
2026-08-13,CUS006,ST-0035,14,38,532
2026-08-13,CUS009,ST-0035,1,38,38
2026-08-13,CUS006,ST-0036,6,75,450
2026-08-13,CUS013,ST-0037,9,88,792
2026-08-13,CUS005,ST-0037,7,88,616
2026-08-13,CUS020,ST-0037,1,88,88
2026-08-13,CUS010,ST-0037,1,88,88
2026-08-13,CUS023,ST-0037,1,88,88
2026-08-13,CUS018,ST-0038,1,145,145
2026-08-13,CUS017,ST-0038,2,145,290
2026-08-13,CUS005,ST-0039,1,215,215
2026-08-13,CUS022,ST-0039,1,215,215
2026-08-13,CUS017,ST-0039,1,215,215
2026-08-13,CUS017,ST-0040,1,52,52
2026-08-13,CUS018,ST-0040,1,52,52
2026-08-13,CUS008,ST-0040,1,52,52
2026-08-13,CUS025,ST-0041,1,55,55
2026-08-13,CUS018,ST-0041,1,55,55
2026-08-13,CUS022,ST-0041,2,55,110
2026-08-13,CUS018,ST-0041,2,55,110
2026-08-13,CUS011,ST-0041,2,55,110
2026-08-13,CUS009,ST-0042,4,82,328
2026-08-13,CUS008,ST-0044,1,450,450
2026-08-13,CUS006,ST-0045,1,65,65
2026-08-13,CUS008,ST-0045,1,65,65
2026-08-13,CUS023,ST-0046,1,15,15
2026-08-13,CUS022,ST-0046,3,15,45
2026-08-13,CUS021,ST-0047,2,16,32
2026-08-13,CUS017,ST-0047,25,16,400
2026-08-13,CUS008,ST-0047,3,16,48
2026-08-13,CUS016,ST-0048,6,16,96
2026-08-13,CUS012,ST-0049,2,70,140
2026-08-13,CUS018,ST-0049,2,70,140
2026-08-13,CUS012,ST-0050,1,85,85
2026-08-13,CUS021,ST-0050,1,85,85
2026-08-13,CUS022,ST-0050,1,85,85
2026-08-13,CUS020,ST-0050,3,85,255
2026-08-13,CUS023,ST-0050,3,85,255
2026-08-13,CUS014,ST-0051,5,55,275
2026-08-13,CUS016,ST-0051,1,55,55
2026-08-13,CUS012,ST-0052,1,45,45
2026-08-13,CUS008,ST-0052,1,45,45
2026-08-13,CUS014,ST-0052,1,45,45
2026-08-13,CUS008,ST-0054,1,240,240
2026-08-13,CUS008,ST-0055,1,210,210
2026-08-13,CUS011,ST-0056,1,65,65
2026-08-13,CUS018,ST-0056,4,65,260
2026-08-13,CUS001,ST-0056,3,65,195
2026-08-13,CUS008,ST-0057,1,390,390
2026-08-13,CUS002,ST-0057,1,390,390
2026-08-13,CUS024,ST-0058,2,260,520
2026-08-13,CUS010,ST-0059,1,140,140
2026-08-14,CUS009,ST-0001,1,1390,1390
2026-08-14,CUS006,ST-0002,3,1950,5850
2026-08-14,CUS025,ST-0002,1,1950,1950
2026-08-14,CUS023,ST-0002,3,1950,5850
2026-08-14,CUS001,ST-0003,1,3090,3090
2026-08-14,CUS011,ST-0003,3,3090,9270
2026-08-14,CUS015,ST-0003,1,3090,3090
2026-08-14,CUS003,ST-0004,1,4890,4890
2026-08-14,CUS012,ST-0005,2,7290,14580
2026-08-14,CUS015,ST-0005,1,7290,7290
2026-08-14,CUS025,ST-0006,1,6350,6350
2026-08-14,CUS006,ST-0008,1,6150,6150
2026-08-14,CUS011,ST-0009,3,165,495
2026-08-14,CUS013,ST-0009,1,165,165
2026-08-14,CUS007,ST-0009,3,165,495
2026-08-14,CUS020,ST-0010,6,175,1050
2026-08-14,CUS004,ST-0010,1,175,175
2026-08-14,CUS025,ST-0011,1,560,560
2026-08-14,CUS013,ST-0013,1,1290,1290
2026-08-14,CUS009,ST-0014,1,3150,3150
2026-08-14,CUS012,ST-0014,1,3150,3150
2026-08-14,CUS025,ST-0017,2,75,150
2026-08-14,CUS010,ST-0017,8,75,600
2026-08-14,CUS003,ST-0017,3,75,225
2026-08-14,CUS007,ST-0018,3,95,285
2026-08-14,CUS014,ST-0018,6,95,570
2026-08-14,CUS013,ST-0018,2,95,190
2026-08-14,CUS024,ST-0019,3,145,435
2026-08-14,CUS018,ST-0019,1,145,145
2026-08-14,CUS009,ST-0019,1,145,145
2026-08-14,CUS019,ST-0019,3,145,435
2026-08-14,CUS023,ST-0019,1,145,145
2026-08-14,CUS012,ST-0020,1,199,199
2026-08-14,CUS016,ST-0020,2,199,398
2026-08-14,CUS008,ST-0020,1,199,199
2026-08-14,CUS019,ST-0020,5,199,995
2026-08-14,CUS002,ST-0021,2,315,630
2026-08-14,CUS015,ST-0021,1,315,315
2026-08-14,CUS018,ST-0023,1,890,890
2026-08-14,CUS009,ST-0024,1,990,990
2026-08-14,CUS009,ST-0025,1,420,420
2026-08-14,CUS006,ST-0025,2,420,840
2026-08-14,CUS016,ST-0026,14,58,812
2026-08-14,CUS013,ST-0026,4,58,232
2026-08-14,CUS008,ST-0027,2,78,156
2026-08-14,CUS012,ST-0027,8,78,624
2026-08-14,CUS006,ST-0028,3,11,33
2026-08-14,CUS018,ST-0028,10,11,110
2026-08-14,CUS005,ST-0028,7,11,77
2026-08-14,CUS008,ST-0028,1,11,11
2026-08-14,CUS008,ST-0028,2,11,22
2026-08-14,CUS007,ST-0029,7,16,112
2026-08-14,CUS022,ST-0029,3,16,48
2026-08-14,CUS018,ST-0029,1,16,16
2026-08-14,CUS009,ST-0030,2,52,104
2026-08-14,CUS003,ST-0030,2,52,104
2026-08-14,CUS003,ST-0031,1,45,45
2026-08-14,CUS009,ST-0031,3,45,135
2026-08-14,CUS005,ST-0031,1,45,45
2026-08-14,CUS013,ST-0031,1,45,45
2026-08-14,CUS023,ST-0031,10,45,450
2026-08-14,CUS016,ST-0032,2,66,132
2026-08-14,CUS014,ST-0032,1,66,66
2026-08-14,CUS016,ST-0033,1,85,85
2026-08-14,CUS021,ST-0033,1,85,85
2026-08-14,CUS018,ST-0033,1,85,85
2026-08-14,CUS010,ST-0034,1,590,590
2026-08-14,CUS013,ST-0034,2,590,1180
2026-08-14,CUS023,ST-0035,6,38,228
2026-08-14,CUS025,ST-0035,6,38,228
2026-08-14,CUS010,ST-0035,4,38,152
2026-08-14,CUS002,ST-0035,20,38,760
2026-08-14,CUS006,ST-0036,4,75,300
2026-08-14,CUS021,ST-0037,3,88,264
2026-08-14,CUS023,ST-0037,1,88,88
2026-08-14,CUS014,ST-0037,11,88,968
2026-08-14,CUS004,ST-0038,2,145,290
2026-08-14,CUS017,ST-0038,3,145,435
2026-08-14,CUS023,ST-0039,3,215,645
2026-08-14,CUS001,ST-0040,2,52,104
2026-08-14,CUS012,ST-0041,3,55,165
2026-08-14,CUS003,ST-0041,4,55,220
2026-08-14,CUS016,ST-0041,1,55,55
2026-08-14,CUS006,ST-0042,1,82,82
2026-08-14,CUS015,ST-0042,6,82,492
2026-08-14,CUS017,ST-0045,1,65,65
2026-08-14,CUS006,ST-0046,1,15,15
2026-08-14,CUS002,ST-0046,3,15,45
2026-08-14,CUS012,ST-0046,2,15,30
2026-08-14,CUS021,ST-0047,24,16,384
2026-08-14,CUS023,ST-0047,3,16,48
2026-08-14,CUS013,ST-0048,4,16,64
2026-08-14,CUS013,ST-0048,2,16,32
2026-08-14,CUS025,ST-0048,1,16,16
2026-08-14,CUS012,ST-0049,1,70,70
2026-08-14,CUS013,ST-0049,2,70,140
2026-08-14,CUS017,ST-0050,1,85,85
2026-08-14,CUS017,ST-0050,7,85,595
2026-08-14,CUS004,ST-0050,1,85,85
2026-08-14,CUS022,ST-0051,1,55,55
2026-08-14,CUS019,ST-0051,5,55,275
2026-08-14,CUS013,ST-0052,1,45,45
2026-08-14,CUS003,ST-0052,1,45,45
2026-08-14,CUS007,ST-0053,1,40,40
2026-08-14,CUS018,ST-0053,1,40,40
2026-08-14,CUS002,ST-0053,2,40,80
2026-08-14,CUS003,ST-0056,1,65,65
2026-08-14,CUS009,ST-0056,1,65,65
2026-08-14,CUS018,ST-0056,1,65,65
2026-08-14,CUS017,ST-0057,1,390,390
2026-08-14,CUS001,ST-0057,1,390,390
2026-08-14,CUS022,ST-0057,1,390,390
2026-08-14,CUS010,ST-0059,2,140,280
2026-08-14,CUS015,ST-0059,1,140,140
2026-08-14,CUS005,ST-0060,2,175,350
2026-08-15,CUS014,ST-0001,1,1390,1390
2026-08-15,CUS023,ST-0002,2,1950,3900
2026-08-15,CUS012,ST-0002,2,1950,3900
2026-08-15,CUS024,ST-0003,1,3090,3090
2026-08-15,CUS021,ST-0003,1,3090,3090
2026-08-15,CUS025,ST-0003,2,3090,6180
2026-08-15,CUS015,ST-0003,1,3090,3090
2026-08-15,CUS006,ST-0004,1,4890,4890
2026-08-15,CUS018,ST-0007,1,2250,2250
2026-08-15,CUS017,ST-0009,3,165,495
2026-08-15,CUS008,ST-0009,2,165,330
2026-08-15,CUS008,ST-0010,2,175,350
2026-08-15,CUS021,ST-0010,1,175,175
2026-08-15,CUS009,ST-0010,3,175,525
2026-08-15,CUS008,ST-0010,1,175,175
2026-08-15,CUS011,ST-0010,3,175,525
2026-08-15,CUS021,ST-0011,1,560,560
2026-08-15,CUS006,ST-0011,1,560,560
2026-08-15,CUS003,ST-0012,1,2150,2150
2026-08-15,CUS018,ST-0013,1,1290,1290
2026-08-15,CUS014,ST-0016,1,1190,1190
2026-08-15,CUS022,ST-0017,3,75,225
2026-08-15,CUS006,ST-0017,10,75,750
2026-08-15,CUS010,ST-0017,6,75,450
2026-08-15,CUS008,ST-0018,6,95,570
2026-08-15,CUS025,ST-0018,5,95,475
2026-08-15,CUS004,ST-0018,1,95,95
2026-08-15,CUS016,ST-0019,1,145,145
2026-08-15,CUS014,ST-0019,5,145,725
2026-08-15,CUS023,ST-0020,2,199,398
2026-08-15,CUS009,ST-0020,5,199,995
2026-08-15,CUS001,ST-0021,1,315,315
2026-08-15,CUS009,ST-0021,1,315,315
2026-08-15,CUS004,ST-0021,1,315,315
2026-08-15,CUS016,ST-0022,1,360,360
2026-08-15,CUS017,ST-0022,1,360,360
2026-08-15,CUS014,ST-0023,1,890,890
2026-08-15,CUS017,ST-0025,1,420,420
2026-08-15,CUS008,ST-0026,6,58,348
2026-08-15,CUS009,ST-0026,14,58,812
2026-08-15,CUS015,ST-0026,1,58,58
2026-08-15,CUS001,ST-0026,1,58,58
2026-08-15,CUS004,ST-0027,1,78,78
2026-08-15,CUS015,ST-0027,7,78,546
2026-08-15,CUS022,ST-0027,1,78,78
2026-08-15,CUS011,ST-0027,3,78,234
2026-08-15,CUS014,ST-0028,2,11,22
2026-08-15,CUS009,ST-0028,6,11,66
2026-08-15,CUS025,ST-0028,5,11,55
2026-08-15,CUS007,ST-0028,3,11,33
2026-08-15,CUS008,ST-0028,2,11,22
2026-08-15,CUS011,ST-0029,1,16,16
2026-08-15,CUS021,ST-0029,19,16,304
2026-08-15,CUS020,ST-0029,2,16,32
2026-08-15,CUS001,ST-0030,1,52,52
2026-08-15,CUS010,ST-0030,4,52,208
2026-08-15,CUS025,ST-0030,3,52,156
2026-08-15,CUS009,ST-0031,2,45,90
2026-08-15,CUS002,ST-0031,5,45,225
2026-08-15,CUS013,ST-0031,2,45,90
2026-08-15,CUS016,ST-0032,2,66,132
2026-08-15,CUS001,ST-0032,1,66,66
2026-08-15,CUS022,ST-0033,1,85,85
2026-08-15,CUS006,ST-0035,1,38,38
2026-08-15,CUS008,ST-0035,1,38,38
2026-08-15,CUS012,ST-0035,30,38,1140
2026-08-15,CUS005,ST-0035,8,38,304
2026-08-15,CUS018,ST-0036,3,75,225
2026-08-15,CUS001,ST-0036,5,75,375
2026-08-15,CUS022,ST-0036,2,75,150
2026-08-15,CUS005,ST-0037,10,88,880
2026-08-15,CUS021,ST-0038,1,145,145
2026-08-15,CUS023,ST-0038,5,145,725
2026-08-15,CUS003,ST-0039,1,215,215
2026-08-15,CUS006,ST-0039,2,215,430
2026-08-15,CUS013,ST-0041,4,55,220
2026-08-15,CUS014,ST-0041,1,55,55
2026-08-15,CUS023,ST-0042,3,82,246
2026-08-15,CUS005,ST-0042,3,82,246
2026-08-15,CUS009,ST-0042,1,82,82
2026-08-15,CUS002,ST-0042,1,82,82
2026-08-15,CUS010,ST-0043,1,105,105
2026-08-15,CUS013,ST-0043,1,105,105
2026-08-15,CUS009,ST-0043,1,105,105
2026-08-15,CUS014,ST-0043,2,105,210
2026-08-15,CUS022,ST-0044,2,450,900
2026-08-15,CUS023,ST-0045,2,65,130
2026-08-15,CUS009,ST-0046,7,15,105
2026-08-15,CUS012,ST-0047,9,16,144
2026-08-15,CUS022,ST-0047,13,16,208
2026-08-15,CUS014,ST-0048,3,16,48
2026-08-15,CUS002,ST-0049,4,70,280
2026-08-15,CUS016,ST-0050,2,85,170
2026-08-15,CUS009,ST-0050,5,85,425
2026-08-15,CUS002,ST-0051,3,55,165
2026-08-15,CUS018,ST-0051,2,55,110
2026-08-15,CUS025,ST-0053,1,40,40
2026-08-15,CUS002,ST-0053,2,40,80
2026-08-15,CUS015,ST-0054,1,240,240
2026-08-15,CUS010,ST-0055,1,210,210
2026-08-15,CUS007,ST-0056,4,65,260
2026-08-15,CUS021,ST-0057,1,390,390
2026-08-15,CUS003,ST-0057,1,390,390
2026-08-15,CUS024,ST-0057,1,390,390
2026-08-15,CUS021,ST-0058,1,260,260
2026-08-15,CUS025,ST-0060,1,175,175
2026-08-15,CUS019,ST-0060,1,175,175
2026-08-17,CUS009,ST-0002,1,1950,1950
2026-08-17,CUS021,ST-0002,1,1950,1950
2026-08-17,CUS020,ST-0003,2,3090,6180
2026-08-17,CUS003,ST-0003,1,3090,3090
2026-08-17,CUS023,ST-0004,1,4890,4890
2026-08-17,CUS003,ST-0009,6,165,990
2026-08-17,CUS002,ST-0009,2,165,330
2026-08-17,CUS011,ST-0010,1,175,175
2026-08-17,CUS009,ST-0015,1,1750,1750
2026-08-17,CUS024,ST-0017,8,75,600
2026-08-17,CUS018,ST-0017,7,75,525
2026-08-17,CUS018,ST-0017,1,75,75
2026-08-17,CUS021,ST-0018,6,95,570
2026-08-17,CUS018,ST-0018,1,95,95
2026-08-17,CUS001,ST-0019,2,145,290
2026-08-17,CUS023,ST-0019,3,145,435
2026-08-17,CUS009,ST-0020,1,199,199
2026-08-17,CUS009,ST-0020,2,199,398
2026-08-17,CUS013,ST-0020,2,199,398
2026-08-17,CUS021,ST-0020,1,199,199
2026-08-17,CUS002,ST-0021,4,315,1260
2026-08-17,CUS015,ST-0021,1,315,315
2026-08-17,CUS023,ST-0021,1,315,315
2026-08-17,CUS004,ST-0022,1,360,360
2026-08-17,CUS012,ST-0022,1,360,360
2026-08-17,CUS013,ST-0023,1,890,890
2026-08-17,CUS006,ST-0024,1,990,990
2026-08-17,CUS019,ST-0025,1,420,420
2026-08-17,CUS012,ST-0025,2,420,840
2026-08-17,CUS012,ST-0026,3,58,174
2026-08-17,CUS009,ST-0026,2,58,116
2026-08-17,CUS016,ST-0026,2,58,116
2026-08-17,CUS017,ST-0026,1,58,58
2026-08-17,CUS014,ST-0026,21,58,1218
2026-08-17,CUS001,ST-0027,3,78,234
2026-08-17,CUS018,ST-0027,1,78,78
2026-08-17,CUS022,ST-0027,6,78,468
2026-08-17,CUS008,ST-0028,8,11,88
2026-08-17,CUS024,ST-0028,4,11,44
2026-08-17,CUS003,ST-0028,10,11,110
2026-08-17,CUS014,ST-0029,15,16,240
2026-08-17,CUS015,ST-0030,1,52,52
2026-08-17,CUS003,ST-0030,5,52,260
2026-08-17,CUS015,ST-0031,3,45,135
2026-08-17,CUS003,ST-0031,5,45,225
2026-08-17,CUS004,ST-0032,1,66,66
2026-08-17,CUS009,ST-0032,2,66,132
2026-08-17,CUS015,ST-0032,1,66,66
2026-08-17,CUS023,ST-0032,2,66,132
2026-08-17,CUS008,ST-0032,1,66,66
2026-08-17,CUS023,ST-0035,8,38,304
2026-08-17,CUS003,ST-0035,10,38,380
2026-08-17,CUS017,ST-0035,1,38,38
2026-08-17,CUS003,ST-0035,3,38,114
2026-08-17,CUS017,ST-0035,3,38,114
2026-08-17,CUS024,ST-0036,7,75,525
2026-08-17,CUS006,ST-0036,1,75,75
2026-08-17,CUS008,ST-0037,4,88,352
2026-08-17,CUS016,ST-0037,2,88,176
2026-08-17,CUS010,ST-0037,1,88,88
2026-08-17,CUS019,ST-0037,2,88,176
2026-08-17,CUS009,ST-0038,3,145,435
2026-08-17,CUS003,ST-0039,1,215,215
2026-08-17,CUS003,ST-0039,1,215,215
2026-08-17,CUS014,ST-0039,2,215,430
2026-08-17,CUS018,ST-0039,1,215,215
2026-08-17,CUS014,ST-0041,9,55,495
2026-08-17,CUS023,ST-0041,1,55,55
2026-08-17,CUS016,ST-0042,5,82,410
2026-08-17,CUS003,ST-0043,2,105,210
2026-08-17,CUS008,ST-0043,1,105,105
2026-08-17,CUS014,ST-0043,1,105,105
2026-08-17,CUS009,ST-0045,1,65,65
2026-08-17,CUS025,ST-0046,4,15,60
2026-08-17,CUS008,ST-0047,5,16,80
2026-08-17,CUS015,ST-0047,7,16,112
2026-08-17,CUS002,ST-0047,1,16,16
2026-08-17,CUS002,ST-0047,5,16,80
2026-08-17,CUS016,ST-0047,7,16,112
2026-08-17,CUS009,ST-0047,4,16,64
2026-08-17,CUS011,ST-0047,4,16,64
2026-08-17,CUS021,ST-0048,1,16,16
2026-08-17,CUS016,ST-0048,1,16,16
2026-08-17,CUS025,ST-0048,6,16,96
2026-08-17,CUS009,ST-0049,2,70,140
2026-08-17,CUS002,ST-0050,3,85,255
2026-08-17,CUS022,ST-0050,2,85,170
2026-08-17,CUS002,ST-0051,1,55,55
2026-08-17,CUS023,ST-0051,1,55,55
2026-08-17,CUS012,ST-0052,1,45,45
2026-08-17,CUS004,ST-0052,2,45,90
2026-08-17,CUS023,ST-0053,1,40,40
2026-08-17,CUS012,ST-0053,4,40,160
2026-08-17,CUS016,ST-0054,1,240,240
2026-08-17,CUS009,ST-0056,1,65,65
2026-08-17,CUS006,ST-0056,2,65,130
2026-08-17,CUS001,ST-0056,1,65,65
2026-08-17,CUS008,ST-0057,1,390,390
2026-08-17,CUS013,ST-0059,1,140,140
2026-08-17,CUS018,ST-0059,1,140,140
2026-08-18,CUS017,ST-0001,1,1390,1390
2026-08-18,CUS016,ST-0001,1,1390,1390
2026-08-18,CUS006,ST-0002,6,1950,11700
2026-08-18,CUS017,ST-0002,1,1950,1950
2026-08-18,CUS005,ST-0006,1,6350,6350
2026-08-18,CUS023,ST-0009,1,165,165
2026-08-18,CUS024,ST-0009,1,165,165
2026-08-18,CUS009,ST-0009,2,165,330
2026-08-18,CUS022,ST-0009,1,165,165
2026-08-18,CUS024,ST-0010,1,175,175
2026-08-18,CUS014,ST-0010,2,175,350
2026-08-18,CUS018,ST-0010,2,175,350
2026-08-18,CUS003,ST-0014,1,3150,3150
2026-08-18,CUS003,ST-0016,1,1190,1190
2026-08-18,CUS010,ST-0017,1,75,75
2026-08-18,CUS009,ST-0017,6,75,450
2026-08-18,CUS021,ST-0017,9,75,675
2026-08-18,CUS018,ST-0018,2,95,190
2026-08-18,CUS017,ST-0018,5,95,475
2026-08-18,CUS018,ST-0019,1,145,145
2026-08-18,CUS009,ST-0019,1,145,145
2026-08-18,CUS021,ST-0020,1,199,199
2026-08-18,CUS011,ST-0020,6,199,1194
2026-08-18,CUS002,ST-0020,4,199,796
2026-08-18,CUS001,ST-0021,2,315,630
2026-08-18,CUS012,ST-0021,2,315,630
2026-08-18,CUS002,ST-0022,1,360,360
2026-08-18,CUS009,ST-0023,1,890,890
2026-08-18,CUS006,ST-0025,1,420,420
2026-08-18,CUS004,ST-0026,12,58,696
2026-08-18,CUS025,ST-0027,3,78,234
2026-08-18,CUS014,ST-0027,2,78,156
2026-08-18,CUS014,ST-0027,5,78,390
2026-08-18,CUS009,ST-0028,4,11,44
2026-08-18,CUS012,ST-0028,3,11,33
2026-08-18,CUS018,ST-0028,17,11,187
2026-08-18,CUS012,ST-0029,6,16,96
2026-08-18,CUS018,ST-0029,5,16,80
2026-08-18,CUS002,ST-0029,7,16,112
2026-08-18,CUS025,ST-0030,2,52,104
2026-08-18,CUS019,ST-0030,3,52,156
2026-08-18,CUS023,ST-0030,3,52,156
2026-08-18,CUS009,ST-0031,3,45,135
2026-08-18,CUS021,ST-0032,1,66,66
2026-08-18,CUS006,ST-0032,1,66,66
2026-08-18,CUS017,ST-0032,2,66,132
2026-08-18,CUS015,ST-0032,1,66,66
2026-08-18,CUS017,ST-0033,1,85,85
2026-08-18,CUS003,ST-0033,1,85,85
2026-08-18,CUS017,ST-0035,19,38,722
2026-08-18,CUS003,ST-0035,16,38,608
2026-08-18,CUS009,ST-0036,3,75,225
2026-08-18,CUS009,ST-0036,3,75,225
2026-08-18,CUS001,ST-0036,1,75,75
2026-08-18,CUS002,ST-0036,2,75,150
2026-08-18,CUS024,ST-0036,1,75,75
2026-08-18,CUS010,ST-0036,1,75,75
2026-08-18,CUS003,ST-0037,5,88,440
2026-08-18,CUS008,ST-0037,2,88,176
2026-08-18,CUS017,ST-0037,1,88,88
2026-08-18,CUS014,ST-0037,10,88,880
2026-08-18,CUS011,ST-0037,2,88,176
2026-08-18,CUS004,ST-0038,7,145,1015
2026-08-18,CUS002,ST-0039,4,215,860
2026-08-18,CUS022,ST-0041,1,55,55
2026-08-18,CUS014,ST-0041,2,55,110
2026-08-18,CUS003,ST-0042,3,82,246
2026-08-18,CUS017,ST-0042,1,82,82
2026-08-18,CUS012,ST-0043,1,105,105
2026-08-18,CUS003,ST-0045,1,65,65
2026-08-18,CUS021,ST-0045,1,65,65
2026-08-18,CUS017,ST-0046,1,15,15
2026-08-18,CUS002,ST-0046,1,15,15
2026-08-18,CUS008,ST-0046,1,15,15
2026-08-18,CUS006,ST-0046,1,15,15
2026-08-18,CUS003,ST-0046,3,15,45
2026-08-18,CUS006,ST-0047,4,16,64
2026-08-18,CUS021,ST-0047,18,16,288
2026-08-18,CUS010,ST-0047,3,16,48
2026-08-18,CUS018,ST-0048,1,16,16
2026-08-18,CUS006,ST-0048,5,16,80
2026-08-18,CUS016,ST-0049,3,70,210
2026-08-18,CUS010,ST-0049,4,70,280
2026-08-18,CUS010,ST-0050,1,85,85
2026-08-18,CUS012,ST-0050,4,85,340
2026-08-18,CUS022,ST-0051,1,55,55
2026-08-18,CUS025,ST-0051,3,55,165
2026-08-18,CUS017,ST-0051,1,55,55
2026-08-18,CUS021,ST-0051,1,55,55
2026-08-18,CUS006,ST-0051,1,55,55
2026-08-18,CUS008,ST-0052,1,45,45
2026-08-18,CUS020,ST-0053,2,40,80
2026-08-18,CUS021,ST-0053,1,40,40
2026-08-18,CUS012,ST-0054,1,240,240
2026-08-18,CUS023,ST-0056,2,65,130
2026-08-18,CUS023,ST-0059,1,140,140
2026-08-18,CUS021,ST-0059,2,140,280
2026-08-18,CUS024,ST-0059,1,140,140
2026-08-19,CUS003,ST-0001,1,1390,1390
2026-08-19,CUS016,ST-0002,1,1950,1950
2026-08-19,CUS003,ST-0002,1,1950,1950
2026-08-19,CUS022,ST-0003,1,3090,3090
2026-08-19,CUS008,ST-0003,1,3090,3090
2026-08-19,CUS017,ST-0004,1,4890,4890
2026-08-19,CUS005,ST-0005,1,7290,7290
2026-08-19,CUS003,ST-0005,1,7290,7290
2026-08-19,CUS024,ST-0009,1,165,165
2026-08-19,CUS003,ST-0010,2,175,350
2026-08-19,CUS025,ST-0010,6,175,1050
2026-08-19,CUS020,ST-0010,3,175,525
2026-08-19,CUS023,ST-0013,1,1290,1290
2026-08-19,CUS022,ST-0014,1,3150,3150
2026-08-19,CUS009,ST-0017,8,75,600
2026-08-19,CUS012,ST-0017,2,75,150
2026-08-19,CUS009,ST-0017,7,75,525
2026-08-19,CUS021,ST-0018,4,95,380
2026-08-19,CUS016,ST-0018,1,95,95
2026-08-19,CUS024,ST-0018,5,95,475
2026-08-19,CUS016,ST-0018,1,95,95
2026-08-19,CUS003,ST-0019,2,145,290
2026-08-19,CUS025,ST-0019,2,145,290
2026-08-19,CUS025,ST-0020,1,199,199
2026-08-19,CUS017,ST-0020,5,199,995
2026-08-19,CUS021,ST-0020,1,199,199
2026-08-19,CUS020,ST-0020,1,199,199
2026-08-19,CUS021,ST-0020,2,199,398
2026-08-19,CUS016,ST-0021,1,315,315
2026-08-19,CUS024,ST-0021,3,315,945
2026-08-19,CUS001,ST-0021,2,315,630
2026-08-19,CUS020,ST-0022,1,360,360
2026-08-19,CUS020,ST-0024,2,990,1980
2026-08-19,CUS003,ST-0025,2,420,840
2026-08-19,CUS006,ST-0025,1,420,420
2026-08-19,CUS011,ST-0026,14,58,812
2026-08-19,CUS017,ST-0026,6,58,348
2026-08-19,CUS006,ST-0026,7,58,406
2026-08-19,CUS009,ST-0026,3,58,174
2026-08-19,CUS023,ST-0027,8,78,624
2026-08-19,CUS021,ST-0027,6,78,468
2026-08-19,CUS018,ST-0028,1,11,11
2026-08-19,CUS014,ST-0028,8,11,88
2026-08-19,CUS022,ST-0028,5,11,55
2026-08-19,CUS009,ST-0028,13,11,143
2026-08-19,CUS021,ST-0028,1,11,11
2026-08-19,CUS017,ST-0028,1,11,11
2026-08-19,CUS013,ST-0029,1,16,16
2026-08-19,CUS021,ST-0029,2,16,32
2026-08-19,CUS009,ST-0029,9,16,144
2026-08-19,CUS015,ST-0029,7,16,112
2026-08-19,CUS025,ST-0030,6,52,312
2026-08-19,CUS007,ST-0030,3,52,156
2026-08-19,CUS017,ST-0030,1,52,52
2026-08-19,CUS018,ST-0031,2,45,90
2026-08-19,CUS025,ST-0031,2,45,90
2026-08-19,CUS022,ST-0032,1,66,66
2026-08-19,CUS002,ST-0032,1,66,66
2026-08-19,CUS002,ST-0032,2,66,132
2026-08-19,CUS007,ST-0032,1,66,66
2026-08-19,CUS025,ST-0033,1,85,85
2026-08-19,CUS006,ST-0034,2,590,1180
2026-08-19,CUS020,ST-0035,4,38,152
2026-08-19,CUS010,ST-0035,2,38,76
2026-08-19,CUS016,ST-0035,20,38,760
2026-08-19,CUS013,ST-0036,4,75,300
2026-08-19,CUS017,ST-0036,1,75,75
2026-08-19,CUS003,ST-0037,3,88,264
2026-08-19,CUS004,ST-0037,4,88,352
2026-08-19,CUS021,ST-0038,1,145,145
2026-08-19,CUS025,ST-0038,1,145,145
2026-08-19,CUS006,ST-0038,1,145,145
2026-08-19,CUS012,ST-0038,1,145,145
2026-08-19,CUS003,ST-0039,4,215,860
2026-08-19,CUS021,ST-0039,1,215,215
2026-08-19,CUS006,ST-0040,1,52,52
2026-08-19,CUS010,ST-0040,2,52,104
2026-08-19,CUS010,ST-0041,2,55,110
2026-08-19,CUS002,ST-0043,1,105,105
2026-08-19,CUS017,ST-0043,1,105,105
2026-08-19,CUS008,ST-0043,1,105,105
2026-08-19,CUS013,ST-0044,1,450,450
2026-08-19,CUS021,ST-0046,1,15,15
2026-08-19,CUS017,ST-0047,12,16,192
2026-08-19,CUS002,ST-0047,2,16,32
2026-08-19,CUS003,ST-0047,5,16,80
2026-08-19,CUS004,ST-0047,5,16,80
2026-08-19,CUS013,ST-0047,6,16,96
2026-08-19,CUS015,ST-0048,7,16,112
2026-08-19,CUS023,ST-0049,2,70,140
2026-08-19,CUS022,ST-0050,6,85,510
2026-08-19,CUS018,ST-0051,2,55,110
2026-08-19,CUS011,ST-0051,2,55,110
2026-08-19,CUS013,ST-0051,3,55,165
2026-08-19,CUS022,ST-0051,1,55,55
2026-08-19,CUS005,ST-0051,2,55,110
2026-08-19,CUS008,ST-0052,1,45,45
2026-08-19,CUS011,ST-0052,1,45,45
2026-08-19,CUS025,ST-0053,1,40,40
2026-08-19,CUS014,ST-0053,2,40,80
2026-08-19,CUS003,ST-0056,1,65,65
2026-08-19,CUS010,ST-0056,2,65,130
2026-08-19,CUS020,ST-0056,1,65,65
2026-08-19,CUS023,ST-0056,1,65,65
2026-08-19,CUS012,ST-0056,1,65,65
2026-08-19,CUS023,ST-0058,1,260,260
2026-08-19,CUS025,ST-0059,1,140,140
2026-08-20,CUS017,ST-0002,2,1950,3900
2026-08-20,CUS022,ST-0002,1,1950,1950
2026-08-20,CUS014,ST-0003,1,3090,3090
2026-08-20,CUS014,ST-0003,2,3090,6180
2026-08-20,CUS009,ST-0003,3,3090,9270
2026-08-20,CUS013,ST-0003,1,3090,3090
2026-08-20,CUS010,ST-0004,2,4890,9780
2026-08-20,CUS020,ST-0005,1,7290,7290
2026-08-20,CUS021,ST-0009,3,165,495
2026-08-20,CUS021,ST-0009,4,165,660
2026-08-20,CUS011,ST-0010,7,175,1225
2026-08-20,CUS019,ST-0017,18,75,1350
2026-08-20,CUS013,ST-0017,4,75,300
2026-08-20,CUS025,ST-0017,1,75,75
2026-08-20,CUS012,ST-0018,5,95,475
2026-08-20,CUS021,ST-0018,3,95,285
2026-08-20,CUS001,ST-0019,2,145,290
2026-08-20,CUS013,ST-0019,2,145,290
2026-08-20,CUS010,ST-0019,1,145,145
2026-08-20,CUS015,ST-0020,3,199,597
2026-08-20,CUS003,ST-0020,2,199,398
2026-08-20,CUS005,ST-0021,1,315,315
2026-08-20,CUS021,ST-0022,1,360,360
2026-08-20,CUS004,ST-0022,1,360,360
2026-08-20,CUS012,ST-0023,1,890,890
2026-08-20,CUS017,ST-0023,1,890,890
2026-08-20,CUS025,ST-0023,1,890,890
2026-08-20,CUS020,ST-0026,2,58,116
2026-08-20,CUS014,ST-0026,19,58,1102
2026-08-20,CUS018,ST-0027,1,78,78
2026-08-20,CUS004,ST-0027,6,78,468
2026-08-20,CUS024,ST-0028,3,11,33
2026-08-20,CUS017,ST-0028,8,11,88
2026-08-20,CUS022,ST-0028,3,11,33
2026-08-20,CUS018,ST-0028,1,11,11
2026-08-20,CUS017,ST-0028,6,11,66
2026-08-20,CUS002,ST-0028,2,11,22
2026-08-20,CUS002,ST-0029,4,16,64
2026-08-20,CUS003,ST-0029,1,16,16
2026-08-20,CUS006,ST-0029,15,16,240
2026-08-20,CUS007,ST-0029,2,16,32
2026-08-20,CUS018,ST-0030,7,52,364
2026-08-20,CUS002,ST-0030,3,52,156
2026-08-20,CUS009,ST-0031,1,45,45
2026-08-20,CUS002,ST-0031,1,45,45
2026-08-20,CUS012,ST-0031,2,45,90
2026-08-20,CUS012,ST-0032,3,66,198
2026-08-20,CUS016,ST-0033,1,85,85
2026-08-20,CUS018,ST-0033,1,85,85
2026-08-20,CUS001,ST-0035,18,38,684
2026-08-20,CUS016,ST-0035,9,38,342
2026-08-20,CUS013,ST-0035,10,38,380
2026-08-20,CUS022,ST-0035,4,38,152
2026-08-20,CUS016,ST-0036,3,75,225
2026-08-20,CUS025,ST-0036,5,75,375
2026-08-20,CUS012,ST-0037,3,88,264
2026-08-20,CUS018,ST-0037,4,88,352
2026-08-20,CUS013,ST-0037,2,88,176
2026-08-20,CUS002,ST-0038,2,145,290
2026-08-20,CUS014,ST-0038,5,145,725
2026-08-20,CUS010,ST-0039,3,215,645
2026-08-20,CUS002,ST-0039,1,215,215
2026-08-20,CUS001,ST-0039,1,215,215
2026-08-20,CUS018,ST-0041,2,55,110
2026-08-20,CUS018,ST-0041,2,55,110
2026-08-20,CUS012,ST-0042,1,82,82
2026-08-20,CUS024,ST-0042,2,82,164
2026-08-20,CUS008,ST-0042,1,82,82
2026-08-20,CUS016,ST-0043,1,105,105
2026-08-20,CUS004,ST-0043,2,105,210
2026-08-20,CUS009,ST-0044,1,450,450
2026-08-20,CUS005,ST-0046,2,15,30
2026-08-20,CUS004,ST-0046,3,15,45
2026-08-20,CUS014,ST-0046,1,15,15
2026-08-20,CUS020,ST-0046,1,15,15
2026-08-20,CUS008,ST-0047,6,16,96
2026-08-20,CUS018,ST-0047,8,16,128
2026-08-20,CUS002,ST-0047,17,16,272
2026-08-20,CUS003,ST-0048,4,16,64
2026-08-20,CUS010,ST-0048,8,16,128
2026-08-20,CUS022,ST-0048,2,16,32
2026-08-20,CUS013,ST-0048,1,16,16
2026-08-20,CUS008,ST-0049,2,70,140
2026-08-20,CUS002,ST-0049,1,70,70
2026-08-20,CUS024,ST-0049,4,70,280
2026-08-20,CUS016,ST-0050,3,85,255
2026-08-20,CUS006,ST-0050,1,85,85
2026-08-20,CUS020,ST-0050,2,85,170
2026-08-20,CUS017,ST-0051,7,55,385
2026-08-20,CUS016,ST-0051,4,55,220
2026-08-20,CUS009,ST-0052,2,45,90
2026-08-20,CUS003,ST-0052,1,45,45
2026-08-20,CUS008,ST-0054,2,240,480
2026-08-20,CUS017,ST-0056,2,65,130
2026-08-20,CUS003,ST-0057,1,390,390
2026-08-20,CUS009,ST-0057,1,390,390
2026-08-20,CUS005,ST-0057,1,390,390
2026-08-20,CUS003,ST-0058,1,260,260
2026-08-20,CUS025,ST-0058,2,260,520
2026-08-20,CUS014,ST-0059,1,140,140
2026-08-20,CUS010,ST-0059,1,140,140
2026-08-20,CUS015,ST-0059,1,140,140
2026-08-20,CUS014,ST-0060,1,175,175
2026-08-21,CUS008,ST-0001,1,1390,1390
2026-08-21,CUS005,ST-0001,1,1390,1390
2026-08-21,CUS021,ST-0002,1,1950,1950
2026-08-21,CUS025,ST-0003,2,3090,6180
2026-08-21,CUS024,ST-0003,1,3090,3090
2026-08-21,CUS008,ST-0003,2,3090,6180
2026-08-21,CUS023,ST-0003,2,3090,6180
2026-08-21,CUS001,ST-0004,1,4890,4890
2026-08-21,CUS024,ST-0005,1,7290,7290
2026-08-21,CUS023,ST-0006,1,6350,6350
2026-08-21,CUS018,ST-0009,1,165,165
2026-08-21,CUS010,ST-0009,1,165,165
2026-08-21,CUS016,ST-0009,1,165,165
2026-08-21,CUS009,ST-0010,3,175,525
2026-08-21,CUS011,ST-0010,4,175,700
2026-08-21,CUS018,ST-0010,1,175,175
2026-08-21,CUS023,ST-0010,2,175,350
2026-08-21,CUS012,ST-0011,1,560,560
2026-08-21,CUS002,ST-0013,2,1290,2580
2026-08-21,CUS002,ST-0015,1,1750,1750
2026-08-21,CUS023,ST-0016,1,1190,1190
2026-08-21,CUS014,ST-0017,2,75,150
2026-08-21,CUS023,ST-0017,6,75,450
2026-08-21,CUS021,ST-0017,6,75,450
2026-08-21,CUS016,ST-0018,4,95,380
2026-08-21,CUS014,ST-0018,2,95,190
2026-08-21,CUS002,ST-0018,1,95,95
2026-08-21,CUS017,ST-0018,5,95,475
2026-08-21,CUS015,ST-0019,2,145,290
2026-08-21,CUS014,ST-0019,1,145,145
2026-08-21,CUS014,ST-0019,2,145,290
2026-08-21,CUS017,ST-0020,6,199,1194
2026-08-21,CUS003,ST-0021,2,315,630
2026-08-21,CUS022,ST-0021,1,315,315
2026-08-21,CUS022,ST-0022,1,360,360
2026-08-21,CUS012,ST-0023,2,890,1780
2026-08-21,CUS014,ST-0025,1,420,420
2026-08-21,CUS023,ST-0026,2,58,116
2026-08-21,CUS024,ST-0026,2,58,116
2026-08-21,CUS021,ST-0026,17,58,986
2026-08-21,CUS013,ST-0026,4,58,232
2026-08-21,CUS003,ST-0027,3,78,234
2026-08-21,CUS019,ST-0027,3,78,234
2026-08-21,CUS021,ST-0028,7,11,77
2026-08-21,CUS021,ST-0028,4,11,44
2026-08-21,CUS022,ST-0028,7,11,77
2026-08-21,CUS014,ST-0028,9,11,99
2026-08-21,CUS022,ST-0029,17,16,272
2026-08-21,CUS006,ST-0029,4,16,64
2026-08-21,CUS002,ST-0030,10,52,520
2026-08-21,CUS022,ST-0031,2,45,90
2026-08-21,CUS014,ST-0031,1,45,45
2026-08-21,CUS012,ST-0031,4,45,180
2026-08-21,CUS003,ST-0032,4,66,264
2026-08-21,CUS006,ST-0032,1,66,66
2026-08-21,CUS017,ST-0033,1,85,85
2026-08-21,CUS013,ST-0033,1,85,85
2026-08-21,CUS025,ST-0033,1,85,85
2026-08-21,CUS012,ST-0035,17,38,646
2026-08-21,CUS014,ST-0035,16,38,608
2026-08-21,CUS008,ST-0036,1,75,75
2026-08-21,CUS021,ST-0036,1,75,75
2026-08-21,CUS021,ST-0036,1,75,75
2026-08-21,CUS016,ST-0036,6,75,450
2026-08-21,CUS023,ST-0036,1,75,75
2026-08-21,CUS018,ST-0037,6,88,528
2026-08-21,CUS025,ST-0037,4,88,352
2026-08-21,CUS008,ST-0037,4,88,352
2026-08-21,CUS014,ST-0038,1,145,145
2026-08-21,CUS018,ST-0038,3,145,435
2026-08-21,CUS002,ST-0039,3,215,645
2026-08-21,CUS021,ST-0040,2,52,104
2026-08-21,CUS025,ST-0041,1,55,55
2026-08-21,CUS021,ST-0041,4,55,220
2026-08-21,CUS016,ST-0042,3,82,246
2026-08-21,CUS012,ST-0042,1,82,82
2026-08-21,CUS012,ST-0042,1,82,82
2026-08-21,CUS003,ST-0044,1,450,450
2026-08-21,CUS022,ST-0046,3,15,45
2026-08-21,CUS005,ST-0046,2,15,30
2026-08-21,CUS016,ST-0046,2,15,30
2026-08-21,CUS014,ST-0047,11,16,176
2026-08-21,CUS016,ST-0047,21,16,336
2026-08-21,CUS006,ST-0048,1,16,16
2026-08-21,CUS004,ST-0048,3,16,48
2026-08-21,CUS023,ST-0049,2,70,140
2026-08-21,CUS010,ST-0049,1,70,70
2026-08-21,CUS018,ST-0049,2,70,140
2026-08-21,CUS019,ST-0049,1,70,70
2026-08-21,CUS001,ST-0050,1,85,85
2026-08-21,CUS013,ST-0050,4,85,340
2026-08-21,CUS018,ST-0050,1,85,85
2026-08-21,CUS005,ST-0051,6,55,330
2026-08-21,CUS016,ST-0051,2,55,110
2026-08-21,CUS009,ST-0052,2,45,90
2026-08-21,CUS011,ST-0052,1,45,45
2026-08-21,CUS025,ST-0053,1,40,40
2026-08-21,CUS017,ST-0053,1,40,40
2026-08-21,CUS013,ST-0053,2,40,80
2026-08-21,CUS022,ST-0055,1,210,210
2026-08-21,CUS017,ST-0055,1,210,210
2026-08-21,CUS021,ST-0056,2,65,130
2026-08-21,CUS023,ST-0056,1,65,65
2026-08-21,CUS006,ST-0057,3,390,1170
2026-08-21,CUS015,ST-0059,1,140,140
2026-08-21,CUS014,ST-0059,1,140,140
2026-08-21,CUS010,ST-0060,2,175,350
2026-08-22,CUS016,ST-0001,1,1390,1390
2026-08-22,CUS015,ST-0001,1,1390,1390
2026-08-22,CUS001,ST-0001,1,1390,1390
2026-08-22,CUS006,ST-0002,3,1950,5850
2026-08-22,CUS006,ST-0002,2,1950,3900
2026-08-22,CUS018,ST-0003,1,3090,3090
2026-08-22,CUS012,ST-0003,2,3090,6180
2026-08-22,CUS011,ST-0003,1,3090,3090
2026-08-22,CUS006,ST-0007,1,2250,2250
2026-08-22,CUS013,ST-0009,1,165,165
2026-08-22,CUS008,ST-0009,2,165,330
2026-08-22,CUS001,ST-0009,1,165,165
2026-08-22,CUS008,ST-0010,1,175,175
2026-08-22,CUS010,ST-0010,1,175,175
2026-08-22,CUS011,ST-0010,2,175,350
2026-08-22,CUS003,ST-0010,1,175,175
2026-08-22,CUS021,ST-0017,3,75,225
2026-08-22,CUS017,ST-0017,3,75,225
2026-08-22,CUS009,ST-0017,6,75,450
2026-08-22,CUS017,ST-0017,8,75,600
2026-08-22,CUS002,ST-0018,2,95,190
2026-08-22,CUS015,ST-0019,4,145,580
2026-08-22,CUS017,ST-0019,2,145,290
2026-08-22,CUS008,ST-0020,5,199,995
2026-08-22,CUS016,ST-0020,1,199,199
2026-08-22,CUS017,ST-0020,8,199,1592
2026-08-22,CUS002,ST-0020,1,199,199
2026-08-22,CUS021,ST-0021,2,315,630
2026-08-22,CUS014,ST-0021,1,315,315
2026-08-22,CUS019,ST-0021,1,315,315
2026-08-22,CUS012,ST-0021,1,315,315
2026-08-22,CUS012,ST-0021,1,315,315
2026-08-22,CUS018,ST-0022,1,360,360
2026-08-22,CUS005,ST-0022,2,360,720
2026-08-22,CUS022,ST-0025,2,420,840
2026-08-22,CUS024,ST-0026,18,58,1044
2026-08-22,CUS002,ST-0026,6,58,348
2026-08-22,CUS012,ST-0026,9,58,522
2026-08-22,CUS008,ST-0027,8,78,624
2026-08-22,CUS014,ST-0028,38,11,418
2026-08-22,CUS021,ST-0029,2,16,32
2026-08-22,CUS020,ST-0029,16,16,256
2026-08-22,CUS013,ST-0029,3,16,48
2026-08-22,CUS012,ST-0030,3,52,156
2026-08-22,CUS003,ST-0030,1,52,52
2026-08-22,CUS006,ST-0030,2,52,104
2026-08-22,CUS003,ST-0030,1,52,52
2026-08-22,CUS017,ST-0030,6,52,312
2026-08-22,CUS021,ST-0030,1,52,52
2026-08-22,CUS011,ST-0031,5,45,225
2026-08-22,CUS015,ST-0032,5,66,330
2026-08-22,CUS021,ST-0033,1,85,85
2026-08-22,CUS025,ST-0033,1,85,85
2026-08-22,CUS003,ST-0035,10,38,380
2026-08-22,CUS009,ST-0035,5,38,190
2026-08-22,CUS020,ST-0035,11,38,418
2026-08-22,CUS013,ST-0035,9,38,342
2026-08-22,CUS015,ST-0035,8,38,304
2026-08-22,CUS008,ST-0036,3,75,225
2026-08-22,CUS006,ST-0037,6,88,528
2026-08-22,CUS018,ST-0037,1,88,88
2026-08-22,CUS025,ST-0037,7,88,616
2026-08-22,CUS012,ST-0038,1,145,145
2026-08-22,CUS017,ST-0038,1,145,145
2026-08-22,CUS010,ST-0038,2,145,290
2026-08-22,CUS017,ST-0039,2,215,430
2026-08-22,CUS001,ST-0039,1,215,215
2026-08-22,CUS018,ST-0040,2,52,104
2026-08-22,CUS004,ST-0041,5,55,275
2026-08-22,CUS005,ST-0042,1,82,82
2026-08-22,CUS015,ST-0042,1,82,82
2026-08-22,CUS006,ST-0042,1,82,82
2026-08-22,CUS012,ST-0042,3,82,246
2026-08-22,CUS018,ST-0042,2,82,164
2026-08-22,CUS017,ST-0044,1,450,450
2026-08-22,CUS012,ST-0045,1,65,65
2026-08-22,CUS023,ST-0046,2,15,30
2026-08-22,CUS014,ST-0046,2,15,30
2026-08-22,CUS004,ST-0047,22,16,352
2026-08-22,CUS006,ST-0047,13,16,208
2026-08-22,CUS012,ST-0048,8,16,128
2026-08-22,CUS012,ST-0048,2,16,32
2026-08-22,CUS003,ST-0049,2,70,140
2026-08-22,CUS019,ST-0049,3,70,210
2026-08-22,CUS009,ST-0050,2,85,170
2026-08-22,CUS012,ST-0050,3,85,255
2026-08-22,CUS008,ST-0051,2,55,110
2026-08-22,CUS003,ST-0051,1,55,55
2026-08-22,CUS014,ST-0051,2,55,110
2026-08-22,CUS003,ST-0052,2,45,90
2026-08-22,CUS006,ST-0052,1,45,45
2026-08-22,CUS009,ST-0053,2,40,80
2026-08-22,CUS010,ST-0053,1,40,40
2026-08-22,CUS017,ST-0054,1,240,240
2026-08-22,CUS009,ST-0055,1,210,210
2026-08-22,CUS009,ST-0057,2,390,780
2026-08-22,CUS017,ST-0057,1,390,390
2026-08-22,CUS006,ST-0058,1,260,260
2026-08-22,CUS017,ST-0059,1,140,140
2026-08-22,CUS010,ST-0060,2,175,350
2026-08-24,CUS021,ST-0001,1,1390,1390
2026-08-24,CUS018,ST-0001,1,1390,1390
2026-08-24,CUS017,ST-0002,1,1950,1950
2026-08-24,CUS003,ST-0002,1,1950,1950
2026-08-24,CUS016,ST-0002,1,1950,1950
2026-08-24,CUS013,ST-0002,1,1950,1950
2026-08-24,CUS025,ST-0002,1,1950,1950
2026-08-24,CUS012,ST-0002,1,1950,1950
2026-08-24,CUS015,ST-0003,2,3090,6180
2026-08-24,CUS017,ST-0003,2,3090,6180
2026-08-24,CUS016,ST-0003,1,3090,3090
2026-08-24,CUS002,ST-0005,1,7290,7290
2026-08-24,CUS013,ST-0006,1,6350,6350
2026-08-24,CUS017,ST-0008,1,6150,6150
2026-08-24,CUS009,ST-0009,1,165,165
2026-08-24,CUS020,ST-0010,6,175,1050
2026-08-24,CUS019,ST-0010,3,175,525
2026-08-24,CUS015,ST-0011,2,560,1120
2026-08-24,CUS012,ST-0014,1,3150,3150
2026-08-24,CUS004,ST-0017,1,75,75
2026-08-24,CUS022,ST-0017,8,75,600
2026-08-24,CUS021,ST-0017,4,75,300
2026-08-24,CUS010,ST-0017,1,75,75
2026-08-24,CUS003,ST-0018,2,95,190
2026-08-24,CUS002,ST-0018,2,95,190
2026-08-24,CUS012,ST-0018,1,95,95
2026-08-24,CUS014,ST-0018,1,95,95
2026-08-24,CUS022,ST-0018,3,95,285
2026-08-24,CUS012,ST-0019,1,145,145
2026-08-24,CUS008,ST-0019,1,145,145
2026-08-24,CUS023,ST-0019,1,145,145
2026-08-24,CUS019,ST-0019,1,145,145
2026-08-24,CUS019,ST-0020,3,199,597
2026-08-24,CUS021,ST-0021,2,315,630
2026-08-24,CUS018,ST-0021,1,315,315
2026-08-24,CUS021,ST-0022,1,360,360
2026-08-24,CUS009,ST-0022,1,360,360
2026-08-24,CUS003,ST-0025,1,420,420
2026-08-24,CUS009,ST-0025,2,420,840
2026-08-24,CUS023,ST-0026,9,58,522
2026-08-24,CUS018,ST-0026,1,58,58
2026-08-24,CUS009,ST-0026,2,58,116
2026-08-24,CUS003,ST-0026,11,58,638
2026-08-24,CUS025,ST-0027,1,78,78
2026-08-24,CUS023,ST-0027,6,78,468
2026-08-24,CUS016,ST-0027,1,78,78
2026-08-24,CUS025,ST-0027,2,78,156
2026-08-24,CUS021,ST-0027,1,78,78
2026-08-24,CUS006,ST-0027,4,78,312
2026-08-24,CUS005,ST-0027,1,78,78
2026-08-24,CUS014,ST-0027,4,78,312
2026-08-24,CUS002,ST-0028,6,11,66
2026-08-24,CUS025,ST-0028,6,11,66
2026-08-24,CUS002,ST-0028,5,11,55
2026-08-24,CUS017,ST-0028,3,11,33
2026-08-24,CUS003,ST-0028,4,11,44
2026-08-24,CUS021,ST-0029,2,16,32
2026-08-24,CUS021,ST-0029,13,16,208
2026-08-24,CUS009,ST-0029,4,16,64
2026-08-24,CUS010,ST-0030,1,52,52
2026-08-24,CUS020,ST-0030,5,52,260
2026-08-24,CUS005,ST-0031,1,45,45
2026-08-24,CUS019,ST-0031,1,45,45
2026-08-24,CUS003,ST-0032,1,66,66
2026-08-24,CUS021,ST-0033,2,85,170
2026-08-24,CUS023,ST-0033,2,85,170
2026-08-24,CUS017,ST-0033,1,85,85
2026-08-24,CUS024,ST-0035,34,38,1292
2026-08-24,CUS024,ST-0036,12,75,900
2026-08-24,CUS003,ST-0037,3,88,264
2026-08-24,CUS004,ST-0037,8,88,704
2026-08-24,CUS010,ST-0037,1,88,88
2026-08-24,CUS006,ST-0037,3,88,264
2026-08-24,CUS010,ST-0038,2,145,290
2026-08-24,CUS022,ST-0038,4,145,580
2026-08-24,CUS021,ST-0038,1,145,145
2026-08-24,CUS004,ST-0038,1,145,145
2026-08-24,CUS024,ST-0039,1,215,215
2026-08-24,CUS008,ST-0039,2,215,430
2026-08-24,CUS019,ST-0040,1,52,52
2026-08-24,CUS005,ST-0042,1,82,82
2026-08-24,CUS022,ST-0042,1,82,82
2026-08-24,CUS004,ST-0042,2,82,164
2026-08-24,CUS023,ST-0042,1,82,82
2026-08-24,CUS003,ST-0043,1,105,105
2026-08-24,CUS023,ST-0043,1,105,105
2026-08-24,CUS017,ST-0044,1,450,450
2026-08-24,CUS003,ST-0044,1,450,450
2026-08-24,CUS002,ST-0046,5,15,75
2026-08-24,CUS021,ST-0046,2,15,30
2026-08-24,CUS021,ST-0046,2,15,30
2026-08-24,CUS008,ST-0046,1,15,15
2026-08-24,CUS011,ST-0047,26,16,416
2026-08-24,CUS014,ST-0048,1,16,16
2026-08-24,CUS019,ST-0048,3,16,48
2026-08-24,CUS016,ST-0048,2,16,32
2026-08-24,CUS008,ST-0048,1,16,16
2026-08-24,CUS017,ST-0048,1,16,16
2026-08-24,CUS003,ST-0048,6,16,96
2026-08-24,CUS014,ST-0049,2,70,140
2026-08-24,CUS013,ST-0049,2,70,140
2026-08-24,CUS001,ST-0049,1,70,70
2026-08-24,CUS010,ST-0049,2,70,140
2026-08-24,CUS008,ST-0050,1,85,85
2026-08-24,CUS022,ST-0050,1,85,85
2026-08-24,CUS023,ST-0050,3,85,255
2026-08-24,CUS016,ST-0050,1,85,85
2026-08-24,CUS020,ST-0050,4,85,340
2026-08-24,CUS010,ST-0050,1,85,85
2026-08-24,CUS001,ST-0051,5,55,275
2026-08-24,CUS001,ST-0051,1,55,55
2026-08-24,CUS021,ST-0052,2,45,90
2026-08-24,CUS006,ST-0053,1,40,40
2026-08-24,CUS021,ST-0053,2,40,80
2026-08-24,CUS016,ST-0056,1,65,65
2026-08-24,CUS001,ST-0056,1,65,65
2026-08-24,CUS006,ST-0056,3,65,195
2026-08-24,CUS006,ST-0056,1,65,65
2026-08-24,CUS016,ST-0056,1,65,65
2026-08-24,CUS003,ST-0057,3,390,1170
2026-08-24,CUS013,ST-0057,1,390,390
2026-08-24,CUS018,ST-0057,2,390,780
2026-08-24,CUS015,ST-0058,1,260,260
2026-08-24,CUS012,ST-0059,1,140,140
2026-08-24,CUS008,ST-0060,1,175,175
2026-08-25,CUS003,ST-0001,1,1390,1390
2026-08-25,CUS023,ST-0002,1,1950,1950
2026-08-25,CUS012,ST-0002,2,1950,3900
2026-08-25,CUS022,ST-0003,1,3090,3090
2026-08-25,CUS012,ST-0003,1,3090,3090
2026-08-25,CUS010,ST-0003,3,3090,9270
2026-08-25,CUS025,ST-0003,1,3090,3090
2026-08-25,CUS001,ST-0003,2,3090,6180
2026-08-25,CUS022,ST-0004,1,4890,4890
2026-08-25,CUS004,ST-0004,1,4890,4890
2026-08-25,CUS003,ST-0006,1,6350,6350
2026-08-25,CUS025,ST-0008,1,6150,6150
2026-08-25,CUS006,ST-0009,4,165,660
2026-08-25,CUS023,ST-0009,1,165,165
2026-08-25,CUS017,ST-0010,2,175,350
2026-08-25,CUS023,ST-0010,3,175,525
2026-08-25,CUS025,ST-0010,1,175,175
2026-08-25,CUS025,ST-0012,1,2150,2150
2026-08-25,CUS025,ST-0013,1,1290,1290
2026-08-25,CUS025,ST-0014,1,3150,3150
2026-08-25,CUS007,ST-0017,6,75,450
2026-08-25,CUS006,ST-0017,1,75,75
2026-08-25,CUS020,ST-0017,4,75,300
2026-08-25,CUS023,ST-0017,4,75,300
2026-08-25,CUS015,ST-0017,2,75,150
2026-08-25,CUS010,ST-0017,4,75,300
2026-08-25,CUS013,ST-0017,4,75,300
2026-08-25,CUS020,ST-0018,9,95,855
2026-08-25,CUS016,ST-0020,4,199,796
2026-08-25,CUS013,ST-0020,2,199,398
2026-08-25,CUS003,ST-0021,1,315,315
2026-08-25,CUS001,ST-0022,1,360,360
2026-08-25,CUS019,ST-0022,1,360,360
2026-08-25,CUS001,ST-0025,1,420,420
2026-08-25,CUS018,ST-0025,1,420,420
2026-08-25,CUS017,ST-0026,2,58,116
2026-08-25,CUS021,ST-0026,13,58,754
2026-08-25,CUS012,ST-0026,6,58,348
2026-08-25,CUS006,ST-0026,2,58,116
2026-08-25,CUS017,ST-0027,5,78,390
2026-08-25,CUS004,ST-0027,6,78,468
2026-08-25,CUS018,ST-0028,3,11,33
2026-08-25,CUS022,ST-0028,4,11,44
2026-08-25,CUS023,ST-0028,1,11,11
2026-08-25,CUS010,ST-0028,2,11,22
2026-08-25,CUS010,ST-0028,8,11,88
2026-08-25,CUS012,ST-0028,15,11,165
2026-08-25,CUS017,ST-0029,7,16,112
2026-08-25,CUS008,ST-0029,14,16,224
2026-08-25,CUS014,ST-0029,4,16,64
2026-08-25,CUS023,ST-0029,1,16,16
2026-08-25,CUS006,ST-0030,1,52,52
2026-08-25,CUS018,ST-0030,2,52,104
2026-08-25,CUS011,ST-0030,1,52,52
2026-08-25,CUS018,ST-0030,1,52,52
2026-08-25,CUS011,ST-0030,2,52,104
2026-08-25,CUS025,ST-0030,2,52,104
2026-08-25,CUS009,ST-0031,5,45,225
2026-08-25,CUS010,ST-0031,1,45,45
2026-08-25,CUS025,ST-0031,1,45,45
2026-08-25,CUS021,ST-0032,1,66,66
2026-08-25,CUS015,ST-0033,1,85,85
2026-08-25,CUS023,ST-0033,2,85,170
2026-08-25,CUS002,ST-0035,5,38,190
2026-08-25,CUS023,ST-0035,9,38,342
2026-08-25,CUS017,ST-0035,5,38,190
2026-08-25,CUS024,ST-0035,12,38,456
2026-08-25,CUS006,ST-0035,7,38,266
2026-08-25,CUS024,ST-0035,2,38,76
2026-08-25,CUS006,ST-0036,6,75,450
2026-08-25,CUS024,ST-0036,8,75,600
2026-08-25,CUS014,ST-0036,1,75,75
2026-08-25,CUS013,ST-0036,2,75,150
2026-08-25,CUS019,ST-0037,12,88,1056
2026-08-25,CUS009,ST-0037,5,88,440
2026-08-25,CUS008,ST-0038,8,145,1160
2026-08-25,CUS022,ST-0039,2,215,430
2026-08-25,CUS017,ST-0039,1,215,215
2026-08-25,CUS008,ST-0039,1,215,215
2026-08-25,CUS003,ST-0039,1,215,215
2026-08-25,CUS022,ST-0041,2,55,110
2026-08-25,CUS013,ST-0042,2,82,164
2026-08-25,CUS019,ST-0042,2,82,164
2026-08-25,CUS008,ST-0042,1,82,82
2026-08-25,CUS014,ST-0043,1,105,105
2026-08-25,CUS006,ST-0045,1,65,65
2026-08-25,CUS009,ST-0046,1,15,15
2026-08-25,CUS023,ST-0046,1,15,15
2026-08-25,CUS003,ST-0046,7,15,105
2026-08-25,CUS023,ST-0047,1,16,16
2026-08-25,CUS008,ST-0047,3,16,48
2026-08-25,CUS017,ST-0047,10,16,160
2026-08-25,CUS018,ST-0047,13,16,208
2026-08-25,CUS018,ST-0048,3,16,48
2026-08-25,CUS023,ST-0048,1,16,16
2026-08-25,CUS025,ST-0048,2,16,32
2026-08-25,CUS006,ST-0049,4,70,280
2026-08-25,CUS024,ST-0049,1,70,70
2026-08-25,CUS022,ST-0049,1,70,70
2026-08-25,CUS004,ST-0050,4,85,340
2026-08-25,CUS020,ST-0050,1,85,85
2026-08-25,CUS009,ST-0051,3,55,165
2026-08-25,CUS017,ST-0051,3,55,165
2026-08-25,CUS007,ST-0052,4,45,180
2026-08-25,CUS018,ST-0053,1,40,40
2026-08-25,CUS018,ST-0056,1,65,65
2026-08-25,CUS014,ST-0056,2,65,130
2026-08-25,CUS003,ST-0056,1,65,65
2026-08-25,CUS015,ST-0057,1,390,390
2026-08-25,CUS023,ST-0059,1,140,140
2026-08-25,CUS024,ST-0060,1,175,175
2026-08-26,CUS020,ST-0001,1,1390,1390
2026-08-26,CUS019,ST-0002,1,1950,1950
2026-08-26,CUS004,ST-0002,1,1950,1950
2026-08-26,CUS009,ST-0002,1,1950,1950
2026-08-26,CUS008,ST-0003,2,3090,6180
2026-08-26,CUS003,ST-0003,2,3090,6180
2026-08-26,CUS004,ST-0003,1,3090,3090
2026-08-26,CUS012,ST-0004,1,4890,4890
2026-08-26,CUS013,ST-0004,1,4890,4890
2026-08-26,CUS022,ST-0005,1,7290,7290
2026-08-26,CUS018,ST-0005,1,7290,7290
2026-08-26,CUS008,ST-0005,1,7290,7290
2026-08-26,CUS003,ST-0006,1,6350,6350
2026-08-26,CUS002,ST-0009,1,165,165
2026-08-26,CUS012,ST-0009,2,165,330
2026-08-26,CUS016,ST-0009,1,165,165
2026-08-26,CUS004,ST-0010,2,175,350
2026-08-26,CUS009,ST-0010,2,175,350
2026-08-26,CUS003,ST-0011,3,560,1680
2026-08-26,CUS017,ST-0011,1,560,560
2026-08-26,CUS006,ST-0013,1,1290,1290
2026-08-26,CUS012,ST-0015,1,1750,1750
2026-08-26,CUS003,ST-0015,1,1750,1750
2026-08-26,CUS006,ST-0016,1,1190,1190
2026-08-26,CUS023,ST-0017,8,75,600
2026-08-26,CUS014,ST-0017,9,75,675
2026-08-26,CUS024,ST-0018,5,95,475
2026-08-26,CUS006,ST-0018,1,95,95
2026-08-26,CUS015,ST-0019,1,145,145
2026-08-26,CUS020,ST-0020,1,199,199
2026-08-26,CUS002,ST-0020,1,199,199
2026-08-26,CUS022,ST-0020,1,199,199
2026-08-26,CUS005,ST-0020,2,199,398
2026-08-26,CUS002,ST-0020,1,199,199
2026-08-26,CUS023,ST-0021,2,315,630
2026-08-26,CUS023,ST-0021,1,315,315
2026-08-26,CUS017,ST-0021,1,315,315
2026-08-26,CUS024,ST-0021,2,315,630
2026-08-26,CUS008,ST-0023,1,890,890
2026-08-26,CUS012,ST-0026,14,58,812
2026-08-26,CUS009,ST-0026,1,58,58
2026-08-26,CUS018,ST-0026,6,58,348
2026-08-26,CUS021,ST-0026,4,58,232
2026-08-26,CUS016,ST-0026,2,58,116
2026-08-26,CUS009,ST-0027,8,78,624
2026-08-26,CUS011,ST-0027,2,78,156
2026-08-26,CUS012,ST-0028,3,11,33
2026-08-26,CUS018,ST-0028,17,11,187
2026-08-26,CUS002,ST-0028,6,11,66
2026-08-26,CUS018,ST-0028,3,11,33
2026-08-26,CUS011,ST-0028,1,11,11
2026-08-26,CUS012,ST-0029,8,16,128
2026-08-26,CUS024,ST-0029,3,16,48
2026-08-26,CUS025,ST-0029,16,16,256
2026-08-26,CUS006,ST-0030,2,52,104
2026-08-26,CUS007,ST-0030,1,52,52
2026-08-26,CUS008,ST-0030,1,52,52
2026-08-26,CUS015,ST-0031,3,45,135
2026-08-26,CUS014,ST-0031,4,45,180
2026-08-26,CUS014,ST-0032,3,66,198
2026-08-26,CUS025,ST-0032,4,66,264
2026-08-26,CUS013,ST-0033,1,85,85
2026-08-26,CUS018,ST-0033,2,85,170
2026-08-26,CUS003,ST-0033,1,85,85
2026-08-26,CUS003,ST-0033,1,85,85
2026-08-26,CUS023,ST-0033,2,85,170
2026-08-26,CUS018,ST-0034,1,590,590
2026-08-26,CUS006,ST-0035,9,38,342
2026-08-26,CUS001,ST-0035,21,38,798
2026-08-26,CUS007,ST-0036,4,75,300
2026-08-26,CUS012,ST-0036,2,75,150
2026-08-26,CUS002,ST-0036,3,75,225
2026-08-26,CUS011,ST-0036,3,75,225
2026-08-26,CUS012,ST-0037,10,88,880
2026-08-26,CUS001,ST-0038,7,145,1015
2026-08-26,CUS015,ST-0039,1,215,215
2026-08-26,CUS025,ST-0039,3,215,645
2026-08-26,CUS025,ST-0039,1,215,215
2026-08-26,CUS017,ST-0040,1,52,52
2026-08-26,CUS005,ST-0040,1,52,52
2026-08-26,CUS008,ST-0041,3,55,165
2026-08-26,CUS009,ST-0041,1,55,55
2026-08-26,CUS023,ST-0041,2,55,110
2026-08-26,CUS021,ST-0041,1,55,55
2026-08-26,CUS005,ST-0042,3,82,246
2026-08-26,CUS011,ST-0042,2,82,164
2026-08-26,CUS003,ST-0043,1,105,105
2026-08-26,CUS018,ST-0043,1,105,105
2026-08-26,CUS018,ST-0044,1,450,450
2026-08-26,CUS002,ST-0044,1,450,450
2026-08-26,CUS001,ST-0046,2,15,30
2026-08-26,CUS020,ST-0046,4,15,60
2026-08-26,CUS017,ST-0047,24,16,384
2026-08-26,CUS010,ST-0047,5,16,80
2026-08-26,CUS017,ST-0048,3,16,48
2026-08-26,CUS002,ST-0048,3,16,48
2026-08-26,CUS006,ST-0049,5,70,350
2026-08-26,CUS008,ST-0049,2,70,140
2026-08-26,CUS013,ST-0049,3,70,210
2026-08-26,CUS019,ST-0050,3,85,255
2026-08-26,CUS024,ST-0050,2,85,170
2026-08-26,CUS001,ST-0050,3,85,255
2026-08-26,CUS024,ST-0051,1,55,55
2026-08-26,CUS003,ST-0051,3,55,165
2026-08-26,CUS004,ST-0051,1,55,55
2026-08-26,CUS003,ST-0051,4,55,220
2026-08-26,CUS012,ST-0052,3,45,135
2026-08-26,CUS001,ST-0052,1,45,45
2026-08-26,CUS017,ST-0053,2,40,80
2026-08-26,CUS022,ST-0053,1,40,40
2026-08-26,CUS014,ST-0053,1,40,40
2026-08-26,CUS011,ST-0055,1,210,210
2026-08-26,CUS001,ST-0055,1,210,210
2026-08-26,CUS008,ST-0056,2,65,130
2026-08-26,CUS003,ST-0056,1,65,65
2026-08-26,CUS003,ST-0056,3,65,195
2026-08-26,CUS017,ST-0057,1,390,390
2026-08-26,CUS012,ST-0058,1,260,260
2026-08-26,CUS018,ST-0059,1,140,140
2026-08-26,CUS003,ST-0059,1,140,140
2026-08-26,CUS005,ST-0059,1,140,140
2026-08-26,CUS006,ST-0060,1,175,175
2026-08-26,CUS022,ST-0060,1,175,175
2026-08-27,CUS008,ST-0001,1,1390,1390
2026-08-27,CUS017,ST-0001,1,1390,1390
2026-08-27,CUS012,ST-0002,1,1950,1950
2026-08-27,CUS021,ST-0002,1,1950,1950
2026-08-27,CUS018,ST-0003,1,3090,3090
2026-08-27,CUS013,ST-0003,1,3090,3090
2026-08-27,CUS024,ST-0003,1,3090,3090
2026-08-27,CUS022,ST-0004,1,4890,4890
2026-08-27,CUS009,ST-0005,1,7290,7290
2026-08-27,CUS022,ST-0009,2,165,330
2026-08-27,CUS002,ST-0009,1,165,165
2026-08-27,CUS007,ST-0009,1,165,165
2026-08-27,CUS006,ST-0010,1,175,175
2026-08-27,CUS016,ST-0010,1,175,175
2026-08-27,CUS014,ST-0010,3,175,525
2026-08-27,CUS002,ST-0010,2,175,350
2026-08-27,CUS018,ST-0011,1,560,560
2026-08-27,CUS017,ST-0014,1,3150,3150
2026-08-27,CUS012,ST-0017,5,75,375
2026-08-27,CUS012,ST-0017,10,75,750
2026-08-27,CUS009,ST-0018,3,95,285
2026-08-27,CUS017,ST-0018,5,95,475
2026-08-27,CUS006,ST-0019,2,145,290
2026-08-27,CUS006,ST-0019,1,145,145
2026-08-27,CUS024,ST-0019,1,145,145
2026-08-27,CUS017,ST-0019,1,145,145
2026-08-27,CUS008,ST-0020,1,199,199
2026-08-27,CUS021,ST-0020,2,199,398
2026-08-27,CUS018,ST-0020,1,199,199
2026-08-27,CUS015,ST-0021,1,315,315
2026-08-27,CUS010,ST-0021,3,315,945
2026-08-27,CUS014,ST-0022,1,360,360
2026-08-27,CUS023,ST-0025,1,420,420
2026-08-27,CUS003,ST-0025,1,420,420
2026-08-27,CUS025,ST-0026,13,58,754
2026-08-27,CUS022,ST-0026,6,58,348
2026-08-27,CUS005,ST-0027,3,78,234
2026-08-27,CUS010,ST-0027,5,78,390
2026-08-27,CUS023,ST-0027,1,78,78
2026-08-27,CUS008,ST-0028,6,11,66
2026-08-27,CUS002,ST-0028,18,11,198
2026-08-27,CUS016,ST-0029,11,16,176
2026-08-27,CUS019,ST-0029,1,16,16
2026-08-27,CUS005,ST-0029,3,16,48
2026-08-27,CUS003,ST-0029,2,16,32
2026-08-27,CUS006,ST-0030,1,52,52
2026-08-27,CUS010,ST-0030,5,52,260
2026-08-27,CUS001,ST-0030,3,52,156
2026-08-27,CUS010,ST-0031,3,45,135
2026-08-27,CUS005,ST-0031,1,45,45
2026-08-27,CUS009,ST-0031,5,45,225
2026-08-27,CUS015,ST-0032,1,66,66
2026-08-27,CUS017,ST-0032,1,66,66
2026-08-27,CUS016,ST-0033,1,85,85
2026-08-27,CUS005,ST-0035,25,38,950
2026-08-27,CUS003,ST-0035,6,38,228
2026-08-27,CUS003,ST-0036,1,75,75
2026-08-27,CUS013,ST-0036,9,75,675
2026-08-27,CUS006,ST-0036,2,75,150
2026-08-27,CUS021,ST-0036,2,75,150
2026-08-27,CUS024,ST-0037,18,88,1584
2026-08-27,CUS012,ST-0038,2,145,290
2026-08-27,CUS008,ST-0038,1,145,145
2026-08-27,CUS023,ST-0038,1,145,145
2026-08-27,CUS022,ST-0039,1,215,215
2026-08-27,CUS012,ST-0039,1,215,215
2026-08-27,CUS021,ST-0039,4,215,860
2026-08-27,CUS002,ST-0039,1,215,215
2026-08-27,CUS006,ST-0039,1,215,215
2026-08-27,CUS021,ST-0039,4,215,860
2026-08-27,CUS001,ST-0039,1,215,215
2026-08-27,CUS021,ST-0040,2,52,104
2026-08-27,CUS004,ST-0040,1,52,52
2026-08-27,CUS012,ST-0040,1,52,52
2026-08-27,CUS014,ST-0041,4,55,220
2026-08-27,CUS006,ST-0041,4,55,220
2026-08-27,CUS021,ST-0041,1,55,55
2026-08-27,CUS024,ST-0041,2,55,110
2026-08-27,CUS017,ST-0042,1,82,82
2026-08-27,CUS023,ST-0042,2,82,164
2026-08-27,CUS017,ST-0042,1,82,82
2026-08-27,CUS016,ST-0042,1,82,82
2026-08-27,CUS006,ST-0042,4,82,328
2026-08-27,CUS018,ST-0042,2,82,164
2026-08-27,CUS008,ST-0043,1,105,105
2026-08-27,CUS002,ST-0043,1,105,105
2026-08-27,CUS012,ST-0043,1,105,105
2026-08-27,CUS010,ST-0044,1,450,450
2026-08-27,CUS008,ST-0045,1,65,65
2026-08-27,CUS016,ST-0045,1,65,65
2026-08-27,CUS002,ST-0046,2,15,30
2026-08-27,CUS001,ST-0046,1,15,15
2026-08-27,CUS015,ST-0046,1,15,15
2026-08-27,CUS021,ST-0046,1,15,15
2026-08-27,CUS022,ST-0047,17,16,272
2026-08-27,CUS007,ST-0047,9,16,144
2026-08-27,CUS013,ST-0047,4,16,64
2026-08-27,CUS022,ST-0048,6,16,96
2026-08-27,CUS013,ST-0049,2,70,140
2026-08-27,CUS023,ST-0049,4,70,280
2026-08-27,CUS023,ST-0050,2,85,170
2026-08-27,CUS009,ST-0050,3,85,255
2026-08-27,CUS007,ST-0050,6,85,510
2026-08-27,CUS005,ST-0051,1,55,55
2026-08-27,CUS021,ST-0051,4,55,220
2026-08-27,CUS009,ST-0051,4,55,220
2026-08-27,CUS006,ST-0052,2,45,90
2026-08-27,CUS012,ST-0053,1,40,40
2026-08-27,CUS010,ST-0053,1,40,40
2026-08-27,CUS007,ST-0056,2,65,130
2026-08-27,CUS008,ST-0057,1,390,390
2026-08-27,CUS005,ST-0059,1,140,140
2026-08-27,CUS014,ST-0059,1,140,140
2026-08-27,CUS022,ST-0059,1,140,140
2026-08-28,CUS008,ST-0002,1,1950,1950
2026-08-28,CUS003,ST-0003,1,3090,3090
2026-08-28,CUS002,ST-0003,1,3090,3090
2026-08-28,CUS001,ST-0005,1,7290,7290
2026-08-28,CUS012,ST-0009,3,165,495
2026-08-28,CUS021,ST-0010,1,175,175
2026-08-28,CUS014,ST-0010,4,175,700
2026-08-28,CUS023,ST-0010,3,175,525
2026-08-28,CUS015,ST-0010,1,175,175
2026-08-28,CUS012,ST-0011,2,560,1120
2026-08-28,CUS013,ST-0012,2,2150,4300
2026-08-28,CUS018,ST-0017,5,75,375
2026-08-28,CUS018,ST-0017,3,75,225
2026-08-28,CUS014,ST-0017,6,75,450
2026-08-28,CUS023,ST-0018,7,95,665
2026-08-28,CUS013,ST-0018,1,95,95
2026-08-28,CUS010,ST-0019,1,145,145
2026-08-28,CUS009,ST-0019,1,145,145
2026-08-28,CUS008,ST-0019,1,145,145
2026-08-28,CUS006,ST-0019,1,145,145
2026-08-28,CUS012,ST-0020,2,199,398
2026-08-28,CUS004,ST-0020,1,199,199
2026-08-28,CUS012,ST-0020,2,199,398
2026-08-28,CUS002,ST-0021,3,315,945
2026-08-28,CUS008,ST-0022,3,360,1080
2026-08-28,CUS022,ST-0022,1,360,360
2026-08-28,CUS011,ST-0023,1,890,890
2026-08-28,CUS025,ST-0023,1,890,890
2026-08-28,CUS018,ST-0025,2,420,840
2026-08-28,CUS024,ST-0026,1,58,58
2026-08-28,CUS023,ST-0026,19,58,1102
2026-08-28,CUS011,ST-0027,1,78,78
2026-08-28,CUS021,ST-0027,12,78,936
2026-08-28,CUS012,ST-0028,11,11,121
2026-08-28,CUS023,ST-0028,8,11,88
2026-08-28,CUS015,ST-0028,2,11,22
2026-08-28,CUS011,ST-0028,6,11,66
2026-08-28,CUS009,ST-0029,4,16,64
2026-08-28,CUS010,ST-0029,6,16,96
2026-08-28,CUS003,ST-0029,2,16,32
2026-08-28,CUS022,ST-0030,2,52,104
2026-08-28,CUS010,ST-0030,5,52,260
2026-08-28,CUS009,ST-0031,1,45,45
2026-08-28,CUS002,ST-0031,3,45,135
2026-08-28,CUS023,ST-0031,1,45,45
2026-08-28,CUS004,ST-0031,2,45,90
2026-08-28,CUS013,ST-0031,1,45,45
2026-08-28,CUS011,ST-0031,2,45,90
2026-08-28,CUS023,ST-0032,1,66,66
2026-08-28,CUS022,ST-0033,2,85,170
2026-08-28,CUS009,ST-0035,7,38,266
2026-08-28,CUS006,ST-0035,7,38,266
2026-08-28,CUS002,ST-0035,4,38,152
2026-08-28,CUS017,ST-0035,20,38,760
2026-08-28,CUS009,ST-0036,5,75,375
2026-08-28,CUS021,ST-0037,2,88,176
2026-08-28,CUS010,ST-0037,10,88,880
2026-08-28,CUS007,ST-0037,3,88,264
2026-08-28,CUS014,ST-0038,2,145,290
2026-08-28,CUS003,ST-0038,1,145,145
2026-08-28,CUS012,ST-0039,1,215,215
2026-08-28,CUS023,ST-0039,4,215,860
2026-08-28,CUS008,ST-0040,1,52,52
2026-08-28,CUS023,ST-0041,1,55,55
2026-08-28,CUS012,ST-0041,1,55,55
2026-08-28,CUS019,ST-0042,1,82,82
2026-08-28,CUS022,ST-0042,2,82,164
2026-08-28,CUS025,ST-0042,1,82,82
2026-08-28,CUS024,ST-0043,1,105,105
2026-08-28,CUS024,ST-0043,2,105,210
2026-08-28,CUS018,ST-0043,1,105,105
2026-08-28,CUS003,ST-0045,1,65,65
2026-08-28,CUS014,ST-0046,2,15,30
2026-08-28,CUS017,ST-0046,1,15,15
2026-08-28,CUS003,ST-0046,5,15,75
2026-08-28,CUS015,ST-0046,1,15,15
2026-08-28,CUS011,ST-0046,1,15,15
2026-08-28,CUS018,ST-0047,19,16,304
2026-08-28,CUS008,ST-0047,1,16,16
2026-08-28,CUS018,ST-0047,7,16,112
2026-08-28,CUS017,ST-0047,2,16,32
2026-08-28,CUS005,ST-0047,2,16,32
2026-08-28,CUS008,ST-0048,4,16,64
2026-08-28,CUS015,ST-0048,1,16,16
2026-08-28,CUS024,ST-0048,3,16,48
2026-08-28,CUS018,ST-0048,1,16,16
2026-08-28,CUS021,ST-0048,1,16,16
2026-08-28,CUS023,ST-0049,1,70,70
2026-08-28,CUS017,ST-0049,4,70,280
2026-08-28,CUS021,ST-0050,2,85,170
2026-08-28,CUS002,ST-0050,1,85,85
2026-08-28,CUS001,ST-0050,2,85,170
2026-08-28,CUS005,ST-0050,1,85,85
2026-08-28,CUS023,ST-0050,1,85,85
2026-08-28,CUS009,ST-0051,1,55,55
2026-08-28,CUS025,ST-0051,2,55,110
2026-08-28,CUS001,ST-0051,3,55,165
2026-08-28,CUS006,ST-0051,3,55,165
2026-08-28,CUS006,ST-0051,1,55,55
2026-08-28,CUS006,ST-0052,1,45,45
2026-08-28,CUS022,ST-0052,1,45,45
2026-08-28,CUS025,ST-0052,1,45,45
2026-08-28,CUS008,ST-0053,1,40,40
2026-08-28,CUS023,ST-0053,2,40,80
2026-08-28,CUS023,ST-0054,1,240,240
2026-08-28,CUS004,ST-0055,1,210,210
2026-08-28,CUS001,ST-0055,1,210,210
2026-08-28,CUS004,ST-0056,3,65,195
2026-08-28,CUS014,ST-0056,1,65,65
2026-08-28,CUS014,ST-0057,2,390,780
2026-08-28,CUS003,ST-0057,1,390,390
2026-08-28,CUS021,ST-0057,1,390,390
2026-08-28,CUS012,ST-0058,1,260,260
2026-08-28,CUS012,ST-0058,1,260,260
2026-08-28,CUS006,ST-0059,1,140,140
2026-08-28,CUS021,ST-0060,1,175,175
2026-08-29,CUS009,ST-0001,1,1390,1390
2026-08-29,CUS021,ST-0001,1,1390,1390
2026-08-29,CUS013,ST-0002,1,1950,1950
2026-08-29,CUS018,ST-0002,2,1950,3900
2026-08-29,CUS009,ST-0002,1,1950,1950
2026-08-29,CUS009,ST-0003,1,3090,3090
2026-08-29,CUS007,ST-0006,1,6350,6350
2026-08-29,CUS008,ST-0006,1,6350,6350
2026-08-29,CUS021,ST-0009,5,165,825
2026-08-29,CUS017,ST-0010,8,175,1400
2026-08-29,CUS016,ST-0010,1,175,175
2026-08-29,CUS012,ST-0011,1,560,560
2026-08-29,CUS007,ST-0012,1,2150,2150
2026-08-29,CUS014,ST-0012,1,2150,2150
2026-08-29,CUS014,ST-0013,1,1290,1290
2026-08-29,CUS022,ST-0014,1,3150,3150
2026-08-29,CUS025,ST-0017,3,75,225
2026-08-29,CUS006,ST-0017,13,75,975
2026-08-29,CUS002,ST-0018,5,95,475
2026-08-29,CUS006,ST-0018,2,95,190
2026-08-29,CUS021,ST-0018,4,95,380
2026-08-29,CUS018,ST-0019,2,145,290
2026-08-29,CUS019,ST-0019,1,145,145
2026-08-29,CUS010,ST-0020,2,199,398
2026-08-29,CUS005,ST-0020,1,199,199
2026-08-29,CUS022,ST-0020,1,199,199
2026-08-29,CUS014,ST-0020,2,199,398
2026-08-29,CUS017,ST-0020,3,199,597
2026-08-29,CUS008,ST-0021,1,315,315
2026-08-29,CUS010,ST-0021,1,315,315
2026-08-29,CUS015,ST-0021,1,315,315
2026-08-29,CUS011,ST-0022,1,360,360
2026-08-29,CUS018,ST-0022,1,360,360
2026-08-29,CUS006,ST-0022,2,360,720
2026-08-29,CUS017,ST-0024,1,990,990
2026-08-29,CUS009,ST-0025,1,420,420
2026-08-29,CUS018,ST-0026,16,58,928
2026-08-29,CUS023,ST-0026,3,58,174
2026-08-29,CUS023,ST-0026,6,58,348
2026-08-29,CUS005,ST-0026,1,58,58
2026-08-29,CUS009,ST-0026,2,58,116
2026-08-29,CUS004,ST-0027,7,78,546
2026-08-29,CUS018,ST-0028,2,11,22
2026-08-29,CUS022,ST-0028,2,11,22
2026-08-29,CUS018,ST-0028,4,11,44
2026-08-29,CUS008,ST-0028,8,11,88
2026-08-29,CUS024,ST-0028,5,11,55
2026-08-29,CUS012,ST-0028,5,11,55
2026-08-29,CUS010,ST-0029,16,16,256
2026-08-29,CUS009,ST-0030,1,52,52
2026-08-29,CUS017,ST-0030,9,52,468
2026-08-29,CUS002,ST-0031,3,45,135
2026-08-29,CUS014,ST-0031,3,45,135
2026-08-29,CUS009,ST-0032,3,66,198
2026-08-29,CUS002,ST-0033,1,85,85
2026-08-29,CUS010,ST-0035,5,38,190
2026-08-29,CUS014,ST-0035,7,38,266
2026-08-29,CUS013,ST-0035,7,38,266
2026-08-29,CUS018,ST-0035,7,38,266
2026-08-29,CUS014,ST-0035,2,38,76
2026-08-29,CUS002,ST-0035,3,38,114
2026-08-29,CUS009,ST-0036,3,75,225
2026-08-29,CUS012,ST-0036,4,75,300
2026-08-29,CUS025,ST-0036,2,75,150
2026-08-29,CUS025,ST-0036,4,75,300
2026-08-29,CUS024,ST-0037,6,88,528
2026-08-29,CUS010,ST-0037,13,88,1144
2026-08-29,CUS024,ST-0037,3,88,264
2026-08-29,CUS012,ST-0037,1,88,88
2026-08-29,CUS023,ST-0038,1,145,145
2026-08-29,CUS025,ST-0038,4,145,580
2026-08-29,CUS013,ST-0038,1,145,145
2026-08-29,CUS020,ST-0038,2,145,290
2026-08-29,CUS014,ST-0039,2,215,430
2026-08-29,CUS004,ST-0039,3,215,645
2026-08-29,CUS009,ST-0041,4,55,220
2026-08-29,CUS003,ST-0042,1,82,82
2026-08-29,CUS011,ST-0042,3,82,246
2026-08-29,CUS006,ST-0042,1,82,82
2026-08-29,CUS004,ST-0043,1,105,105
2026-08-29,CUS002,ST-0046,2,15,30
2026-08-29,CUS008,ST-0046,1,15,15
2026-08-29,CUS013,ST-0047,14,16,224
2026-08-29,CUS005,ST-0047,15,16,240
2026-08-29,CUS002,ST-0048,1,16,16
2026-08-29,CUS009,ST-0048,8,16,128
2026-08-29,CUS010,ST-0049,2,70,140
2026-08-29,CUS009,ST-0049,3,70,210
2026-08-29,CUS023,ST-0050,6,85,510
2026-08-29,CUS006,ST-0050,1,85,85
2026-08-29,CUS002,ST-0050,1,85,85
2026-08-29,CUS016,ST-0050,3,85,255
2026-08-29,CUS018,ST-0051,5,55,275
2026-08-29,CUS002,ST-0051,1,55,55
2026-08-29,CUS025,ST-0052,1,45,45
2026-08-29,CUS006,ST-0052,2,45,90
2026-08-29,CUS009,ST-0052,1,45,45
2026-08-29,CUS023,ST-0052,1,45,45
2026-08-29,CUS012,ST-0053,2,40,80
2026-08-29,CUS024,ST-0054,1,240,240
2026-08-29,CUS016,ST-0055,1,210,210
2026-08-29,CUS008,ST-0056,1,65,65
2026-08-29,CUS021,ST-0056,3,65,195
2026-08-29,CUS004,ST-0057,2,390,780
2026-08-29,CUS024,ST-0057,1,390,390
2026-08-29,CUS023,ST-0059,1,140,140
2026-08-29,CUS004,ST-0060,1,175,175
2026-08-31,CUS014,ST-0001,2,1390,2780
2026-08-31,CUS003,ST-0001,1,1390,1390
2026-08-31,CUS002,ST-0002,1,1950,1950
2026-08-31,CUS002,ST-0002,1,1950,1950
2026-08-31,CUS017,ST-0002,1,1950,1950
2026-08-31,CUS011,ST-0003,2,3090,6180
2026-08-31,CUS003,ST-0003,1,3090,3090
2026-08-31,CUS017,ST-0003,2,3090,6180
2026-08-31,CUS008,ST-0004,1,4890,4890
2026-08-31,CUS012,ST-0009,2,165,330
2026-08-31,CUS009,ST-0009,8,165,1320
2026-08-31,CUS014,ST-0010,7,175,1225
2026-08-31,CUS011,ST-0010,1,175,175
2026-08-31,CUS020,ST-0012,1,2150,2150
2026-08-31,CUS009,ST-0013,1,1290,1290
2026-08-31,CUS013,ST-0014,1,3150,3150
2026-08-31,CUS016,ST-0017,5,75,375
2026-08-31,CUS014,ST-0017,2,75,150
2026-08-31,CUS013,ST-0017,2,75,150
2026-08-31,CUS014,ST-0017,1,75,75
2026-08-31,CUS016,ST-0017,2,75,150
2026-08-31,CUS017,ST-0017,2,75,150
2026-08-31,CUS023,ST-0017,3,75,225
2026-08-31,CUS008,ST-0018,3,95,285
2026-08-31,CUS012,ST-0018,5,95,475
2026-08-31,CUS015,ST-0018,1,95,95
2026-08-31,CUS001,ST-0019,5,145,725
2026-08-31,CUS012,ST-0019,1,145,145
2026-08-31,CUS008,ST-0019,1,145,145
2026-08-31,CUS010,ST-0019,1,145,145
2026-08-31,CUS009,ST-0020,3,199,597
2026-08-31,CUS009,ST-0020,4,199,796
2026-08-31,CUS005,ST-0020,2,199,398
2026-08-31,CUS005,ST-0020,2,199,398
2026-08-31,CUS019,ST-0020,1,199,199
2026-08-31,CUS007,ST-0021,4,315,1260
2026-08-31,CUS025,ST-0022,2,360,720
2026-08-31,CUS008,ST-0022,1,360,360
2026-08-31,CUS021,ST-0022,2,360,720
2026-08-31,CUS002,ST-0025,1,420,420
2026-08-31,CUS024,ST-0025,1,420,420
2026-08-31,CUS024,ST-0026,13,58,754
2026-08-31,CUS017,ST-0026,6,58,348
2026-08-31,CUS014,ST-0027,6,78,468
2026-08-31,CUS006,ST-0027,1,78,78
2026-08-31,CUS007,ST-0027,1,78,78
2026-08-31,CUS002,ST-0028,11,11,121
2026-08-31,CUS006,ST-0028,2,11,22
2026-08-31,CUS004,ST-0028,1,11,11
2026-08-31,CUS006,ST-0028,8,11,88
2026-08-31,CUS003,ST-0029,8,16,128
2026-08-31,CUS016,ST-0029,5,16,80
2026-08-31,CUS018,ST-0030,5,52,260
2026-08-31,CUS017,ST-0030,2,52,104
2026-08-31,CUS006,ST-0031,9,45,405
2026-08-31,CUS008,ST-0032,3,66,198
2026-08-31,CUS003,ST-0032,3,66,198
2026-08-31,CUS001,ST-0034,1,590,590
2026-08-31,CUS017,ST-0035,22,38,836
2026-08-31,CUS005,ST-0035,3,38,114
2026-08-31,CUS014,ST-0036,6,75,450
2026-08-31,CUS016,ST-0037,2,88,176
2026-08-31,CUS003,ST-0037,2,88,176
2026-08-31,CUS010,ST-0037,2,88,176
2026-08-31,CUS005,ST-0037,4,88,352
2026-08-31,CUS021,ST-0037,2,88,176
2026-08-31,CUS002,ST-0037,4,88,352
2026-08-31,CUS024,ST-0038,1,145,145
2026-08-31,CUS021,ST-0038,1,145,145
2026-08-31,CUS014,ST-0038,3,145,435
2026-08-31,CUS021,ST-0039,1,215,215
2026-08-31,CUS008,ST-0039,1,215,215
2026-08-31,CUS013,ST-0040,1,52,52
2026-08-31,CUS017,ST-0041,1,55,55
2026-08-31,CUS001,ST-0041,2,55,110
2026-08-31,CUS008,ST-0041,2,55,110
2026-08-31,CUS009,ST-0042,2,82,164
2026-08-31,CUS016,ST-0044,1,450,450
2026-08-31,CUS024,ST-0044,1,450,450
2026-08-31,CUS001,ST-0046,1,15,15
2026-08-31,CUS019,ST-0046,1,15,15
2026-08-31,CUS006,ST-0046,1,15,15
2026-08-31,CUS023,ST-0047,20,16,320
2026-08-31,CUS007,ST-0047,1,16,16
2026-08-31,CUS018,ST-0047,6,16,96
2026-08-31,CUS003,ST-0048,7,16,112
2026-08-31,CUS022,ST-0049,1,70,70
2026-08-31,CUS014,ST-0049,3,70,210
2026-08-31,CUS003,ST-0049,1,70,70
2026-08-31,CUS004,ST-0049,1,70,70
2026-08-31,CUS012,ST-0049,1,70,70
2026-08-31,CUS024,ST-0049,1,70,70
2026-08-31,CUS013,ST-0050,1,85,85
2026-08-31,CUS012,ST-0050,1,85,85
2026-08-31,CUS022,ST-0050,4,85,340
2026-08-31,CUS002,ST-0050,3,85,255
2026-08-31,CUS018,ST-0051,2,55,110
2026-08-31,CUS025,ST-0051,4,55,220
2026-08-31,CUS012,ST-0052,2,45,90
2026-08-31,CUS001,ST-0052,2,45,90
2026-08-31,CUS012,ST-0053,2,40,80
2026-08-31,CUS021,ST-0053,1,40,40
2026-08-31,CUS010,ST-0053,1,40,40
2026-08-31,CUS014,ST-0055,1,210,210
2026-08-31,CUS021,ST-0056,1,65,65
2026-08-31,CUS007,ST-0056,7,65,455
2026-08-31,CUS003,ST-0057,1,390,390
2026-08-31,CUS007,ST-0057,2,390,780
2026-08-31,CUS003,ST-0057,2,390,780
2026-08-31,CUS003,ST-0057,1,390,390
2026-08-31,CUS017,ST-0058,1,260,260
2026-08-31,CUS021,ST-0059,1,140,140
2026-08-31,CUS012,ST-0059,1,140,140
2026-09-01,CUS008,ST-0001,1,1390,1390
2026-09-01,CUS003,ST-0002,1,1950,1950
2026-09-01,CUS023,ST-0002,1,1950,1950
2026-09-01,CUS025,ST-0002,1,1950,1950
2026-09-01,CUS017,ST-0002,1,1950,1950
2026-09-01,CUS021,ST-0002,2,1950,3900
2026-09-01,CUS014,ST-0002,1,1950,1950
2026-09-01,CUS016,ST-0003,1,3090,3090
2026-09-01,CUS023,ST-0003,1,3090,3090
2026-09-01,CUS013,ST-0003,2,3090,6180
2026-09-01,CUS023,ST-0003,1,3090,3090
2026-09-01,CUS012,ST-0005,1,7290,7290
2026-09-01,CUS006,ST-0005,2,7290,14580
2026-09-01,CUS010,ST-0006,1,6350,6350
2026-09-01,CUS022,ST-0007,1,2250,2250
2026-09-01,CUS014,ST-0009,3,165,495
2026-09-01,CUS019,ST-0010,8,175,1400
2026-09-01,CUS014,ST-0016,1,1190,1190
2026-09-01,CUS021,ST-0017,12,75,900
2026-09-01,CUS021,ST-0017,6,75,450
2026-09-01,CUS013,ST-0017,1,75,75
2026-09-01,CUS001,ST-0018,1,95,95
2026-09-01,CUS005,ST-0018,1,95,95
2026-09-01,CUS018,ST-0018,1,95,95
2026-09-01,CUS011,ST-0018,1,95,95
2026-09-01,CUS007,ST-0018,1,95,95
2026-09-01,CUS023,ST-0018,1,95,95
2026-09-01,CUS003,ST-0019,4,145,580
2026-09-01,CUS002,ST-0019,1,145,145
2026-09-01,CUS002,ST-0019,1,145,145
2026-09-01,CUS024,ST-0020,4,199,796
2026-09-01,CUS008,ST-0020,1,199,199
2026-09-01,CUS008,ST-0020,1,199,199
2026-09-01,CUS001,ST-0020,2,199,398
2026-09-01,CUS022,ST-0020,1,199,199
2026-09-01,CUS018,ST-0020,2,199,398
2026-09-01,CUS013,ST-0021,3,315,945
2026-09-01,CUS025,ST-0022,2,360,720
2026-09-01,CUS018,ST-0022,1,360,360
2026-09-01,CUS020,ST-0023,1,890,890
2026-09-01,CUS006,ST-0026,20,58,1160
2026-09-01,CUS022,ST-0027,3,78,234
2026-09-01,CUS009,ST-0027,5,78,390
2026-09-01,CUS021,ST-0028,12,11,132
2026-09-01,CUS009,ST-0028,6,11,66
2026-09-01,CUS009,ST-0028,2,11,22
2026-09-01,CUS017,ST-0029,13,16,208
2026-09-01,CUS020,ST-0029,15,16,240
2026-09-01,CUS022,ST-0029,1,16,16
2026-09-01,CUS024,ST-0030,4,52,208
2026-09-01,CUS004,ST-0030,7,52,364
2026-09-01,CUS014,ST-0031,3,45,135
2026-09-01,CUS022,ST-0032,2,66,132
2026-09-01,CUS002,ST-0032,5,66,330
2026-09-01,CUS016,ST-0033,1,85,85
2026-09-01,CUS008,ST-0033,2,85,170
2026-09-01,CUS019,ST-0033,1,85,85
2026-09-01,CUS005,ST-0035,1,38,38
2026-09-01,CUS016,ST-0035,4,38,152
2026-09-01,CUS006,ST-0035,32,38,1216
2026-09-01,CUS020,ST-0036,3,75,225
2026-09-01,CUS008,ST-0036,2,75,150
2026-09-01,CUS009,ST-0036,8,75,600
2026-09-01,CUS006,ST-0037,11,88,968
2026-09-01,CUS014,ST-0037,2,88,176
2026-09-01,CUS009,ST-0038,4,145,580
2026-09-01,CUS021,ST-0039,2,215,430
2026-09-01,CUS004,ST-0039,1,215,215
2026-09-01,CUS010,ST-0040,1,52,52
2026-09-01,CUS003,ST-0040,1,52,52
2026-09-01,CUS024,ST-0041,5,55,275
2026-09-01,CUS015,ST-0042,1,82,82
2026-09-01,CUS014,ST-0042,4,82,328
2026-09-01,CUS023,ST-0042,1,82,82
2026-09-01,CUS017,ST-0042,1,82,82
2026-09-01,CUS019,ST-0042,2,82,164
2026-09-01,CUS020,ST-0043,1,105,105
2026-09-01,CUS014,ST-0043,1,105,105
2026-09-01,CUS002,ST-0044,2,450,900
2026-09-01,CUS002,ST-0045,2,65,130
2026-09-01,CUS009,ST-0045,1,65,65
2026-09-01,CUS019,ST-0045,1,65,65
2026-09-01,CUS008,ST-0046,9,15,135
2026-09-01,CUS017,ST-0047,14,16,224
2026-09-01,CUS012,ST-0047,16,16,256
2026-09-01,CUS003,ST-0048,4,16,64
2026-09-01,CUS001,ST-0048,2,16,32
2026-09-01,CUS008,ST-0049,1,70,70
2026-09-01,CUS013,ST-0049,6,70,420
2026-09-01,CUS023,ST-0050,2,85,170
2026-09-01,CUS024,ST-0050,1,85,85
2026-09-01,CUS009,ST-0050,2,85,170
2026-09-01,CUS018,ST-0050,2,85,170
2026-09-01,CUS011,ST-0050,2,85,170
2026-09-01,CUS014,ST-0051,2,55,110
2026-09-01,CUS003,ST-0051,2,55,110
2026-09-01,CUS022,ST-0051,1,55,55
2026-09-01,CUS006,ST-0051,2,55,110
2026-09-01,CUS025,ST-0051,1,55,55
2026-09-01,CUS008,ST-0051,2,55,110
2026-09-01,CUS010,ST-0052,1,45,45
2026-09-01,CUS004,ST-0053,1,40,40
2026-09-01,CUS008,ST-0054,2,240,480
2026-09-01,CUS013,ST-0055,1,210,210
2026-09-01,CUS015,ST-0056,5,65,325
2026-09-01,CUS006,ST-0059,1,140,140
2026-09-01,CUS020,ST-0060,1,175,175
2026-09-02,CUS001,ST-0001,1,1390,1390
2026-09-02,CUS013,ST-0001,1,1390,1390
2026-09-02,CUS021,ST-0002,4,1950,7800
2026-09-02,CUS007,ST-0002,2,1950,3900
2026-09-02,CUS021,ST-0003,1,3090,3090
2026-09-02,CUS001,ST-0003,1,3090,3090
2026-09-02,CUS011,ST-0003,1,3090,3090
2026-09-02,CUS018,ST-0003,1,3090,3090
2026-09-02,CUS010,ST-0003,1,3090,3090
2026-09-02,CUS021,ST-0005,1,7290,7290
2026-09-02,CUS022,ST-0008,1,6150,6150
2026-09-02,CUS020,ST-0009,1,165,165
2026-09-02,CUS012,ST-0009,1,165,165
2026-09-02,CUS014,ST-0010,4,175,700
2026-09-02,CUS004,ST-0010,3,175,525
2026-09-02,CUS021,ST-0011,2,560,1120
2026-09-02,CUS015,ST-0011,1,560,560
2026-09-02,CUS006,ST-0012,2,2150,4300
2026-09-02,CUS017,ST-0012,1,2150,2150
2026-09-02,CUS025,ST-0017,5,75,375
2026-09-02,CUS002,ST-0017,2,75,150
2026-09-02,CUS017,ST-0017,3,75,225
2026-09-02,CUS025,ST-0017,8,75,600
2026-09-02,CUS017,ST-0018,3,95,285
2026-09-02,CUS022,ST-0018,4,95,380
2026-09-02,CUS009,ST-0018,3,95,285
2026-09-02,CUS012,ST-0019,1,145,145
2026-09-02,CUS021,ST-0019,1,145,145
2026-09-02,CUS022,ST-0019,1,145,145
2026-09-02,CUS013,ST-0020,1,199,199
2026-09-02,CUS001,ST-0020,4,199,796
2026-09-02,CUS009,ST-0020,1,199,199
2026-09-02,CUS012,ST-0020,3,199,597
2026-09-02,CUS010,ST-0021,1,315,315
2026-09-02,CUS023,ST-0022,1,360,360
2026-09-02,CUS003,ST-0022,2,360,720
2026-09-02,CUS014,ST-0023,1,890,890
2026-09-02,CUS022,ST-0025,1,420,420
2026-09-02,CUS008,ST-0025,1,420,420
2026-09-02,CUS006,ST-0026,11,58,638
2026-09-02,CUS025,ST-0026,14,58,812
2026-09-02,CUS009,ST-0026,2,58,116
2026-09-02,CUS011,ST-0027,6,78,468
2026-09-02,CUS013,ST-0027,1,78,78
2026-09-02,CUS024,ST-0027,1,78,78
2026-09-02,CUS017,ST-0027,1,78,78
2026-09-02,CUS022,ST-0027,2,78,156
2026-09-02,CUS016,ST-0028,1,11,11
2026-09-02,CUS011,ST-0028,21,11,231
2026-09-02,CUS009,ST-0029,22,16,352
2026-09-02,CUS022,ST-0030,2,52,104
2026-09-02,CUS009,ST-0030,5,52,260
2026-09-02,CUS002,ST-0031,3,45,135
2026-09-02,CUS002,ST-0031,8,45,360
2026-09-02,CUS002,ST-0031,1,45,45
2026-09-02,CUS013,ST-0031,1,45,45
2026-09-02,CUS015,ST-0032,8,66,528
2026-09-02,CUS015,ST-0033,1,85,85
2026-09-02,CUS015,ST-0033,1,85,85
2026-09-02,CUS006,ST-0034,1,590,590
2026-09-02,CUS009,ST-0035,37,38,1406
2026-09-02,CUS008,ST-0036,5,75,375
2026-09-02,CUS006,ST-0036,4,75,300
2026-09-02,CUS003,ST-0037,13,88,1144
2026-09-02,CUS012,ST-0038,2,145,290
2026-09-02,CUS009,ST-0038,3,145,435
2026-09-02,CUS003,ST-0039,2,215,430
2026-09-02,CUS002,ST-0040,1,52,52
2026-09-02,CUS023,ST-0040,1,52,52
2026-09-02,CUS025,ST-0040,1,52,52
2026-09-02,CUS012,ST-0041,3,55,165
2026-09-02,CUS003,ST-0041,5,55,275
2026-09-02,CUS023,ST-0042,1,82,82
2026-09-02,CUS024,ST-0042,1,82,82
2026-09-02,CUS022,ST-0042,2,82,164
2026-09-02,CUS008,ST-0042,1,82,82
2026-09-02,CUS009,ST-0043,1,105,105
2026-09-02,CUS012,ST-0043,1,105,105
2026-09-02,CUS004,ST-0044,2,450,900
2026-09-02,CUS004,ST-0044,1,450,450
2026-09-02,CUS009,ST-0045,1,65,65
2026-09-02,CUS024,ST-0045,2,65,130
2026-09-02,CUS009,ST-0045,1,65,65
2026-09-02,CUS009,ST-0046,3,15,45
2026-09-02,CUS019,ST-0046,5,15,75
2026-09-02,CUS009,ST-0047,1,16,16
2026-09-02,CUS002,ST-0047,25,16,400
2026-09-02,CUS017,ST-0048,5,16,80
2026-09-02,CUS025,ST-0048,2,16,32
2026-09-02,CUS024,ST-0049,2,70,140
2026-09-02,CUS016,ST-0049,2,70,140
2026-09-02,CUS012,ST-0049,3,70,210
2026-09-02,CUS017,ST-0050,1,85,85
2026-09-02,CUS014,ST-0050,2,85,170
2026-09-02,CUS023,ST-0050,1,85,85
2026-09-02,CUS014,ST-0050,3,85,255
2026-09-02,CUS019,ST-0051,1,55,55
2026-09-02,CUS024,ST-0051,10,55,550
2026-09-02,CUS018,ST-0052,3,45,135
2026-09-02,CUS022,ST-0053,2,40,80
2026-09-02,CUS020,ST-0055,1,210,210
2026-09-02,CUS006,ST-0055,1,210,210
2026-09-02,CUS002,ST-0055,1,210,210
2026-09-02,CUS008,ST-0056,2,65,130
2026-09-02,CUS008,ST-0056,1,65,65
2026-09-02,CUS012,ST-0057,2,390,780
2026-09-02,CUS015,ST-0057,1,390,390
2026-09-02,CUS021,ST-0059,1,140,140
2026-09-03,CUS010,ST-0001,2,1390,2780
2026-09-03,CUS017,ST-0002,2,1950,3900
2026-09-03,CUS005,ST-0003,1,3090,3090
2026-09-03,CUS012,ST-0003,1,3090,3090
2026-09-03,CUS024,ST-0004,2,4890,9780
2026-09-03,CUS010,ST-0009,3,165,495
2026-09-03,CUS013,ST-0010,5,175,875
2026-09-03,CUS002,ST-0011,1,560,560
2026-09-03,CUS021,ST-0011,1,560,560
2026-09-03,CUS022,ST-0012,1,2150,2150
2026-09-03,CUS010,ST-0015,1,1750,1750
2026-09-03,CUS015,ST-0017,1,75,75
2026-09-03,CUS022,ST-0017,8,75,600
2026-09-03,CUS013,ST-0017,4,75,300
2026-09-03,CUS022,ST-0018,6,95,570
2026-09-03,CUS013,ST-0019,2,145,290
2026-09-03,CUS003,ST-0019,3,145,435
2026-09-03,CUS021,ST-0020,8,199,1592
2026-09-03,CUS012,ST-0020,1,199,199
2026-09-03,CUS005,ST-0020,2,199,398
2026-09-03,CUS014,ST-0021,1,315,315
2026-09-03,CUS022,ST-0022,1,360,360
2026-09-03,CUS012,ST-0023,1,890,890
2026-09-03,CUS013,ST-0023,1,890,890
2026-09-03,CUS003,ST-0025,1,420,420
2026-09-03,CUS006,ST-0025,1,420,420
2026-09-03,CUS006,ST-0025,1,420,420
2026-09-03,CUS020,ST-0025,1,420,420
2026-09-03,CUS015,ST-0025,1,420,420
2026-09-03,CUS012,ST-0026,5,58,290
2026-09-03,CUS001,ST-0026,15,58,870
2026-09-03,CUS023,ST-0027,2,78,156
2026-09-03,CUS002,ST-0027,8,78,624
2026-09-03,CUS017,ST-0027,1,78,78
2026-09-03,CUS017,ST-0028,8,11,88
2026-09-03,CUS021,ST-0028,5,11,55
2026-09-03,CUS002,ST-0028,19,11,209
2026-09-03,CUS012,ST-0029,5,16,80
2026-09-03,CUS007,ST-0029,10,16,160
2026-09-03,CUS002,ST-0029,2,16,32
2026-09-03,CUS010,ST-0030,1,52,52
2026-09-03,CUS008,ST-0030,8,52,416
2026-09-03,CUS012,ST-0030,1,52,52
2026-09-03,CUS001,ST-0030,1,52,52
2026-09-03,CUS001,ST-0030,3,52,156
2026-09-03,CUS016,ST-0030,1,52,52
2026-09-03,CUS006,ST-0031,1,45,45
2026-09-03,CUS009,ST-0031,2,45,90
2026-09-03,CUS004,ST-0031,3,45,135
2026-09-03,CUS014,ST-0032,1,66,66
2026-09-03,CUS017,ST-0032,1,66,66
2026-09-03,CUS006,ST-0032,2,66,132
2026-09-03,CUS002,ST-0032,1,66,66
2026-09-03,CUS008,ST-0032,1,66,66
2026-09-03,CUS020,ST-0035,36,38,1368
2026-09-03,CUS024,ST-0036,2,75,150
2026-09-03,CUS010,ST-0036,6,75,450
2026-09-03,CUS022,ST-0037,1,88,88
2026-09-03,CUS021,ST-0037,8,88,704
2026-09-03,CUS013,ST-0037,1,88,88
2026-09-03,CUS023,ST-0038,2,145,290
2026-09-03,CUS021,ST-0038,2,145,290
2026-09-03,CUS012,ST-0038,1,145,145
2026-09-03,CUS018,ST-0038,1,145,145
2026-09-03,CUS006,ST-0039,1,215,215
2026-09-03,CUS020,ST-0039,1,215,215
2026-09-03,CUS008,ST-0039,1,215,215
2026-09-03,CUS018,ST-0040,1,52,52
2026-09-03,CUS022,ST-0041,5,55,275
2026-09-03,CUS016,ST-0041,5,55,275
2026-09-03,CUS023,ST-0042,1,82,82
2026-09-03,CUS014,ST-0042,1,82,82
2026-09-03,CUS018,ST-0042,3,82,246
2026-09-03,CUS012,ST-0043,1,105,105
2026-09-03,CUS018,ST-0043,1,105,105
2026-09-03,CUS003,ST-0044,1,450,450
2026-09-03,CUS021,ST-0045,1,65,65
2026-09-03,CUS016,ST-0045,1,65,65
2026-09-03,CUS002,ST-0046,4,15,60
2026-09-03,CUS016,ST-0047,15,16,240
2026-09-03,CUS021,ST-0047,7,16,112
2026-09-03,CUS021,ST-0047,5,16,80
2026-09-03,CUS008,ST-0047,4,16,64
2026-09-03,CUS018,ST-0048,1,16,16
2026-09-03,CUS015,ST-0048,4,16,64
2026-09-03,CUS009,ST-0048,4,16,64
2026-09-03,CUS002,ST-0048,1,16,16
2026-09-03,CUS008,ST-0049,1,70,70
2026-09-03,CUS001,ST-0049,1,70,70
2026-09-03,CUS024,ST-0049,1,70,70
2026-09-03,CUS024,ST-0049,1,70,70
2026-09-03,CUS008,ST-0049,1,70,70
2026-09-03,CUS003,ST-0049,1,70,70
2026-09-03,CUS003,ST-0050,1,85,85
2026-09-03,CUS012,ST-0050,3,85,255
2026-09-03,CUS023,ST-0051,4,55,220
2026-09-03,CUS005,ST-0051,1,55,55
2026-09-03,CUS014,ST-0052,1,45,45
2026-09-03,CUS023,ST-0052,1,45,45
2026-09-03,CUS010,ST-0052,2,45,90
2026-09-03,CUS018,ST-0053,1,40,40
2026-09-03,CUS024,ST-0053,1,40,40
2026-09-03,CUS002,ST-0054,1,240,240
2026-09-03,CUS013,ST-0055,1,210,210
2026-09-03,CUS025,ST-0056,1,65,65
2026-09-03,CUS006,ST-0056,2,65,130
2026-09-03,CUS010,ST-0056,1,65,65
2026-09-03,CUS005,ST-0057,3,390,1170
2026-09-03,CUS022,ST-0060,1,175,175
2026-09-03,CUS020,ST-0060,1,175,175
2026-09-04,CUS011,ST-0001,1,1390,1390
2026-09-04,CUS017,ST-0001,1,1390,1390
2026-09-04,CUS022,ST-0002,4,1950,7800
2026-09-04,CUS012,ST-0003,1,3090,3090
2026-09-04,CUS014,ST-0003,1,3090,3090
2026-09-04,CUS014,ST-0003,1,3090,3090
2026-09-04,CUS025,ST-0003,1,3090,3090
2026-09-04,CUS006,ST-0004,2,4890,9780
2026-09-04,CUS024,ST-0005,1,7290,7290
2026-09-04,CUS003,ST-0008,1,6150,6150
2026-09-04,CUS010,ST-0009,2,165,330
2026-09-04,CUS014,ST-0009,5,165,825
2026-09-04,CUS015,ST-0010,3,175,525
2026-09-04,CUS024,ST-0010,2,175,350
2026-09-04,CUS010,ST-0010,1,175,175
2026-09-04,CUS010,ST-0010,1,175,175
2026-09-04,CUS024,ST-0017,4,75,300
2026-09-04,CUS003,ST-0017,3,75,225
2026-09-04,CUS010,ST-0017,3,75,225
2026-09-04,CUS024,ST-0017,12,75,900
2026-09-04,CUS012,ST-0017,1,75,75
2026-09-04,CUS025,ST-0018,1,95,95
2026-09-04,CUS014,ST-0018,1,95,95
2026-09-04,CUS015,ST-0018,3,95,285
2026-09-04,CUS016,ST-0018,3,95,285
2026-09-04,CUS025,ST-0019,1,145,145
2026-09-04,CUS012,ST-0019,1,145,145
2026-09-04,CUS013,ST-0020,5,199,995
2026-09-04,CUS016,ST-0020,1,199,199
2026-09-04,CUS022,ST-0020,8,199,1592
2026-09-04,CUS008,ST-0021,3,315,945
2026-09-04,CUS022,ST-0022,1,360,360
2026-09-04,CUS010,ST-0023,1,890,890
2026-09-04,CUS015,ST-0025,2,420,840
2026-09-04,CUS025,ST-0025,2,420,840
2026-09-04,CUS014,ST-0026,17,58,986
2026-09-04,CUS015,ST-0026,8,58,464
2026-09-04,CUS015,ST-0027,1,78,78
2026-09-04,CUS006,ST-0027,2,78,156
2026-09-04,CUS023,ST-0028,17,11,187
2026-09-04,CUS022,ST-0028,1,11,11
2026-09-04,CUS025,ST-0028,11,11,121
2026-09-04,CUS006,ST-0029,3,16,48
2026-09-04,CUS021,ST-0029,3,16,48
2026-09-04,CUS004,ST-0029,8,16,128
2026-09-04,CUS013,ST-0029,4,16,64
2026-09-04,CUS014,ST-0029,4,16,64
2026-09-04,CUS017,ST-0030,4,52,208
2026-09-04,CUS021,ST-0030,1,52,52
2026-09-04,CUS009,ST-0031,5,45,225
2026-09-04,CUS014,ST-0032,3,66,198
2026-09-04,CUS024,ST-0032,1,66,66
2026-09-04,CUS025,ST-0032,3,66,198
2026-09-04,CUS003,ST-0033,1,85,85
2026-09-04,CUS002,ST-0033,1,85,85
2026-09-04,CUS006,ST-0035,5,38,190
2026-09-04,CUS019,ST-0035,29,38,1102
2026-09-04,CUS005,ST-0035,1,38,38
2026-09-04,CUS002,ST-0035,3,38,114
2026-09-04,CUS006,ST-0036,4,75,300
2026-09-04,CUS003,ST-0036,1,75,75
2026-09-04,CUS023,ST-0036,3,75,225
2026-09-04,CUS012,ST-0036,1,75,75
2026-09-04,CUS018,ST-0037,2,88,176
2026-09-04,CUS006,ST-0037,11,88,968
2026-09-04,CUS019,ST-0038,3,145,435
2026-09-04,CUS012,ST-0038,3,145,435
2026-09-04,CUS002,ST-0039,1,215,215
2026-09-04,CUS018,ST-0039,3,215,645
2026-09-04,CUS007,ST-0039,2,215,430
2026-09-04,CUS014,ST-0039,1,215,215
2026-09-04,CUS025,ST-0040,1,52,52
2026-09-04,CUS019,ST-0041,2,55,110
2026-09-04,CUS012,ST-0041,4,55,220
2026-09-04,CUS011,ST-0042,4,82,328
2026-09-04,CUS021,ST-0043,1,105,105
2026-09-04,CUS025,ST-0043,1,105,105
2026-09-04,CUS014,ST-0043,2,105,210
2026-09-04,CUS005,ST-0043,1,105,105
2026-09-04,CUS008,ST-0045,1,65,65
2026-09-04,CUS020,ST-0046,3,15,45
2026-09-04,CUS016,ST-0046,2,15,30
2026-09-04,CUS012,ST-0046,1,15,15
2026-09-04,CUS013,ST-0046,1,15,15
2026-09-04,CUS018,ST-0047,14,16,224
2026-09-04,CUS021,ST-0047,9,16,144
2026-09-04,CUS023,ST-0048,1,16,16
2026-09-04,CUS017,ST-0048,2,16,32
2026-09-04,CUS017,ST-0048,1,16,16
2026-09-04,CUS002,ST-0049,8,70,560
2026-09-04,CUS017,ST-0050,4,85,340
2026-09-04,CUS013,ST-0051,2,55,110
2026-09-04,CUS007,ST-0051,4,55,220
2026-09-04,CUS006,ST-0052,1,45,45
2026-09-04,CUS008,ST-0052,2,45,90
2026-09-04,CUS012,ST-0052,1,45,45
2026-09-04,CUS001,ST-0052,1,45,45
2026-09-04,CUS022,ST-0053,1,40,40
2026-09-04,CUS021,ST-0053,1,40,40
2026-09-04,CUS002,ST-0054,1,240,240
2026-09-04,CUS018,ST-0055,1,210,210
2026-09-04,CUS003,ST-0056,6,65,390
2026-09-04,CUS010,ST-0057,1,390,390
2026-09-04,CUS009,ST-0058,1,260,260
2026-09-04,CUS024,ST-0058,2,260,520
2026-09-04,CUS012,ST-0059,2,140,280
2026-09-04,CUS010,ST-0059,1,140,140
2026-09-04,CUS014,ST-0060,1,175,175
2026-09-05,CUS018,ST-0002,3,1950,5850
2026-09-05,CUS025,ST-0002,1,1950,1950
2026-09-05,CUS017,ST-0002,1,1950,1950
2026-09-05,CUS016,ST-0002,1,1950,1950
2026-09-05,CUS022,ST-0003,4,3090,12360
2026-09-05,CUS009,ST-0003,1,3090,3090
2026-09-05,CUS002,ST-0005,1,7290,7290
2026-09-05,CUS009,ST-0005,1,7290,7290
2026-09-05,CUS010,ST-0007,1,2250,2250
2026-09-05,CUS008,ST-0009,2,165,330
2026-09-05,CUS012,ST-0009,1,165,165
2026-09-05,CUS012,ST-0010,3,175,525
2026-09-05,CUS017,ST-0010,1,175,175
2026-09-05,CUS011,ST-0010,8,175,1400
2026-09-05,CUS021,ST-0011,1,560,560
2026-09-05,CUS019,ST-0011,1,560,560
2026-09-05,CUS008,ST-0013,1,1290,1290
2026-09-05,CUS025,ST-0017,4,75,300
2026-09-05,CUS015,ST-0017,5,75,375
2026-09-05,CUS008,ST-0017,1,75,75
2026-09-05,CUS002,ST-0017,4,75,300
2026-09-05,CUS014,ST-0017,1,75,75
2026-09-05,CUS008,ST-0018,5,95,475
2026-09-05,CUS021,ST-0019,2,145,290
2026-09-05,CUS014,ST-0020,3,199,597
2026-09-05,CUS017,ST-0020,5,199,995
2026-09-05,CUS004,ST-0021,2,315,630
2026-09-05,CUS018,ST-0021,1,315,315
2026-09-05,CUS024,ST-0022,1,360,360
2026-09-05,CUS003,ST-0023,1,890,890
2026-09-05,CUS004,ST-0025,1,420,420
2026-09-05,CUS008,ST-0025,2,420,840
2026-09-05,CUS003,ST-0026,1,58,58
2026-09-05,CUS014,ST-0026,2,58,116
2026-09-05,CUS014,ST-0026,10,58,580
2026-09-05,CUS023,ST-0026,9,58,522
2026-09-05,CUS008,ST-0027,3,78,234
2026-09-05,CUS008,ST-0027,4,78,312
2026-09-05,CUS025,ST-0027,1,78,78
2026-09-05,CUS013,ST-0027,8,78,624
2026-09-05,CUS009,ST-0028,12,11,132
2026-09-05,CUS007,ST-0028,2,11,22
2026-09-05,CUS011,ST-0028,4,11,44
2026-09-05,CUS017,ST-0029,18,16,288
2026-09-05,CUS023,ST-0029,5,16,80
2026-09-05,CUS007,ST-0029,4,16,64
2026-09-05,CUS009,ST-0030,2,52,104
2026-09-05,CUS012,ST-0030,2,52,104
2026-09-05,CUS012,ST-0030,1,52,52
2026-09-05,CUS004,ST-0030,3,52,156
2026-09-05,CUS013,ST-0030,1,52,52
2026-09-05,CUS023,ST-0031,3,45,135
2026-09-05,CUS025,ST-0031,1,45,45
2026-09-05,CUS005,ST-0031,3,45,135
2026-09-05,CUS017,ST-0031,1,45,45
2026-09-05,CUS002,ST-0031,1,45,45
2026-09-05,CUS009,ST-0032,1,66,66
2026-09-05,CUS002,ST-0032,2,66,132
2026-09-05,CUS016,ST-0035,16,38,608
2026-09-05,CUS013,ST-0035,16,38,608
2026-09-05,CUS015,ST-0036,7,75,525
2026-09-05,CUS018,ST-0036,1,75,75
2026-09-05,CUS009,ST-0037,1,88,88
2026-09-05,CUS018,ST-0037,6,88,528
2026-09-05,CUS004,ST-0037,5,88,440
2026-09-05,CUS024,ST-0038,3,145,435
2026-09-05,CUS018,ST-0038,1,145,145
2026-09-05,CUS008,ST-0039,1,215,215
2026-09-05,CUS009,ST-0039,1,215,215
2026-09-05,CUS002,ST-0039,1,215,215
2026-09-05,CUS012,ST-0040,1,52,52
2026-09-05,CUS021,ST-0041,6,55,330
2026-09-05,CUS012,ST-0041,1,55,55
2026-09-05,CUS013,ST-0041,1,55,55
2026-09-05,CUS006,ST-0043,1,105,105
2026-09-05,CUS020,ST-0046,4,15,60
2026-09-05,CUS025,ST-0046,2,15,30
2026-09-05,CUS006,ST-0047,7,16,112
2026-09-05,CUS008,ST-0047,25,16,400
2026-09-05,CUS010,ST-0048,2,16,32
2026-09-05,CUS025,ST-0048,2,16,32
2026-09-05,CUS009,ST-0048,5,16,80
2026-09-05,CUS018,ST-0048,1,16,16
2026-09-05,CUS024,ST-0049,2,70,140
2026-09-05,CUS016,ST-0050,3,85,255
2026-09-05,CUS002,ST-0050,3,85,255
2026-09-05,CUS023,ST-0050,3,85,255
2026-09-05,CUS001,ST-0051,1,55,55
2026-09-05,CUS003,ST-0051,5,55,275
2026-09-05,CUS002,ST-0051,1,55,55
2026-09-05,CUS010,ST-0052,2,45,90
2026-09-05,CUS003,ST-0052,2,45,90
2026-09-05,CUS016,ST-0053,2,40,80
2026-09-05,CUS008,ST-0055,1,210,210
2026-09-05,CUS014,ST-0056,1,65,65
2026-09-05,CUS017,ST-0056,2,65,130
2026-09-05,CUS011,ST-0057,1,390,390
2026-09-05,CUS017,ST-0058,1,260,260
2026-09-05,CUS017,ST-0059,2,140,280
2026-09-05,CUS002,ST-0060,2,175,350
2026-09-07,CUS011,ST-0001,1,1390,1390
2026-09-07,CUS023,ST-0001,1,1390,1390
2026-09-07,CUS009,ST-0002,3,1950,5850
2026-09-07,CUS020,ST-0002,2,1950,3900
2026-09-07,CUS018,ST-0003,2,3090,6180
2026-09-07,CUS002,ST-0003,1,3090,3090
2026-09-07,CUS002,ST-0003,1,3090,3090
2026-09-07,CUS015,ST-0003,2,3090,6180
2026-09-07,CUS025,ST-0004,1,4890,4890
2026-09-07,CUS021,ST-0005,1,7290,7290
2026-09-07,CUS003,ST-0006,1,6350,6350
2026-09-07,CUS021,ST-0009,4,165,660
2026-09-07,CUS001,ST-0010,6,175,1050
2026-09-07,CUS003,ST-0011,1,560,560
2026-09-07,CUS004,ST-0016,1,1190,1190
2026-09-07,CUS006,ST-0017,2,75,150
2026-09-07,CUS020,ST-0017,11,75,825
2026-09-07,CUS003,ST-0017,4,75,300
2026-09-07,CUS023,ST-0017,2,75,150
2026-09-07,CUS024,ST-0017,4,75,300
2026-09-07,CUS020,ST-0018,2,95,190
2026-09-07,CUS012,ST-0018,2,95,190
2026-09-07,CUS009,ST-0018,2,95,190
2026-09-07,CUS018,ST-0019,1,145,145
2026-09-07,CUS002,ST-0019,2,145,290
2026-09-07,CUS015,ST-0019,1,145,145
2026-09-07,CUS016,ST-0020,9,199,1791
2026-09-07,CUS018,ST-0020,2,199,398
2026-09-07,CUS018,ST-0021,1,315,315
2026-09-07,CUS017,ST-0021,1,315,315
2026-09-07,CUS005,ST-0022,2,360,720
2026-09-07,CUS006,ST-0022,1,360,360
2026-09-07,CUS024,ST-0025,2,420,840
2026-09-07,CUS004,ST-0026,1,58,58
2026-09-07,CUS010,ST-0026,3,58,174
2026-09-07,CUS002,ST-0026,10,58,580
2026-09-07,CUS017,ST-0026,3,58,174
2026-09-07,CUS014,ST-0026,2,58,116
2026-09-07,CUS021,ST-0026,2,58,116
2026-09-07,CUS012,ST-0026,2,58,116
2026-09-07,CUS004,ST-0027,4,78,312
2026-09-07,CUS008,ST-0027,5,78,390
2026-09-07,CUS021,ST-0027,2,78,156
2026-09-07,CUS013,ST-0027,5,78,390
2026-09-07,CUS013,ST-0027,2,78,156
2026-09-07,CUS025,ST-0028,29,11,319
2026-09-07,CUS016,ST-0029,6,16,96
2026-09-07,CUS022,ST-0029,3,16,48
2026-09-07,CUS007,ST-0030,6,52,312
2026-09-07,CUS022,ST-0030,4,52,208
2026-09-07,CUS005,ST-0031,4,45,180
2026-09-07,CUS004,ST-0032,2,66,132
2026-09-07,CUS016,ST-0033,1,85,85
2026-09-07,CUS024,ST-0033,1,85,85
2026-09-07,CUS017,ST-0033,1,85,85
2026-09-07,CUS018,ST-0033,1,85,85
2026-09-07,CUS021,ST-0034,1,590,590
2026-09-07,CUS002,ST-0034,1,590,590
2026-09-07,CUS012,ST-0035,4,38,152
2026-09-07,CUS025,ST-0035,1,38,38
2026-09-07,CUS017,ST-0035,10,38,380
2026-09-07,CUS024,ST-0035,13,38,494
2026-09-07,CUS021,ST-0036,5,75,375
2026-09-07,CUS005,ST-0036,1,75,75
2026-09-07,CUS005,ST-0037,6,88,528
2026-09-07,CUS021,ST-0037,2,88,176
2026-09-07,CUS015,ST-0037,7,88,616
2026-09-07,CUS005,ST-0037,1,88,88
2026-09-07,CUS017,ST-0038,4,145,580
2026-09-07,CUS014,ST-0039,3,215,645
2026-09-07,CUS009,ST-0039,1,215,215
2026-09-07,CUS021,ST-0040,1,52,52
2026-09-07,CUS009,ST-0041,1,55,55
2026-09-07,CUS022,ST-0041,2,55,110
2026-09-07,CUS007,ST-0041,3,55,165
2026-09-07,CUS002,ST-0041,4,55,220
2026-09-07,CUS015,ST-0042,2,82,164
2026-09-07,CUS023,ST-0044,1,450,450
2026-09-07,CUS006,ST-0045,1,65,65
2026-09-07,CUS021,ST-0045,1,65,65
2026-09-07,CUS012,ST-0045,1,65,65
2026-09-07,CUS008,ST-0046,1,15,15
2026-09-07,CUS012,ST-0047,15,16,240
2026-09-07,CUS003,ST-0047,9,16,144
2026-09-07,CUS014,ST-0048,3,16,48
2026-09-07,CUS018,ST-0048,1,16,16
2026-09-07,CUS022,ST-0048,3,16,48
2026-09-07,CUS006,ST-0049,2,70,140
2026-09-07,CUS002,ST-0049,3,70,210
2026-09-07,CUS018,ST-0050,4,85,340
2026-09-07,CUS008,ST-0051,1,55,55
2026-09-07,CUS006,ST-0051,6,55,330
2026-09-07,CUS002,ST-0052,1,45,45
2026-09-07,CUS004,ST-0052,2,45,90
2026-09-07,CUS022,ST-0052,1,45,45
2026-09-07,CUS003,ST-0053,1,40,40
2026-09-07,CUS024,ST-0053,1,40,40
2026-09-07,CUS018,ST-0053,3,40,120
2026-09-07,CUS021,ST-0054,1,240,240
2026-09-07,CUS007,ST-0054,1,240,240
2026-09-07,CUS005,ST-0056,1,65,65
2026-09-07,CUS004,ST-0056,1,65,65
2026-09-07,CUS017,ST-0057,1,390,390
2026-09-07,CUS002,ST-0057,2,390,780
2026-09-07,CUS023,ST-0057,2,390,780
2026-09-07,CUS009,ST-0059,3,140,420
2026-09-08,CUS007,ST-0002,2,1950,3900
2026-09-08,CUS006,ST-0003,3,3090,9270
2026-09-08,CUS003,ST-0003,2,3090,6180
2026-09-08,CUS012,ST-0003,1,3090,3090
2026-09-08,CUS021,ST-0004,1,4890,4890
2026-09-08,CUS005,ST-0004,1,4890,4890
2026-09-08,CUS024,ST-0005,1,7290,7290
2026-09-08,CUS001,ST-0005,1,7290,7290
2026-09-08,CUS018,ST-0007,1,2250,2250
2026-09-08,CUS018,ST-0008,1,6150,6150
2026-09-08,CUS008,ST-0009,3,165,495
2026-09-08,CUS008,ST-0009,3,165,495
2026-09-08,CUS023,ST-0010,3,175,525
2026-09-08,CUS003,ST-0010,5,175,875
2026-09-08,CUS019,ST-0013,1,1290,1290
2026-09-08,CUS012,ST-0017,15,75,1125
2026-09-08,CUS015,ST-0017,2,75,150
2026-09-08,CUS003,ST-0018,5,95,475
2026-09-08,CUS024,ST-0018,4,95,380
2026-09-08,CUS022,ST-0018,1,95,95
2026-09-08,CUS013,ST-0018,3,95,285
2026-09-08,CUS022,ST-0018,1,95,95
2026-09-08,CUS021,ST-0019,2,145,290
2026-09-08,CUS006,ST-0020,4,199,796
2026-09-08,CUS010,ST-0020,4,199,796
2026-09-08,CUS003,ST-0021,1,315,315
2026-09-08,CUS020,ST-0021,1,315,315
2026-09-08,CUS024,ST-0021,2,315,630
2026-09-08,CUS007,ST-0023,1,890,890
2026-09-08,CUS014,ST-0023,1,890,890
2026-09-08,CUS002,ST-0023,1,890,890
2026-09-08,CUS001,ST-0025,1,420,420
2026-09-08,CUS005,ST-0025,1,420,420
2026-09-08,CUS018,ST-0025,1,420,420
2026-09-08,CUS017,ST-0026,12,58,696
2026-09-08,CUS023,ST-0026,8,58,464
2026-09-08,CUS006,ST-0027,7,78,546
2026-09-08,CUS004,ST-0027,3,78,234
2026-09-08,CUS017,ST-0028,8,11,88
2026-09-08,CUS004,ST-0028,5,11,55
2026-09-08,CUS013,ST-0028,13,11,143
2026-09-08,CUS022,ST-0029,3,16,48
2026-09-08,CUS014,ST-0029,9,16,144
2026-09-08,CUS022,ST-0029,4,16,64
2026-09-08,CUS024,ST-0029,1,16,16
2026-09-08,CUS014,ST-0030,3,52,156
2026-09-08,CUS021,ST-0030,2,52,104
2026-09-08,CUS016,ST-0031,2,45,90
2026-09-08,CUS017,ST-0031,5,45,225
2026-09-08,CUS003,ST-0032,2,66,132
2026-09-08,CUS003,ST-0033,1,85,85
2026-09-08,CUS005,ST-0033,1,85,85
2026-09-08,CUS008,ST-0034,1,590,590
2026-09-08,CUS021,ST-0035,21,38,798
2026-09-08,CUS005,ST-0035,8,38,304
2026-09-08,CUS002,ST-0035,1,38,38
2026-09-08,CUS025,ST-0035,4,38,152
2026-09-08,CUS001,ST-0036,3,75,225
2026-09-08,CUS008,ST-0036,5,75,375
2026-09-08,CUS023,ST-0036,2,75,150
2026-09-08,CUS023,ST-0037,13,88,1144
2026-09-08,CUS013,ST-0038,3,145,435
2026-09-08,CUS021,ST-0038,2,145,290
2026-09-08,CUS019,ST-0038,2,145,290
2026-09-08,CUS013,ST-0039,4,215,860
2026-09-08,CUS002,ST-0040,1,52,52
2026-09-08,CUS020,ST-0040,1,52,52
2026-09-08,CUS023,ST-0040,2,52,104
2026-09-08,CUS017,ST-0041,3,55,165
2026-09-08,CUS017,ST-0041,1,55,55
2026-09-08,CUS021,ST-0042,1,82,82
2026-09-08,CUS012,ST-0042,1,82,82
2026-09-08,CUS003,ST-0042,1,82,82
2026-09-08,CUS007,ST-0043,1,105,105
2026-09-08,CUS003,ST-0043,1,105,105
2026-09-08,CUS013,ST-0044,1,450,450
2026-09-08,CUS015,ST-0045,2,65,130
2026-09-08,CUS014,ST-0046,1,15,15
2026-09-08,CUS018,ST-0047,4,16,64
2026-09-08,CUS021,ST-0047,19,16,304
2026-09-08,CUS004,ST-0048,3,16,48
2026-09-08,CUS006,ST-0049,3,70,210
2026-09-08,CUS018,ST-0049,1,70,70
2026-09-08,CUS025,ST-0049,1,70,70
2026-09-08,CUS018,ST-0050,1,85,85
2026-09-08,CUS025,ST-0050,1,85,85
2026-09-08,CUS009,ST-0050,1,85,85
2026-09-08,CUS025,ST-0050,2,85,170
2026-09-08,CUS002,ST-0050,7,85,595
2026-09-08,CUS010,ST-0050,2,85,170
2026-09-08,CUS021,ST-0051,1,55,55
2026-09-08,CUS018,ST-0051,2,55,110
2026-09-08,CUS006,ST-0052,1,45,45
2026-09-08,CUS016,ST-0052,1,45,45
2026-09-08,CUS002,ST-0052,3,45,135
2026-09-08,CUS021,ST-0053,1,40,40
2026-09-08,CUS012,ST-0053,1,40,40
2026-09-08,CUS007,ST-0053,2,40,80
2026-09-08,CUS008,ST-0055,1,210,210
2026-09-08,CUS014,ST-0056,2,65,130
2026-09-08,CUS005,ST-0056,2,65,130
2026-09-08,CUS008,ST-0056,1,65,65
2026-09-08,CUS012,ST-0057,1,390,390
2026-09-08,CUS012,ST-0057,1,390,390
2026-09-09,CUS025,ST-0001,1,1390,1390
2026-09-09,CUS010,ST-0002,2,1950,3900
2026-09-09,CUS003,ST-0002,2,1950,3900
2026-09-09,CUS024,ST-0003,1,3090,3090
2026-09-09,CUS022,ST-0003,1,3090,3090
2026-09-09,CUS016,ST-0004,1,4890,4890
2026-09-09,CUS022,ST-0005,1,7290,7290
2026-09-09,CUS022,ST-0006,1,6350,6350
2026-09-09,CUS002,ST-0006,1,6350,6350
2026-09-09,CUS003,ST-0008,1,6150,6150
2026-09-09,CUS011,ST-0009,1,165,165
2026-09-09,CUS008,ST-0009,1,165,165
2026-09-09,CUS012,ST-0009,1,165,165
2026-09-09,CUS013,ST-0010,5,175,875
2026-09-09,CUS022,ST-0010,2,175,350
2026-09-09,CUS019,ST-0011,2,560,1120
2026-09-09,CUS020,ST-0011,1,560,560
2026-09-09,CUS018,ST-0013,2,1290,2580
2026-09-09,CUS014,ST-0015,2,1750,3500
2026-09-09,CUS001,ST-0016,1,1190,1190
2026-09-09,CUS007,ST-0017,14,75,1050
2026-09-09,CUS009,ST-0017,6,75,450
2026-09-09,CUS022,ST-0017,4,75,300
2026-09-09,CUS006,ST-0018,2,95,190
2026-09-09,CUS010,ST-0018,2,95,190
2026-09-09,CUS009,ST-0018,5,95,475
2026-09-09,CUS016,ST-0018,1,95,95
2026-09-09,CUS012,ST-0018,1,95,95
2026-09-09,CUS001,ST-0019,1,145,145
2026-09-09,CUS017,ST-0019,2,145,290
2026-09-09,CUS006,ST-0019,3,145,435
2026-09-09,CUS021,ST-0020,6,199,1194
2026-09-09,CUS012,ST-0020,5,199,995
2026-09-09,CUS024,ST-0021,1,315,315
2026-09-09,CUS022,ST-0025,1,420,420
2026-09-09,CUS014,ST-0026,4,58,232
2026-09-09,CUS006,ST-0026,1,58,58
2026-09-09,CUS012,ST-0026,6,58,348
2026-09-09,CUS018,ST-0026,2,58,116
2026-09-09,CUS016,ST-0026,11,58,638
2026-09-09,CUS004,ST-0026,1,58,58
2026-09-09,CUS011,ST-0027,3,78,234
2026-09-09,CUS016,ST-0027,1,78,78
2026-09-09,CUS017,ST-0027,7,78,546
2026-09-09,CUS012,ST-0027,1,78,78
2026-09-09,CUS017,ST-0028,10,11,110
2026-09-09,CUS001,ST-0028,14,11,154
2026-09-09,CUS019,ST-0029,11,16,176
2026-09-09,CUS021,ST-0029,4,16,64
2026-09-09,CUS001,ST-0030,5,52,260
2026-09-09,CUS017,ST-0030,4,52,208
2026-09-09,CUS023,ST-0030,1,52,52
2026-09-09,CUS002,ST-0031,1,45,45
2026-09-09,CUS004,ST-0031,3,45,135
2026-09-09,CUS016,ST-0031,1,45,45
2026-09-09,CUS005,ST-0032,1,66,66
2026-09-09,CUS021,ST-0032,3,66,198
2026-09-09,CUS002,ST-0032,1,66,66
2026-09-09,CUS024,ST-0033,1,85,85
2026-09-09,CUS005,ST-0033,2,85,170
2026-09-09,CUS018,ST-0033,1,85,85
2026-09-09,CUS022,ST-0033,1,85,85
2026-09-09,CUS008,ST-0034,1,590,590
2026-09-09,CUS018,ST-0034,1,590,590
2026-09-09,CUS013,ST-0035,17,38,646
2026-09-09,CUS014,ST-0035,5,38,190
2026-09-09,CUS016,ST-0035,11,38,418
2026-09-09,CUS010,ST-0036,4,75,300
2026-09-09,CUS021,ST-0036,2,75,150
2026-09-09,CUS022,ST-0036,2,75,150
2026-09-09,CUS019,ST-0036,3,75,225
2026-09-09,CUS002,ST-0036,2,75,150
2026-09-09,CUS021,ST-0037,2,88,176
2026-09-09,CUS002,ST-0037,7,88,616
2026-09-09,CUS002,ST-0038,1,145,145
2026-09-09,CUS006,ST-0038,1,145,145
2026-09-09,CUS002,ST-0038,4,145,580
2026-09-09,CUS023,ST-0039,3,215,645
2026-09-09,CUS012,ST-0039,1,215,215
2026-09-09,CUS006,ST-0040,3,52,156
2026-09-09,CUS012,ST-0040,1,52,52
2026-09-09,CUS003,ST-0041,3,55,165
2026-09-09,CUS023,ST-0042,1,82,82
2026-09-09,CUS017,ST-0042,6,82,492
2026-09-09,CUS014,ST-0042,1,82,82
2026-09-09,CUS004,ST-0044,2,450,900
2026-09-09,CUS023,ST-0044,1,450,450
2026-09-09,CUS023,ST-0046,1,15,15
2026-09-09,CUS002,ST-0046,5,15,75
2026-09-09,CUS012,ST-0047,1,16,16
2026-09-09,CUS009,ST-0047,31,16,496
2026-09-09,CUS008,ST-0048,1,16,16
2026-09-09,CUS010,ST-0048,1,16,16
2026-09-09,CUS002,ST-0048,2,16,32
2026-09-09,CUS003,ST-0049,2,70,140
2026-09-09,CUS013,ST-0049,2,70,140
2026-09-09,CUS021,ST-0049,1,70,70
2026-09-09,CUS014,ST-0049,2,70,140
2026-09-09,CUS010,ST-0050,10,85,850
2026-09-09,CUS023,ST-0050,1,85,85
2026-09-09,CUS014,ST-0051,1,55,55
2026-09-09,CUS009,ST-0051,1,55,55
2026-09-09,CUS009,ST-0051,1,55,55
2026-09-09,CUS012,ST-0051,2,55,110
2026-09-09,CUS011,ST-0051,5,55,275
2026-09-09,CUS007,ST-0052,1,45,45
2026-09-09,CUS014,ST-0052,2,45,90
2026-09-09,CUS008,ST-0052,2,45,90
2026-09-09,CUS001,ST-0053,1,40,40
2026-09-09,CUS002,ST-0053,1,40,40
2026-09-09,CUS012,ST-0053,2,40,80
2026-09-09,CUS017,ST-0055,1,210,210
2026-09-09,CUS007,ST-0056,2,65,130
2026-09-09,CUS013,ST-0057,1,390,390
2026-09-09,CUS017,ST-0057,1,390,390
2026-09-09,CUS023,ST-0059,3,140,420
2026-09-09,CUS008,ST-0060,1,175,175
2026-09-10,CUS016,ST-0001,1,1390,1390
2026-09-10,CUS003,ST-0002,1,1950,1950
2026-09-10,CUS018,ST-0002,1,1950,1950
2026-09-10,CUS008,ST-0003,1,3090,3090
2026-09-10,CUS017,ST-0003,2,3090,6180
2026-09-10,CUS014,ST-0006,1,6350,6350
2026-09-10,CUS024,ST-0006,1,6350,6350
2026-09-10,CUS014,ST-0007,1,2250,2250
2026-09-10,CUS005,ST-0007,1,2250,2250
2026-09-10,CUS018,ST-0009,2,165,330
2026-09-10,CUS022,ST-0009,1,165,165
2026-09-10,CUS005,ST-0009,2,165,330
2026-09-10,CUS004,ST-0010,2,175,350
2026-09-10,CUS017,ST-0010,5,175,875
2026-09-10,CUS002,ST-0011,2,560,1120
2026-09-10,CUS006,ST-0012,1,2150,2150
2026-09-10,CUS003,ST-0015,1,1750,1750
2026-09-10,CUS002,ST-0017,2,75,150
2026-09-10,CUS009,ST-0017,3,75,225
2026-09-10,CUS002,ST-0017,6,75,450
2026-09-10,CUS024,ST-0017,1,75,75
2026-09-10,CUS016,ST-0017,1,75,75
2026-09-10,CUS012,ST-0017,4,75,300
2026-09-10,CUS008,ST-0018,14,95,1330
2026-09-10,CUS025,ST-0018,2,95,190
2026-09-10,CUS001,ST-0019,1,145,145
2026-09-10,CUS006,ST-0019,2,145,290
2026-09-10,CUS014,ST-0020,2,199,398
2026-09-10,CUS008,ST-0021,2,315,630
2026-09-10,CUS008,ST-0022,3,360,1080
2026-09-10,CUS002,ST-0023,1,890,890
2026-09-10,CUS003,ST-0023,2,890,1780
2026-09-10,CUS015,ST-0023,1,890,890
2026-09-10,CUS005,ST-0025,1,420,420
2026-09-10,CUS004,ST-0026,2,58,116
2026-09-10,CUS009,ST-0026,1,58,58
2026-09-10,CUS005,ST-0026,4,58,232
2026-09-10,CUS005,ST-0026,5,58,290
2026-09-10,CUS004,ST-0026,4,58,232
2026-09-10,CUS012,ST-0027,7,78,546
2026-09-10,CUS020,ST-0027,1,78,78
2026-09-10,CUS021,ST-0028,2,11,22
2026-09-10,CUS011,ST-0028,11,11,121
2026-09-10,CUS021,ST-0028,6,11,66
2026-09-10,CUS015,ST-0028,4,11,44
2026-09-10,CUS004,ST-0029,14,16,224
2026-09-10,CUS006,ST-0030,2,52,104
2026-09-10,CUS015,ST-0030,6,52,312
2026-09-10,CUS012,ST-0031,5,45,225
2026-09-10,CUS009,ST-0031,5,45,225
2026-09-10,CUS015,ST-0031,1,45,45
2026-09-10,CUS006,ST-0032,3,66,198
2026-09-10,CUS002,ST-0032,1,66,66
2026-09-10,CUS008,ST-0032,4,66,264
2026-09-10,CUS006,ST-0032,1,66,66
2026-09-10,CUS014,ST-0033,1,85,85
2026-09-10,CUS004,ST-0033,1,85,85
2026-09-10,CUS018,ST-0033,1,85,85
2026-09-10,CUS021,ST-0035,14,38,532
2026-09-10,CUS005,ST-0035,10,38,380
2026-09-10,CUS002,ST-0035,7,38,266
2026-09-10,CUS013,ST-0036,4,75,300
2026-09-10,CUS023,ST-0037,2,88,176
2026-09-10,CUS015,ST-0037,3,88,264
2026-09-10,CUS022,ST-0037,3,88,264
2026-09-10,CUS014,ST-0037,2,88,176
2026-09-10,CUS009,ST-0037,8,88,704
2026-09-10,CUS016,ST-0038,2,145,290
2026-09-10,CUS016,ST-0038,1,145,145
2026-09-10,CUS003,ST-0038,2,145,290
2026-09-10,CUS014,ST-0038,1,145,145
2026-09-10,CUS012,ST-0039,2,215,430
2026-09-10,CUS024,ST-0039,3,215,645
2026-09-10,CUS008,ST-0039,1,215,215
2026-09-10,CUS023,ST-0040,1,52,52
2026-09-10,CUS002,ST-0041,4,55,220
2026-09-10,CUS019,ST-0041,2,55,110
2026-09-10,CUS002,ST-0041,2,55,110
2026-09-10,CUS018,ST-0042,2,82,164
2026-09-10,CUS005,ST-0042,5,82,410
2026-09-10,CUS018,ST-0043,3,105,315
2026-09-10,CUS014,ST-0043,1,105,105
2026-09-10,CUS021,ST-0044,1,450,450
2026-09-10,CUS018,ST-0045,1,65,65
2026-09-10,CUS002,ST-0045,1,65,65
2026-09-10,CUS018,ST-0046,1,15,15
2026-09-10,CUS022,ST-0046,2,15,30
2026-09-10,CUS014,ST-0046,2,15,30
2026-09-10,CUS018,ST-0046,1,15,15
2026-09-10,CUS017,ST-0046,1,15,15
2026-09-10,CUS005,ST-0047,12,16,192
2026-09-10,CUS025,ST-0047,3,16,48
2026-09-10,CUS025,ST-0047,7,16,112
2026-09-10,CUS016,ST-0047,1,16,16
2026-09-10,CUS017,ST-0047,2,16,32
2026-09-10,CUS025,ST-0047,3,16,48
2026-09-10,CUS010,ST-0048,1,16,16
2026-09-10,CUS017,ST-0048,1,16,16
2026-09-10,CUS017,ST-0048,5,16,80
2026-09-10,CUS005,ST-0048,2,16,32
2026-09-10,CUS012,ST-0048,1,16,16
2026-09-10,CUS006,ST-0048,2,16,32
2026-09-10,CUS017,ST-0049,1,70,70
2026-09-10,CUS008,ST-0049,3,70,210
2026-09-10,CUS018,ST-0050,1,85,85
2026-09-10,CUS012,ST-0050,4,85,340
2026-09-10,CUS016,ST-0051,1,55,55
2026-09-10,CUS023,ST-0051,1,55,55
2026-09-10,CUS002,ST-0051,1,55,55
2026-09-10,CUS010,ST-0051,1,55,55
2026-09-10,CUS018,ST-0052,1,45,45
2026-09-10,CUS003,ST-0052,2,45,90
2026-09-10,CUS008,ST-0053,2,40,80
2026-09-10,CUS017,ST-0053,2,40,80
2026-09-10,CUS018,ST-0055,1,210,210
2026-09-10,CUS011,ST-0056,2,65,130
2026-09-10,CUS021,ST-0056,5,65,325
2026-09-10,CUS014,ST-0056,1,65,65
2026-09-10,CUS014,ST-0057,1,390,390
2026-09-10,CUS003,ST-0058,1,260,260
2026-09-10,CUS004,ST-0059,1,140,140
2026-09-10,CUS001,ST-0059,1,140,140
2026-09-11,CUS021,ST-0001,1,1390,1390
2026-09-11,CUS017,ST-0002,1,1950,1950
2026-09-11,CUS022,ST-0002,4,1950,7800
2026-09-11,CUS011,ST-0003,1,3090,3090
2026-09-11,CUS010,ST-0003,2,3090,6180
2026-09-11,CUS009,ST-0003,1,3090,3090
2026-09-11,CUS009,ST-0004,2,4890,9780
2026-09-11,CUS014,ST-0004,1,4890,4890
2026-09-11,CUS002,ST-0005,1,7290,7290
2026-09-11,CUS021,ST-0006,1,6350,6350
2026-09-11,CUS021,ST-0006,1,6350,6350
2026-09-11,CUS022,ST-0007,1,2250,2250
2026-09-11,CUS001,ST-0008,1,6150,6150
2026-09-11,CUS020,ST-0009,7,165,1155
2026-09-11,CUS025,ST-0010,7,175,1225
2026-09-11,CUS024,ST-0010,1,175,175
2026-09-11,CUS017,ST-0010,1,175,175
2026-09-11,CUS021,ST-0011,2,560,1120
2026-09-11,CUS006,ST-0011,1,560,560
2026-09-11,CUS016,ST-0013,1,1290,1290
2026-09-11,CUS016,ST-0014,1,3150,3150
2026-09-11,CUS005,ST-0016,1,1190,1190
2026-09-11,CUS015,ST-0017,1,75,75
2026-09-11,CUS017,ST-0017,5,75,375
2026-09-11,CUS015,ST-0017,1,75,75
2026-09-11,CUS020,ST-0017,5,75,375
2026-09-11,CUS022,ST-0018,6,95,570
2026-09-11,CUS013,ST-0018,1,95,95
2026-09-11,CUS022,ST-0018,2,95,190
2026-09-11,CUS024,ST-0018,2,95,190
2026-09-11,CUS021,ST-0019,4,145,580
2026-09-11,CUS021,ST-0020,1,199,199
2026-09-11,CUS008,ST-0020,1,199,199
2026-09-11,CUS025,ST-0020,3,199,597
2026-09-11,CUS009,ST-0020,1,199,199
2026-09-11,CUS013,ST-0020,2,199,398
2026-09-11,CUS002,ST-0021,1,315,315
2026-09-11,CUS010,ST-0021,2,315,630
2026-09-11,CUS001,ST-0021,1,315,315
2026-09-11,CUS003,ST-0021,1,315,315
2026-09-11,CUS024,ST-0022,1,360,360
2026-09-11,CUS012,ST-0023,1,890,890
2026-09-11,CUS001,ST-0023,1,890,890
2026-09-11,CUS014,ST-0026,5,58,290
2026-09-11,CUS004,ST-0026,9,58,522
2026-09-11,CUS003,ST-0026,15,58,870
2026-09-11,CUS006,ST-0027,2,78,156
2026-09-11,CUS025,ST-0027,3,78,234
2026-09-11,CUS024,ST-0027,2,78,156
2026-09-11,CUS021,ST-0027,2,78,156
2026-09-11,CUS008,ST-0027,3,78,234
2026-09-11,CUS023,ST-0028,18,11,198
2026-09-11,CUS021,ST-0029,2,16,32
2026-09-11,CUS023,ST-0029,18,16,288
2026-09-11,CUS019,ST-0030,2,52,104
2026-09-11,CUS017,ST-0030,5,52,260
2026-09-11,CUS006,ST-0030,1,52,52
2026-09-11,CUS016,ST-0031,6,45,270
2026-09-11,CUS021,ST-0031,1,45,45
2026-09-11,CUS008,ST-0032,1,66,66
2026-09-11,CUS008,ST-0032,6,66,396
2026-09-11,CUS013,ST-0033,2,85,170
2026-09-11,CUS024,ST-0035,2,38,76
2026-09-11,CUS011,ST-0035,8,38,304
2026-09-11,CUS012,ST-0035,8,38,304
2026-09-11,CUS001,ST-0035,2,38,76
2026-09-11,CUS009,ST-0035,3,38,114
2026-09-11,CUS017,ST-0036,2,75,150
2026-09-11,CUS010,ST-0036,2,75,150
2026-09-11,CUS013,ST-0037,6,88,528
2026-09-11,CUS021,ST-0037,7,88,616
2026-09-11,CUS005,ST-0038,1,145,145
2026-09-11,CUS013,ST-0038,1,145,145
2026-09-11,CUS012,ST-0038,1,145,145
2026-09-11,CUS010,ST-0038,2,145,290
2026-09-11,CUS023,ST-0039,1,215,215
2026-09-11,CUS016,ST-0039,5,215,1075
2026-09-11,CUS023,ST-0040,1,52,52
2026-09-11,CUS022,ST-0041,1,55,55
2026-09-11,CUS010,ST-0041,2,55,110
2026-09-11,CUS002,ST-0041,2,55,110
2026-09-11,CUS023,ST-0041,1,55,55
2026-09-11,CUS022,ST-0042,2,82,164
2026-09-11,CUS016,ST-0042,2,82,164
2026-09-11,CUS012,ST-0044,1,450,450
2026-09-11,CUS008,ST-0045,1,65,65
2026-09-11,CUS002,ST-0045,1,65,65
2026-09-11,CUS023,ST-0046,1,15,15
2026-09-11,CUS021,ST-0046,2,15,30
2026-09-11,CUS016,ST-0046,6,15,90
2026-09-11,CUS022,ST-0047,7,16,112
2026-09-11,CUS020,ST-0047,10,16,160
2026-09-11,CUS002,ST-0047,1,16,16
2026-09-11,CUS004,ST-0047,7,16,112
2026-09-11,CUS021,ST-0048,1,16,16
2026-09-11,CUS008,ST-0048,4,16,64
2026-09-11,CUS017,ST-0048,4,16,64
2026-09-11,CUS017,ST-0049,2,70,140
2026-09-11,CUS009,ST-0049,2,70,140
2026-09-11,CUS002,ST-0049,1,70,70
2026-09-11,CUS021,ST-0049,2,70,140
2026-09-11,CUS008,ST-0050,5,85,425
2026-09-11,CUS014,ST-0051,6,55,330
2026-09-11,CUS013,ST-0052,8,45,360
2026-09-11,CUS012,ST-0053,1,40,40
2026-09-11,CUS022,ST-0055,1,210,210
2026-09-11,CUS025,ST-0056,2,65,130
2026-09-11,CUS022,ST-0056,1,65,65
2026-09-11,CUS025,ST-0056,1,65,65
2026-09-11,CUS013,ST-0056,3,65,195
2026-09-11,CUS017,ST-0057,1,390,390
2026-09-11,CUS017,ST-0057,2,390,780
2026-09-11,CUS001,ST-0059,1,140,140
2026-09-12,CUS011,ST-0001,1,1390,1390
2026-09-12,CUS015,ST-0001,1,1390,1390
2026-09-12,CUS008,ST-0002,2,1950,3900
2026-09-12,CUS008,ST-0003,2,3090,6180
2026-09-12,CUS025,ST-0005,1,7290,7290
2026-09-12,CUS003,ST-0006,1,6350,6350
2026-09-12,CUS013,ST-0009,1,165,165
2026-09-12,CUS017,ST-0009,1,165,165
2026-09-12,CUS010,ST-0009,1,165,165
2026-09-12,CUS008,ST-0009,2,165,330
2026-09-12,CUS005,ST-0009,1,165,165
2026-09-12,CUS017,ST-0009,1,165,165
2026-09-12,CUS008,ST-0009,3,165,495
2026-09-12,CUS023,ST-0010,1,175,175
2026-09-12,CUS009,ST-0010,2,175,350
2026-09-12,CUS006,ST-0010,2,175,350
2026-09-12,CUS003,ST-0010,2,175,350
2026-09-12,CUS005,ST-0010,2,175,350
2026-09-12,CUS017,ST-0010,2,175,350
2026-09-12,CUS006,ST-0013,1,1290,1290
2026-09-12,CUS009,ST-0015,1,1750,1750
2026-09-12,CUS009,ST-0017,3,75,225
2026-09-12,CUS012,ST-0017,2,75,150
2026-09-12,CUS005,ST-0017,10,75,750
2026-09-12,CUS012,ST-0017,2,75,150
2026-09-12,CUS006,ST-0018,6,95,570
2026-09-12,CUS002,ST-0018,3,95,285
2026-09-12,CUS012,ST-0018,3,95,285
2026-09-12,CUS022,ST-0019,1,145,145
2026-09-12,CUS018,ST-0020,2,199,398
2026-09-12,CUS018,ST-0020,1,199,199
2026-09-12,CUS025,ST-0020,9,199,1791
2026-09-12,CUS005,ST-0021,4,315,1260
2026-09-12,CUS014,ST-0021,2,315,630
2026-09-12,CUS021,ST-0022,1,360,360
2026-09-12,CUS019,ST-0022,2,360,720
2026-09-12,CUS020,ST-0022,1,360,360
2026-09-12,CUS020,ST-0022,1,360,360
2026-09-12,CUS008,ST-0022,1,360,360
2026-09-12,CUS005,ST-0023,1,890,890
2026-09-12,CUS025,ST-0023,1,890,890
2026-09-12,CUS022,ST-0024,1,990,990
2026-09-12,CUS014,ST-0025,1,420,420
2026-09-12,CUS018,ST-0026,6,58,348
2026-09-12,CUS010,ST-0026,7,58,406
2026-09-12,CUS021,ST-0026,10,58,580
2026-09-12,CUS009,ST-0027,4,78,312
2026-09-12,CUS014,ST-0027,4,78,312
2026-09-12,CUS021,ST-0027,1,78,78
2026-09-12,CUS025,ST-0027,4,78,312
2026-09-12,CUS014,ST-0028,32,11,352
2026-09-12,CUS014,ST-0029,11,16,176
2026-09-12,CUS008,ST-0029,2,16,32
2026-09-12,CUS003,ST-0029,8,16,128
2026-09-12,CUS003,ST-0030,1,52,52
2026-09-12,CUS003,ST-0030,3,52,156
2026-09-12,CUS003,ST-0030,3,52,156
2026-09-12,CUS022,ST-0031,3,45,135
2026-09-12,CUS008,ST-0032,2,66,132
2026-09-12,CUS003,ST-0032,2,66,132
2026-09-12,CUS023,ST-0032,1,66,66
2026-09-12,CUS023,ST-0032,1,66,66
2026-09-12,CUS023,ST-0033,1,85,85
2026-09-12,CUS016,ST-0033,2,85,170
2026-09-12,CUS010,ST-0034,1,590,590
2026-09-12,CUS018,ST-0035,26,38,988
2026-09-12,CUS002,ST-0036,7,75,525
2026-09-12,CUS006,ST-0037,1,88,88
2026-09-12,CUS015,ST-0037,4,88,352
2026-09-12,CUS002,ST-0037,9,88,792
2026-09-12,CUS008,ST-0038,3,145,435
2026-09-12,CUS006,ST-0038,1,145,145
2026-09-12,CUS010,ST-0039,2,215,430
2026-09-12,CUS013,ST-0039,2,215,430
2026-09-12,CUS016,ST-0040,1,52,52
2026-09-12,CUS021,ST-0041,2,55,110
2026-09-12,CUS018,ST-0042,2,82,164
2026-09-12,CUS006,ST-0042,1,82,82
2026-09-12,CUS022,ST-0043,1,105,105
2026-09-12,CUS022,ST-0044,1,450,450
2026-09-12,CUS017,ST-0044,2,450,900
2026-09-12,CUS017,ST-0046,3,15,45
2026-09-12,CUS004,ST-0046,1,15,15
2026-09-12,CUS016,ST-0047,8,16,128
2026-09-12,CUS012,ST-0047,21,16,336
2026-09-12,CUS025,ST-0048,3,16,48
2026-09-12,CUS013,ST-0048,4,16,64
2026-09-12,CUS008,ST-0049,1,70,70
2026-09-12,CUS025,ST-0049,4,70,280
2026-09-12,CUS012,ST-0049,1,70,70
2026-09-12,CUS014,ST-0050,1,85,85
2026-09-12,CUS004,ST-0050,3,85,255
2026-09-12,CUS001,ST-0050,2,85,170
2026-09-12,CUS015,ST-0050,1,85,85
2026-09-12,CUS016,ST-0051,1,55,55
2026-09-12,CUS021,ST-0051,1,55,55
2026-09-12,CUS014,ST-0051,1,55,55
2026-09-12,CUS009,ST-0051,3,55,165
2026-09-12,CUS003,ST-0051,1,55,55
2026-09-12,CUS001,ST-0052,1,45,45
2026-09-12,CUS013,ST-0052,2,45,90
2026-09-12,CUS003,ST-0056,2,65,130
2026-09-12,CUS025,ST-0056,2,65,130
2026-09-12,CUS002,ST-0057,1,390,390
2026-09-12,CUS025,ST-0057,1,390,390
2026-09-12,CUS002,ST-0057,2,390,780
2026-09-14,CUS020,ST-0002,5,1950,9750
2026-09-14,CUS003,ST-0003,1,3090,3090
2026-09-14,CUS022,ST-0003,1,3090,3090
2026-09-14,CUS010,ST-0003,2,3090,6180
2026-09-14,CUS022,ST-0003,2,3090,6180
2026-09-14,CUS021,ST-0004,1,4890,4890
2026-09-14,CUS015,ST-0009,2,165,330
2026-09-14,CUS009,ST-0009,4,165,660
2026-09-14,CUS014,ST-0010,3,175,525
2026-09-14,CUS020,ST-0010,1,175,175
2026-09-14,CUS017,ST-0012,1,2150,2150
2026-09-14,CUS018,ST-0014,1,3150,3150
2026-09-14,CUS023,ST-0017,3,75,225
2026-09-14,CUS003,ST-0017,4,75,300
2026-09-14,CUS012,ST-0017,11,75,825
2026-09-14,CUS015,ST-0017,2,75,150
2026-09-14,CUS001,ST-0018,3,95,285
2026-09-14,CUS024,ST-0018,11,95,1045
2026-09-14,CUS017,ST-0019,1,145,145
2026-09-14,CUS020,ST-0019,3,145,435
2026-09-14,CUS011,ST-0020,1,199,199
2026-09-14,CUS012,ST-0020,1,199,199
2026-09-14,CUS008,ST-0020,1,199,199
2026-09-14,CUS019,ST-0020,1,199,199
2026-09-14,CUS022,ST-0020,3,199,597
2026-09-14,CUS015,ST-0020,1,199,199
2026-09-14,CUS021,ST-0021,1,315,315
2026-09-14,CUS024,ST-0021,1,315,315
2026-09-14,CUS023,ST-0022,1,360,360
2026-09-14,CUS024,ST-0023,1,890,890
2026-09-14,CUS009,ST-0025,2,420,840
2026-09-14,CUS002,ST-0025,1,420,420
2026-09-14,CUS021,ST-0025,1,420,420
2026-09-14,CUS019,ST-0026,4,58,232
2026-09-14,CUS010,ST-0026,16,58,928
2026-09-14,CUS021,ST-0027,2,78,156
2026-09-14,CUS009,ST-0027,5,78,390
2026-09-14,CUS013,ST-0028,25,11,275
2026-09-14,CUS012,ST-0029,11,16,176
2026-09-14,CUS012,ST-0029,2,16,32
2026-09-14,CUS008,ST-0029,2,16,32
2026-09-14,CUS003,ST-0029,1,16,16
2026-09-14,CUS012,ST-0029,2,16,32
2026-09-14,CUS006,ST-0030,5,52,260
2026-09-14,CUS012,ST-0031,3,45,135
2026-09-14,CUS025,ST-0031,3,45,135
2026-09-14,CUS003,ST-0031,2,45,90
2026-09-14,CUS002,ST-0032,1,66,66
2026-09-14,CUS006,ST-0032,2,66,132
2026-09-14,CUS009,ST-0032,2,66,132
2026-09-14,CUS007,ST-0032,2,66,132
2026-09-14,CUS014,ST-0035,17,38,646
2026-09-14,CUS012,ST-0035,5,38,190
2026-09-14,CUS004,ST-0036,12,75,900
2026-09-14,CUS020,ST-0036,1,75,75
2026-09-14,CUS005,ST-0036,2,75,150
2026-09-14,CUS013,ST-0036,1,75,75
2026-09-14,CUS017,ST-0036,2,75,150
2026-09-14,CUS021,ST-0036,1,75,75
2026-09-14,CUS012,ST-0037,16,88,1408
2026-09-14,CUS012,ST-0038,2,145,290
2026-09-14,CUS011,ST-0038,1,145,145
2026-09-14,CUS012,ST-0038,2,145,290
2026-09-14,CUS011,ST-0039,3,215,645
2026-09-14,CUS025,ST-0039,1,215,215
2026-09-14,CUS023,ST-0039,2,215,430
2026-09-14,CUS014,ST-0040,1,52,52
2026-09-14,CUS012,ST-0040,1,52,52
2026-09-14,CUS022,ST-0041,2,55,110
2026-09-14,CUS021,ST-0041,7,55,385
2026-09-14,CUS004,ST-0042,2,82,164
2026-09-14,CUS025,ST-0042,2,82,164
2026-09-14,CUS011,ST-0042,2,82,164
2026-09-14,CUS008,ST-0043,1,105,105
2026-09-14,CUS014,ST-0043,1,105,105
2026-09-14,CUS020,ST-0043,1,105,105
2026-09-14,CUS008,ST-0044,1,450,450
2026-09-14,CUS025,ST-0046,3,15,45
2026-09-14,CUS023,ST-0046,4,15,60
2026-09-14,CUS016,ST-0047,1,16,16
2026-09-14,CUS017,ST-0047,20,16,320
2026-09-14,CUS015,ST-0047,3,16,48
2026-09-14,CUS023,ST-0047,1,16,16
2026-09-14,CUS024,ST-0047,6,16,96
2026-09-14,CUS009,ST-0047,4,16,64
2026-09-14,CUS009,ST-0048,1,16,16
2026-09-14,CUS018,ST-0048,5,16,80
2026-09-14,CUS022,ST-0048,1,16,16
2026-09-14,CUS015,ST-0048,1,16,16
2026-09-14,CUS002,ST-0048,2,16,32
2026-09-14,CUS010,ST-0048,1,16,16
2026-09-14,CUS023,ST-0048,1,16,16
2026-09-14,CUS010,ST-0049,1,70,70
2026-09-14,CUS018,ST-0049,1,70,70
2026-09-14,CUS018,ST-0049,1,70,70
2026-09-14,CUS012,ST-0050,6,85,510
2026-09-14,CUS009,ST-0050,2,85,170
2026-09-14,CUS001,ST-0050,1,85,85
2026-09-14,CUS016,ST-0051,3,55,165
2026-09-14,CUS015,ST-0051,2,55,110
2026-09-14,CUS010,ST-0051,1,55,55
2026-09-14,CUS009,ST-0052,2,45,90
2026-09-14,CUS008,ST-0052,1,45,45
2026-09-14,CUS001,ST-0052,1,45,45
2026-09-14,CUS006,ST-0052,1,45,45
2026-09-14,CUS019,ST-0053,1,40,40
2026-09-14,CUS014,ST-0053,1,40,40
2026-09-14,CUS005,ST-0054,1,240,240
2026-09-14,CUS001,ST-0055,1,210,210
2026-09-14,CUS006,ST-0056,4,65,260
2026-09-14,CUS002,ST-0057,1,390,390
2026-09-14,CUS005,ST-0057,1,390,390
2026-09-14,CUS021,ST-0057,1,390,390
2026-09-14,CUS007,ST-0058,1,260,260
2026-09-14,CUS012,ST-0059,1,140,140
2026-09-15,CUS025,ST-0001,1,1390,1390
2026-09-15,CUS003,ST-0001,1,1390,1390
2026-09-15,CUS023,ST-0002,1,1950,1950
2026-09-15,CUS006,ST-0002,1,1950,1950
2026-09-15,CUS012,ST-0002,1,1950,1950
2026-09-15,CUS021,ST-0002,2,1950,3900
2026-09-15,CUS003,ST-0002,1,1950,1950
2026-09-15,CUS022,ST-0002,1,1950,1950
2026-09-15,CUS008,ST-0002,1,1950,1950
2026-09-15,CUS005,ST-0002,1,1950,1950
2026-09-15,CUS004,ST-0003,3,3090,9270
2026-09-15,CUS012,ST-0003,1,3090,3090
2026-09-15,CUS010,ST-0004,1,4890,4890
2026-09-15,CUS022,ST-0005,1,7290,7290
2026-09-15,CUS001,ST-0006,1,6350,6350
2026-09-15,CUS002,ST-0009,1,165,165
2026-09-15,CUS008,ST-0009,2,165,330
2026-09-15,CUS005,ST-0009,1,165,165
2026-09-15,CUS004,ST-0009,1,165,165
2026-09-15,CUS009,ST-0009,1,165,165
2026-09-15,CUS014,ST-0009,1,165,165
2026-09-15,CUS016,ST-0009,1,165,165
2026-09-15,CUS007,ST-0010,5,175,875
2026-09-15,CUS006,ST-0010,3,175,525
2026-09-15,CUS009,ST-0011,1,560,560
2026-09-15,CUS016,ST-0011,1,560,560
2026-09-15,CUS017,ST-0012,1,2150,2150
2026-09-15,CUS002,ST-0015,1,1750,1750
2026-09-15,CUS002,ST-0017,17,75,1275
2026-09-15,CUS021,ST-0017,6,75,450
2026-09-15,CUS008,ST-0018,6,95,570
2026-09-15,CUS021,ST-0019,2,145,290
2026-09-15,CUS012,ST-0019,2,145,290
2026-09-15,CUS010,ST-0020,1,199,199
2026-09-15,CUS014,ST-0020,1,199,199
2026-09-15,CUS002,ST-0020,1,199,199
2026-09-15,CUS014,ST-0020,1,199,199
2026-09-15,CUS007,ST-0020,3,199,597
2026-09-15,CUS014,ST-0020,2,199,398
2026-09-15,CUS008,ST-0021,1,315,315
2026-09-15,CUS014,ST-0021,2,315,630
2026-09-15,CUS016,ST-0021,1,315,315
2026-09-15,CUS002,ST-0021,1,315,315
2026-09-15,CUS023,ST-0022,1,360,360
2026-09-15,CUS008,ST-0024,1,990,990
2026-09-15,CUS013,ST-0024,1,990,990
2026-09-15,CUS021,ST-0025,1,420,420
2026-09-15,CUS021,ST-0025,2,420,840
2026-09-15,CUS022,ST-0025,1,420,420
2026-09-15,CUS001,ST-0026,1,58,58
2026-09-15,CUS008,ST-0026,10,58,580
2026-09-15,CUS024,ST-0026,11,58,638
2026-09-15,CUS021,ST-0027,8,78,624
2026-09-15,CUS006,ST-0027,3,78,234
2026-09-15,CUS018,ST-0028,8,11,88
2026-09-15,CUS022,ST-0028,4,11,44
2026-09-15,CUS025,ST-0028,8,11,88
2026-09-15,CUS025,ST-0028,7,11,77
2026-09-15,CUS009,ST-0028,1,11,11
2026-09-15,CUS019,ST-0028,1,11,11
2026-09-15,CUS010,ST-0029,1,16,16
2026-09-15,CUS016,ST-0029,5,16,80
2026-09-15,CUS003,ST-0029,10,16,160
2026-09-15,CUS003,ST-0030,3,52,156
2026-09-15,CUS010,ST-0030,1,52,52
2026-09-15,CUS020,ST-0030,2,52,104
2026-09-15,CUS009,ST-0031,3,45,135
2026-09-15,CUS015,ST-0032,4,66,264
2026-09-15,CUS014,ST-0035,11,38,418
2026-09-15,CUS020,ST-0035,12,38,456
2026-09-15,CUS014,ST-0035,4,38,152
2026-09-15,CUS023,ST-0035,11,38,418
2026-09-15,CUS022,ST-0036,4,75,300
2026-09-15,CUS014,ST-0036,4,75,300
2026-09-15,CUS006,ST-0037,2,88,176
2026-09-15,CUS003,ST-0037,5,88,440
2026-09-15,CUS017,ST-0037,4,88,352
2026-09-15,CUS013,ST-0037,4,88,352
2026-09-15,CUS009,ST-0038,4,145,580
2026-09-15,CUS023,ST-0039,2,215,430
2026-09-15,CUS001,ST-0040,1,52,52
2026-09-15,CUS008,ST-0040,1,52,52
2026-09-15,CUS012,ST-0041,4,55,220
2026-09-15,CUS015,ST-0041,1,55,55
2026-09-15,CUS014,ST-0041,3,55,165
2026-09-15,CUS013,ST-0042,1,82,82
2026-09-15,CUS017,ST-0042,3,82,246
2026-09-15,CUS017,ST-0043,5,105,525
2026-09-15,CUS013,ST-0044,1,450,450
2026-09-15,CUS009,ST-0045,1,65,65
2026-09-15,CUS007,ST-0046,3,15,45
2026-09-15,CUS025,ST-0047,7,16,112
2026-09-15,CUS019,ST-0047,21,16,336
2026-09-15,CUS010,ST-0048,2,16,32
2026-09-15,CUS014,ST-0049,1,70,70
2026-09-15,CUS012,ST-0049,4,70,280
2026-09-15,CUS001,ST-0049,1,70,70
2026-09-15,CUS019,ST-0050,2,85,170
2026-09-15,CUS001,ST-0050,1,85,85
2026-09-15,CUS018,ST-0050,2,85,170
2026-09-15,CUS012,ST-0050,4,85,340
2026-09-15,CUS017,ST-0050,5,85,425
2026-09-15,CUS021,ST-0051,2,55,110
2026-09-15,CUS008,ST-0051,4,55,220
2026-09-15,CUS011,ST-0051,1,55,55
2026-09-15,CUS020,ST-0051,3,55,165
2026-09-15,CUS016,ST-0052,2,45,90
2026-09-15,CUS001,ST-0052,1,45,45
2026-09-15,CUS002,ST-0052,1,45,45
2026-09-15,CUS009,ST-0053,3,40,120
2026-09-15,CUS008,ST-0054,1,240,240
2026-09-15,CUS004,ST-0055,1,210,210
2026-09-15,CUS009,ST-0056,1,65,65
2026-09-15,CUS012,ST-0056,4,65,260
2026-09-15,CUS024,ST-0057,3,390,1170
2026-09-15,CUS017,ST-0057,2,390,780
2026-09-15,CUS014,ST-0057,2,390,780
2026-09-15,CUS018,ST-0057,1,390,390
2026-09-16,CUS025,ST-0002,2,1950,3900
2026-09-16,CUS012,ST-0003,2,3090,6180
2026-09-16,CUS013,ST-0003,1,3090,3090
2026-09-16,CUS025,ST-0004,1,4890,4890
2026-09-16,CUS012,ST-0005,1,7290,7290
2026-09-16,CUS001,ST-0009,3,165,495
2026-09-16,CUS016,ST-0010,2,175,350
2026-09-16,CUS014,ST-0010,2,175,350
2026-09-16,CUS017,ST-0010,1,175,175
2026-09-16,CUS005,ST-0010,1,175,175
2026-09-16,CUS012,ST-0010,3,175,525
2026-09-16,CUS013,ST-0011,2,560,1120
2026-09-16,CUS017,ST-0011,1,560,560
2026-09-16,CUS006,ST-0013,1,1290,1290
2026-09-16,CUS008,ST-0017,17,75,1275
2026-09-16,CUS004,ST-0017,1,75,75
2026-09-16,CUS014,ST-0018,7,95,665
2026-09-16,CUS002,ST-0018,6,95,570
2026-09-16,CUS018,ST-0018,3,95,285
2026-09-16,CUS017,ST-0018,3,95,285
2026-09-16,CUS024,ST-0019,2,145,290
2026-09-16,CUS006,ST-0019,1,145,145
2026-09-16,CUS013,ST-0020,2,199,398
2026-09-16,CUS018,ST-0020,1,199,199
2026-09-16,CUS012,ST-0020,2,199,398
2026-09-16,CUS003,ST-0020,3,199,597
2026-09-16,CUS019,ST-0020,1,199,199
2026-09-16,CUS016,ST-0020,2,199,398
2026-09-16,CUS010,ST-0021,1,315,315
2026-09-16,CUS008,ST-0021,1,315,315
2026-09-16,CUS022,ST-0022,1,360,360
2026-09-16,CUS017,ST-0022,1,360,360
2026-09-16,CUS009,ST-0023,1,890,890
2026-09-16,CUS010,ST-0026,9,58,522
2026-09-16,CUS013,ST-0026,4,58,232
2026-09-16,CUS020,ST-0026,5,58,290
2026-09-16,CUS005,ST-0026,4,58,232
2026-09-16,CUS001,ST-0027,1,78,78
2026-09-16,CUS021,ST-0027,3,78,234
2026-09-16,CUS017,ST-0027,5,78,390
2026-09-16,CUS009,ST-0028,6,11,66
2026-09-16,CUS021,ST-0028,2,11,22
2026-09-16,CUS017,ST-0028,10,11,110
2026-09-16,CUS003,ST-0028,12,11,132
2026-09-16,CUS023,ST-0029,18,16,288
2026-09-16,CUS014,ST-0030,10,52,520
2026-09-16,CUS021,ST-0031,3,45,135
2026-09-16,CUS016,ST-0032,2,66,132
2026-09-16,CUS014,ST-0032,1,66,66
2026-09-16,CUS004,ST-0032,2,66,132
2026-09-16,CUS012,ST-0032,1,66,66
2026-09-16,CUS009,ST-0033,1,85,85
2026-09-16,CUS024,ST-0035,10,38,380
2026-09-16,CUS004,ST-0035,7,38,266
2026-09-16,CUS022,ST-0036,1,75,75
2026-09-16,CUS020,ST-0036,4,75,300
2026-09-16,CUS005,ST-0036,1,75,75
2026-09-16,CUS023,ST-0036,4,75,300
2026-09-16,CUS021,ST-0037,10,88,880
2026-09-16,CUS014,ST-0038,1,145,145
2026-09-16,CUS014,ST-0038,5,145,725
2026-09-16,CUS008,ST-0038,1,145,145
2026-09-16,CUS009,ST-0039,1,215,215
2026-09-16,CUS016,ST-0039,3,215,645
2026-09-16,CUS019,ST-0039,3,215,645
2026-09-16,CUS012,ST-0040,2,52,104
2026-09-16,CUS009,ST-0041,8,55,440
2026-09-16,CUS013,ST-0041,1,55,55
2026-09-16,CUS017,ST-0042,1,82,82
2026-09-16,CUS021,ST-0042,3,82,246
2026-09-16,CUS012,ST-0043,1,105,105
2026-09-16,CUS017,ST-0043,1,105,105
2026-09-16,CUS003,ST-0045,1,65,65
2026-09-16,CUS008,ST-0045,1,65,65
2026-09-16,CUS021,ST-0045,1,65,65
2026-09-16,CUS013,ST-0046,3,15,45
2026-09-16,CUS002,ST-0046,1,15,15
2026-09-16,CUS022,ST-0046,2,15,30
2026-09-16,CUS003,ST-0047,15,16,240
2026-09-16,CUS014,ST-0047,2,16,32
2026-09-16,CUS006,ST-0047,18,16,288
2026-09-16,CUS003,ST-0048,6,16,96
2026-09-16,CUS008,ST-0049,2,70,140
2026-09-16,CUS016,ST-0049,1,70,70
2026-09-16,CUS025,ST-0049,2,70,140
2026-09-16,CUS006,ST-0050,2,85,170
2026-09-16,CUS017,ST-0050,3,85,255
2026-09-16,CUS024,ST-0050,1,85,85
2026-09-16,CUS021,ST-0050,1,85,85
2026-09-16,CUS018,ST-0050,1,85,85
2026-09-16,CUS008,ST-0051,5,55,275
2026-09-16,CUS006,ST-0052,1,45,45
2026-09-16,CUS025,ST-0053,3,40,120
2026-09-16,CUS025,ST-0054,1,240,240
2026-09-16,CUS009,ST-0054,1,240,240
2026-09-16,CUS013,ST-0054,1,240,240
2026-09-16,CUS024,ST-0054,2,240,480
2026-09-16,CUS025,ST-0056,2,65,130
2026-09-16,CUS006,ST-0056,1,65,65
2026-09-16,CUS005,ST-0056,1,65,65
2026-09-16,CUS011,ST-0056,1,65,65
2026-09-16,CUS022,ST-0056,1,65,65
2026-09-16,CUS012,ST-0056,1,65,65
2026-09-16,CUS016,ST-0057,1,390,390
2026-09-16,CUS002,ST-0060,2,175,350
2026-09-17,CUS012,ST-0001,2,1390,2780
2026-09-17,CUS022,ST-0002,1,1950,1950
2026-09-17,CUS016,ST-0002,1,1950,1950
2026-09-17,CUS008,ST-0002,1,1950,1950
2026-09-17,CUS014,ST-0002,1,1950,1950
2026-09-17,CUS006,ST-0002,2,1950,3900
2026-09-17,CUS001,ST-0003,1,3090,3090
2026-09-17,CUS018,ST-0003,1,3090,3090
2026-09-17,CUS021,ST-0003,1,3090,3090
2026-09-17,CUS021,ST-0003,1,3090,3090
2026-09-17,CUS022,ST-0003,2,3090,6180
2026-09-17,CUS025,ST-0003,1,3090,3090
2026-09-17,CUS012,ST-0004,1,4890,4890
2026-09-17,CUS025,ST-0007,1,2250,2250
2026-09-17,CUS016,ST-0009,1,165,165
2026-09-17,CUS024,ST-0009,3,165,495
2026-09-17,CUS021,ST-0009,1,165,165
2026-09-17,CUS025,ST-0009,1,165,165
2026-09-17,CUS002,ST-0010,5,175,875
2026-09-17,CUS022,ST-0010,1,175,175
2026-09-17,CUS002,ST-0010,3,175,525
2026-09-17,CUS004,ST-0013,1,1290,1290
2026-09-17,CUS008,ST-0014,1,3150,3150
2026-09-17,CUS005,ST-0017,2,75,150
2026-09-17,CUS019,ST-0017,3,75,225
2026-09-17,CUS015,ST-0017,2,75,150
2026-09-17,CUS005,ST-0017,4,75,300
2026-09-17,CUS013,ST-0017,5,75,375
2026-09-17,CUS018,ST-0018,2,95,190
2026-09-17,CUS006,ST-0018,1,95,95
2026-09-17,CUS021,ST-0018,3,95,285
2026-09-17,CUS018,ST-0019,1,145,145
2026-09-17,CUS003,ST-0019,1,145,145
2026-09-17,CUS016,ST-0020,2,199,398
2026-09-17,CUS006,ST-0020,2,199,398
2026-09-17,CUS006,ST-0020,1,199,199
2026-09-17,CUS025,ST-0021,1,315,315
2026-09-17,CUS009,ST-0021,1,315,315
2026-09-17,CUS018,ST-0021,2,315,630
2026-09-17,CUS005,ST-0022,1,360,360
2026-09-17,CUS009,ST-0022,2,360,720
2026-09-17,CUS023,ST-0025,1,420,420
2026-09-17,CUS017,ST-0025,1,420,420
2026-09-17,CUS003,ST-0026,3,58,174
2026-09-17,CUS001,ST-0026,3,58,174
2026-09-17,CUS017,ST-0026,17,58,986
2026-09-17,CUS006,ST-0027,3,78,234
2026-09-17,CUS009,ST-0027,2,78,156
2026-09-17,CUS010,ST-0027,4,78,312
2026-09-17,CUS014,ST-0027,1,78,78
2026-09-17,CUS012,ST-0028,5,11,55
2026-09-17,CUS009,ST-0028,13,11,143
2026-09-17,CUS010,ST-0028,7,11,77
2026-09-17,CUS002,ST-0029,1,16,16
2026-09-17,CUS002,ST-0029,5,16,80
2026-09-17,CUS014,ST-0029,11,16,176
2026-09-17,CUS008,ST-0030,5,52,260
2026-09-17,CUS022,ST-0030,2,52,104
2026-09-17,CUS011,ST-0031,4,45,180
2026-09-17,CUS020,ST-0032,2,66,132
2026-09-17,CUS018,ST-0033,1,85,85
2026-09-17,CUS008,ST-0033,1,85,85
2026-09-17,CUS020,ST-0035,22,38,836
2026-09-17,CUS023,ST-0035,8,38,304
2026-09-17,CUS017,ST-0036,1,75,75
2026-09-17,CUS002,ST-0036,2,75,150
2026-09-17,CUS024,ST-0036,2,75,150
2026-09-17,CUS003,ST-0036,1,75,75
2026-09-17,CUS008,ST-0037,2,88,176
2026-09-17,CUS004,ST-0037,2,88,176
2026-09-17,CUS005,ST-0037,5,88,440
2026-09-17,CUS006,ST-0037,5,88,440
2026-09-17,CUS021,ST-0037,2,88,176
2026-09-17,CUS024,ST-0037,3,88,264
2026-09-17,CUS018,ST-0037,2,88,176
2026-09-17,CUS016,ST-0037,1,88,88
2026-09-17,CUS005,ST-0038,1,145,145
2026-09-17,CUS005,ST-0038,3,145,435
2026-09-17,CUS004,ST-0038,4,145,580
2026-09-17,CUS010,ST-0038,2,145,290
2026-09-17,CUS011,ST-0039,1,215,215
2026-09-17,CUS025,ST-0039,3,215,645
2026-09-17,CUS006,ST-0039,3,215,645
2026-09-17,CUS006,ST-0040,1,52,52
2026-09-17,CUS024,ST-0041,1,55,55
2026-09-17,CUS006,ST-0041,1,55,55
2026-09-17,CUS017,ST-0041,1,55,55
2026-09-17,CUS014,ST-0041,2,55,110
2026-09-17,CUS009,ST-0041,3,55,165
2026-09-17,CUS025,ST-0041,2,55,110
2026-09-17,CUS001,ST-0042,1,82,82
2026-09-17,CUS012,ST-0042,3,82,246
2026-09-17,CUS021,ST-0043,1,105,105
2026-09-17,CUS012,ST-0043,1,105,105
2026-09-17,CUS019,ST-0044,1,450,450
2026-09-17,CUS009,ST-0045,1,65,65
2026-09-17,CUS020,ST-0045,1,65,65
2026-09-17,CUS017,ST-0045,1,65,65
2026-09-17,CUS003,ST-0046,3,15,45
2026-09-17,CUS023,ST-0046,6,15,90
2026-09-17,CUS009,ST-0046,2,15,30
2026-09-17,CUS004,ST-0047,24,16,384
2026-09-17,CUS008,ST-0047,13,16,208
2026-09-17,CUS002,ST-0048,5,16,80
2026-09-17,CUS009,ST-0049,3,70,210
2026-09-17,CUS020,ST-0049,1,70,70
2026-09-17,CUS012,ST-0049,1,70,70
2026-09-17,CUS012,ST-0050,4,85,340
2026-09-17,CUS002,ST-0050,3,85,255
2026-09-17,CUS018,ST-0050,1,85,85
2026-09-17,CUS008,ST-0051,1,55,55
2026-09-17,CUS003,ST-0051,2,55,110
2026-09-17,CUS008,ST-0051,3,55,165
2026-09-17,CUS001,ST-0051,1,55,55
2026-09-17,CUS005,ST-0052,1,45,45
2026-09-17,CUS002,ST-0052,3,45,135
2026-09-17,CUS016,ST-0053,1,40,40
2026-09-17,CUS025,ST-0053,1,40,40
2026-09-17,CUS023,ST-0053,1,40,40
2026-09-17,CUS001,ST-0056,1,65,65
2026-09-17,CUS018,ST-0056,2,65,130
2026-09-17,CUS014,ST-0056,1,65,65
2026-09-17,CUS011,ST-0056,1,65,65
2026-09-17,CUS008,ST-0057,1,390,390
2026-09-17,CUS024,ST-0057,1,390,390
2026-09-17,CUS001,ST-0057,1,390,390
2026-09-18,CUS010,ST-0002,1,1950,1950
2026-09-18,CUS009,ST-0002,1,1950,1950
2026-09-18,CUS006,ST-0003,1,3090,3090
2026-09-18,CUS006,ST-0003,1,3090,3090
2026-09-18,CUS010,ST-0003,2,3090,6180
2026-09-18,CUS016,ST-0004,1,4890,4890
2026-09-18,CUS009,ST-0005,1,7290,7290
2026-09-18,CUS006,ST-0006,1,6350,6350
2026-09-18,CUS024,ST-0009,2,165,330
2026-09-18,CUS012,ST-0009,4,165,660
2026-09-18,CUS024,ST-0010,4,175,700
2026-09-18,CUS016,ST-0010,1,175,175
2026-09-18,CUS002,ST-0010,3,175,525
2026-09-18,CUS002,ST-0011,2,560,1120
2026-09-18,CUS016,ST-0011,1,560,560
2026-09-18,CUS024,ST-0013,1,1290,1290
2026-09-18,CUS011,ST-0017,3,75,225
2026-09-18,CUS005,ST-0017,2,75,150
2026-09-18,CUS024,ST-0017,4,75,300
2026-09-18,CUS016,ST-0017,4,75,300
2026-09-18,CUS012,ST-0017,1,75,75
2026-09-18,CUS023,ST-0018,1,95,95
2026-09-18,CUS008,ST-0018,1,95,95
2026-09-18,CUS012,ST-0018,3,95,285
2026-09-18,CUS016,ST-0018,1,95,95
2026-09-18,CUS013,ST-0019,2,145,290
2026-09-18,CUS018,ST-0020,5,199,995
2026-09-18,CUS009,ST-0021,2,315,630
2026-09-18,CUS018,ST-0025,1,420,420
2026-09-18,CUS008,ST-0026,11,58,638
2026-09-18,CUS016,ST-0026,7,58,406
2026-09-18,CUS010,ST-0027,3,78,234
2026-09-18,CUS025,ST-0027,3,78,234
2026-09-18,CUS021,ST-0027,2,78,156
2026-09-18,CUS001,ST-0027,5,78,390
2026-09-18,CUS017,ST-0027,1,78,78
2026-09-18,CUS002,ST-0028,1,11,11
2026-09-18,CUS005,ST-0028,12,11,132
2026-09-18,CUS024,ST-0028,9,11,99
2026-09-18,CUS013,ST-0029,5,16,80
2026-09-18,CUS010,ST-0029,14,16,224
2026-09-18,CUS014,ST-0030,7,52,364
2026-09-18,CUS010,ST-0030,7,52,364
2026-09-18,CUS006,ST-0031,6,45,270
2026-09-18,CUS024,ST-0031,2,45,90
2026-09-18,CUS005,ST-0032,2,66,132
2026-09-18,CUS002,ST-0032,4,66,264
2026-09-18,CUS001,ST-0032,1,66,66
2026-09-18,CUS017,ST-0035,26,38,988
2026-09-18,CUS009,ST-0036,7,75,525
2026-09-18,CUS021,ST-0036,2,75,150
2026-09-18,CUS006,ST-0037,6,88,528
2026-09-18,CUS025,ST-0037,3,88,264
2026-09-18,CUS023,ST-0037,9,88,792
2026-09-18,CUS007,ST-0038,3,145,435
2026-09-18,CUS022,ST-0038,3,145,435
2026-09-18,CUS025,ST-0039,1,215,215
2026-09-18,CUS009,ST-0039,1,215,215
2026-09-18,CUS021,ST-0039,2,215,430
2026-09-18,CUS006,ST-0040,1,52,52
2026-09-18,CUS004,ST-0041,3,55,165
2026-09-18,CUS018,ST-0042,3,82,246
2026-09-18,CUS009,ST-0042,2,82,164
2026-09-18,CUS012,ST-0043,1,105,105
2026-09-18,CUS001,ST-0043,1,105,105
2026-09-18,CUS001,ST-0044,1,450,450
2026-09-18,CUS023,ST-0045,1,65,65
2026-09-18,CUS021,ST-0046,1,15,15
2026-09-18,CUS017,ST-0046,1,15,15
2026-09-18,CUS017,ST-0046,4,15,60
2026-09-18,CUS016,ST-0046,1,15,15
2026-09-18,CUS014,ST-0047,9,16,144
2026-09-18,CUS012,ST-0047,1,16,16
2026-09-18,CUS009,ST-0047,10,16,160
2026-09-18,CUS020,ST-0047,11,16,176
2026-09-18,CUS009,ST-0048,5,16,80
2026-09-18,CUS013,ST-0048,1,16,16
2026-09-18,CUS013,ST-0048,2,16,32
2026-09-18,CUS021,ST-0049,1,70,70
2026-09-18,CUS014,ST-0049,1,70,70
2026-09-18,CUS021,ST-0049,2,70,140
2026-09-18,CUS021,ST-0049,1,70,70
2026-09-18,CUS009,ST-0050,6,85,510
2026-09-18,CUS008,ST-0051,10,55,550
2026-09-18,CUS021,ST-0052,2,45,90
2026-09-18,CUS011,ST-0053,1,40,40
2026-09-18,CUS008,ST-0053,1,40,40
2026-09-18,CUS006,ST-0054,1,240,240
2026-09-18,CUS009,ST-0054,1,240,240
2026-09-18,CUS005,ST-0054,1,240,240
2026-09-18,CUS023,ST-0056,1,65,65
2026-09-18,CUS002,ST-0056,2,65,130
2026-09-18,CUS021,ST-0057,1,390,390
2026-09-18,CUS009,ST-0057,2,390,780
2026-09-18,CUS021,ST-0057,1,390,390
2026-09-18,CUS012,ST-0058,1,260,260
2026-09-18,CUS013,ST-0058,1,260,260
2026-09-18,CUS001,ST-0059,1,140,140
2026-09-18,CUS024,ST-0059,1,140,140
2026-09-18,CUS003,ST-0059,1,140,140
2026-09-18,CUS017,ST-0060,1,175,175
2026-09-19,CUS014,ST-0002,5,1950,9750
2026-09-19,CUS010,ST-0002,1,1950,1950
2026-09-19,CUS017,ST-0003,1,3090,3090
2026-09-19,CUS006,ST-0003,1,3090,3090
2026-09-19,CUS025,ST-0004,1,4890,4890
2026-09-19,CUS009,ST-0005,1,7290,7290
2026-09-19,CUS005,ST-0006,1,6350,6350
2026-09-19,CUS002,ST-0007,1,2250,2250
2026-09-19,CUS014,ST-0009,3,165,495
2026-09-19,CUS010,ST-0009,3,165,495
2026-09-19,CUS016,ST-0009,2,165,330
2026-09-19,CUS023,ST-0010,5,175,875
2026-09-19,CUS013,ST-0010,1,175,175
2026-09-19,CUS025,ST-0010,1,175,175
2026-09-19,CUS012,ST-0013,1,1290,1290
2026-09-19,CUS008,ST-0016,1,1190,1190
2026-09-19,CUS021,ST-0017,1,75,75
2026-09-19,CUS009,ST-0017,6,75,450
2026-09-19,CUS006,ST-0017,11,75,825
2026-09-19,CUS014,ST-0017,2,75,150
2026-09-19,CUS006,ST-0018,2,95,190
2026-09-19,CUS018,ST-0018,7,95,665
2026-09-19,CUS005,ST-0019,3,145,435
2026-09-19,CUS017,ST-0019,2,145,290
2026-09-19,CUS014,ST-0019,1,145,145
2026-09-19,CUS014,ST-0020,3,199,597
2026-09-19,CUS005,ST-0020,1,199,199
2026-09-19,CUS011,ST-0020,3,199,597
2026-09-19,CUS017,ST-0021,1,315,315
2026-09-19,CUS022,ST-0021,1,315,315
2026-09-19,CUS016,ST-0022,1,360,360
2026-09-19,CUS014,ST-0022,1,360,360
2026-09-19,CUS005,ST-0026,2,58,116
2026-09-19,CUS002,ST-0026,2,58,116
2026-09-19,CUS014,ST-0026,1,58,58
2026-09-19,CUS003,ST-0026,9,58,522
2026-09-19,CUS001,ST-0026,2,58,116
2026-09-19,CUS023,ST-0027,1,78,78
2026-09-19,CUS009,ST-0027,1,78,78
2026-09-19,CUS006,ST-0027,3,78,234
2026-09-19,CUS007,ST-0027,7,78,546
2026-09-19,CUS012,ST-0028,12,11,132
2026-09-19,CUS003,ST-0028,8,11,88
2026-09-19,CUS017,ST-0029,21,16,336
2026-09-19,CUS006,ST-0029,2,16,32
2026-09-19,CUS021,ST-0030,4,52,208
2026-09-19,CUS016,ST-0031,1,45,45
2026-09-19,CUS012,ST-0031,5,45,225
2026-09-19,CUS015,ST-0032,3,66,198
2026-09-19,CUS013,ST-0032,1,66,66
2026-09-19,CUS003,ST-0032,1,66,66
2026-09-19,CUS001,ST-0032,1,66,66
2026-09-19,CUS019,ST-0033,2,85,170
2026-09-19,CUS023,ST-0034,2,590,1180
2026-09-19,CUS005,ST-0035,20,38,760
2026-09-19,CUS003,ST-0035,11,38,418
2026-09-19,CUS017,ST-0036,4,75,300
2026-09-19,CUS002,ST-0036,2,75,150
2026-09-19,CUS002,ST-0036,5,75,375
2026-09-19,CUS009,ST-0036,2,75,150
2026-09-19,CUS021,ST-0037,1,88,88
2026-09-19,CUS019,ST-0037,3,88,264
2026-09-19,CUS025,ST-0037,7,88,616
2026-09-19,CUS008,ST-0038,3,145,435
2026-09-19,CUS006,ST-0038,1,145,145
2026-09-19,CUS022,ST-0038,2,145,290
2026-09-19,CUS024,ST-0038,1,145,145
2026-09-19,CUS020,ST-0039,5,215,1075
2026-09-19,CUS017,ST-0040,2,52,104
2026-09-19,CUS025,ST-0040,1,52,52
2026-09-19,CUS021,ST-0040,2,52,104
2026-09-19,CUS018,ST-0041,1,55,55
2026-09-19,CUS009,ST-0041,5,55,275
2026-09-19,CUS023,ST-0041,3,55,165
2026-09-19,CUS016,ST-0042,1,82,82
2026-09-19,CUS017,ST-0042,2,82,164
2026-09-19,CUS018,ST-0042,3,82,246
2026-09-19,CUS022,ST-0043,2,105,210
2026-09-19,CUS013,ST-0045,2,65,130
2026-09-19,CUS025,ST-0046,2,15,30
2026-09-19,CUS017,ST-0046,3,15,45
2026-09-19,CUS004,ST-0046,1,15,15
2026-09-19,CUS017,ST-0047,2,16,32
2026-09-19,CUS008,ST-0047,5,16,80
2026-09-19,CUS019,ST-0047,11,16,176
2026-09-19,CUS007,ST-0047,9,16,144
2026-09-19,CUS008,ST-0048,3,16,48
2026-09-19,CUS023,ST-0049,2,70,140
2026-09-19,CUS017,ST-0049,1,70,70
2026-09-19,CUS009,ST-0049,1,70,70
2026-09-19,CUS015,ST-0049,1,70,70
2026-09-19,CUS022,ST-0049,2,70,140
2026-09-19,CUS008,ST-0049,1,70,70
2026-09-19,CUS006,ST-0050,1,85,85
2026-09-19,CUS009,ST-0050,3,85,255
2026-09-19,CUS003,ST-0050,4,85,340
2026-09-19,CUS007,ST-0051,4,55,220
2026-09-19,CUS010,ST-0052,3,45,135
2026-09-19,CUS025,ST-0052,2,45,90
2026-09-19,CUS013,ST-0052,1,45,45
2026-09-19,CUS002,ST-0053,1,40,40
2026-09-19,CUS012,ST-0055,1,210,210
2026-09-19,CUS018,ST-0056,4,65,260
2026-09-19,CUS025,ST-0056,1,65,65
2026-09-19,CUS008,ST-0056,1,65,65
2026-09-19,CUS021,ST-0057,1,390,390
2026-09-19,CUS013,ST-0057,1,390,390
2026-09-19,CUS006,ST-0058,1,260,260
2026-09-19,CUS016,ST-0059,1,140,140
2026-09-19,CUS020,ST-0059,2,140,280
2026-09-19,CUS017,ST-0060,1,175,175
2026-09-21,CUS018,ST-0002,2,1950,3900
2026-09-21,CUS012,ST-0002,1,1950,1950
2026-09-21,CUS024,ST-0003,1,3090,3090
2026-09-21,CUS019,ST-0004,2,4890,9780
2026-09-21,CUS002,ST-0004,1,4890,4890
2026-09-21,CUS003,ST-0004,1,4890,4890
2026-09-21,CUS016,ST-0006,1,6350,6350
2026-09-21,CUS020,ST-0009,2,165,330
2026-09-21,CUS017,ST-0009,1,165,165
2026-09-21,CUS002,ST-0010,3,175,525
2026-09-21,CUS007,ST-0011,1,560,560
2026-09-21,CUS002,ST-0011,1,560,560
2026-09-21,CUS022,ST-0011,1,560,560
2026-09-21,CUS009,ST-0013,1,1290,1290
2026-09-21,CUS006,ST-0015,1,1750,1750
2026-09-21,CUS007,ST-0017,7,75,525
2026-09-21,CUS012,ST-0018,8,95,760
2026-09-21,CUS008,ST-0019,1,145,145
2026-09-21,CUS002,ST-0020,2,199,398
2026-09-21,CUS022,ST-0020,4,199,796
2026-09-21,CUS021,ST-0020,3,199,597
2026-09-21,CUS010,ST-0020,1,199,199
2026-09-21,CUS011,ST-0021,1,315,315
2026-09-21,CUS002,ST-0021,1,315,315
2026-09-21,CUS024,ST-0023,1,890,890
2026-09-21,CUS005,ST-0023,1,890,890
2026-09-21,CUS008,ST-0025,1,420,420
2026-09-21,CUS018,ST-0025,3,420,1260
2026-09-21,CUS016,ST-0026,7,58,406
2026-09-21,CUS018,ST-0026,4,58,232
2026-09-21,CUS002,ST-0026,2,58,116
2026-09-21,CUS010,ST-0026,7,58,406
2026-09-21,CUS011,ST-0027,1,78,78
2026-09-21,CUS011,ST-0027,1,78,78
2026-09-21,CUS022,ST-0027,2,78,156
2026-09-21,CUS013,ST-0027,4,78,312
2026-09-21,CUS013,ST-0028,4,11,44
2026-09-21,CUS013,ST-0028,4,11,44
2026-09-21,CUS008,ST-0028,12,11,132
2026-09-21,CUS013,ST-0029,5,16,80
2026-09-21,CUS006,ST-0029,8,16,128
2026-09-21,CUS003,ST-0030,2,52,104
2026-09-21,CUS009,ST-0030,2,52,104
2026-09-21,CUS021,ST-0030,6,52,312
2026-09-21,CUS008,ST-0030,3,52,156
2026-09-21,CUS008,ST-0031,4,45,180
2026-09-21,CUS009,ST-0031,1,45,45
2026-09-21,CUS025,ST-0031,1,45,45
2026-09-21,CUS006,ST-0031,4,45,180
2026-09-21,CUS009,ST-0032,1,66,66
2026-09-21,CUS017,ST-0032,1,66,66
2026-09-21,CUS009,ST-0033,1,85,85
2026-09-21,CUS017,ST-0033,1,85,85
2026-09-21,CUS009,ST-0033,1,85,85
2026-09-21,CUS014,ST-0034,1,590,590
2026-09-21,CUS002,ST-0035,8,38,304
2026-09-21,CUS024,ST-0035,9,38,342
2026-09-21,CUS010,ST-0035,1,38,38
2026-09-21,CUS006,ST-0035,3,38,114
2026-09-21,CUS003,ST-0035,3,38,114
2026-09-21,CUS018,ST-0036,11,75,825
2026-09-21,CUS023,ST-0037,2,88,176
2026-09-21,CUS014,ST-0037,3,88,264
2026-09-21,CUS011,ST-0037,1,88,88
2026-09-21,CUS002,ST-0037,4,88,352
2026-09-21,CUS018,ST-0038,3,145,435
2026-09-21,CUS012,ST-0039,1,215,215
2026-09-21,CUS024,ST-0039,2,215,430
2026-09-21,CUS006,ST-0039,3,215,645
2026-09-21,CUS017,ST-0041,3,55,165
2026-09-21,CUS009,ST-0042,2,82,164
2026-09-21,CUS006,ST-0042,2,82,164
2026-09-21,CUS024,ST-0042,1,82,82
2026-09-21,CUS013,ST-0043,1,105,105
2026-09-21,CUS024,ST-0044,3,450,1350
2026-09-21,CUS002,ST-0045,1,65,65
2026-09-21,CUS017,ST-0045,1,65,65
2026-09-21,CUS006,ST-0046,2,15,30
2026-09-21,CUS002,ST-0046,1,15,15
2026-09-21,CUS014,ST-0046,1,15,15
2026-09-21,CUS017,ST-0046,1,15,15
2026-09-21,CUS002,ST-0047,27,16,432
2026-09-21,CUS022,ST-0048,1,16,16
2026-09-21,CUS017,ST-0048,2,16,32
2026-09-21,CUS023,ST-0048,2,16,32
2026-09-21,CUS006,ST-0048,2,16,32
2026-09-21,CUS021,ST-0048,1,16,16
2026-09-21,CUS024,ST-0048,1,16,16
2026-09-21,CUS014,ST-0049,5,70,350
2026-09-21,CUS009,ST-0049,1,70,70
2026-09-21,CUS005,ST-0050,2,85,170
2026-09-21,CUS016,ST-0050,3,85,255
2026-09-21,CUS005,ST-0051,2,55,110
2026-09-21,CUS021,ST-0051,2,55,110
2026-09-21,CUS004,ST-0052,2,45,90
2026-09-21,CUS014,ST-0053,1,40,40
2026-09-21,CUS022,ST-0053,2,40,80
2026-09-21,CUS023,ST-0056,1,65,65
2026-09-21,CUS014,ST-0056,2,65,130
2026-09-21,CUS015,ST-0057,1,390,390
2026-09-21,CUS025,ST-0057,1,390,390
2026-09-21,CUS013,ST-0057,1,390,390
2026-09-21,CUS006,ST-0058,1,260,260
2026-09-21,CUS022,ST-0060,1,175,175
2026-09-22,CUS024,ST-0001,1,1390,1390
2026-09-22,CUS010,ST-0001,1,1390,1390
2026-09-22,CUS021,ST-0002,1,1950,1950
2026-09-22,CUS012,ST-0003,1,3090,3090
2026-09-22,CUS004,ST-0003,1,3090,3090
2026-09-22,CUS023,ST-0003,1,3090,3090
2026-09-22,CUS002,ST-0003,1,3090,3090
2026-09-22,CUS021,ST-0005,1,7290,7290
2026-09-22,CUS016,ST-0006,1,6350,6350
2026-09-22,CUS016,ST-0007,1,2250,2250
2026-09-22,CUS018,ST-0009,1,165,165
2026-09-22,CUS010,ST-0009,2,165,330
2026-09-22,CUS025,ST-0009,1,165,165
2026-09-22,CUS013,ST-0010,3,175,525
2026-09-22,CUS017,ST-0010,4,175,700
2026-09-22,CUS021,ST-0011,1,560,560
2026-09-22,CUS008,ST-0013,1,1290,1290
2026-09-22,CUS025,ST-0015,1,1750,1750
2026-09-22,CUS023,ST-0017,6,75,450
2026-09-22,CUS023,ST-0017,3,75,225
2026-09-22,CUS003,ST-0017,9,75,675
2026-09-22,CUS015,ST-0018,3,95,285
2026-09-22,CUS008,ST-0018,14,95,1330
2026-09-22,CUS002,ST-0018,2,95,190
2026-09-22,CUS006,ST-0019,2,145,290
2026-09-22,CUS015,ST-0019,1,145,145
2026-09-22,CUS008,ST-0019,1,145,145
2026-09-22,CUS017,ST-0020,2,199,398
2026-09-22,CUS016,ST-0020,9,199,1791
2026-09-22,CUS015,ST-0020,1,199,199
2026-09-22,CUS005,ST-0021,1,315,315
2026-09-22,CUS008,ST-0021,1,315,315
2026-09-22,CUS018,ST-0021,2,315,630
2026-09-22,CUS008,ST-0022,1,360,360
2026-09-22,CUS016,ST-0025,2,420,840
2026-09-22,CUS012,ST-0026,1,58,58
2026-09-22,CUS009,ST-0026,1,58,58
2026-09-22,CUS005,ST-0026,19,58,1102
2026-09-22,CUS024,ST-0027,1,78,78
2026-09-22,CUS006,ST-0027,5,78,390
2026-09-22,CUS018,ST-0027,2,78,156
2026-09-22,CUS024,ST-0028,2,11,22
2026-09-22,CUS024,ST-0028,10,11,110
2026-09-22,CUS018,ST-0028,5,11,55
2026-09-22,CUS014,ST-0028,1,11,11
2026-09-22,CUS024,ST-0028,10,11,110
2026-09-22,CUS006,ST-0029,5,16,80
2026-09-22,CUS008,ST-0029,4,16,64
2026-09-22,CUS012,ST-0029,5,16,80
2026-09-22,CUS001,ST-0029,3,16,48
2026-09-22,CUS006,ST-0029,4,16,64
2026-09-22,CUS021,ST-0030,1,52,52
2026-09-22,CUS012,ST-0030,3,52,156
2026-09-22,CUS020,ST-0030,2,52,104
2026-09-22,CUS001,ST-0030,5,52,260
2026-09-22,CUS016,ST-0031,9,45,405
2026-09-22,CUS021,ST-0032,1,66,66
2026-09-22,CUS021,ST-0032,3,66,198
2026-09-22,CUS009,ST-0032,5,66,330
2026-09-22,CUS012,ST-0032,1,66,66
2026-09-22,CUS008,ST-0033,1,85,85
2026-09-22,CUS022,ST-0033,2,85,170
2026-09-22,CUS021,ST-0035,6,38,228
2026-09-22,CUS024,ST-0035,12,38,456
2026-09-22,CUS017,ST-0035,7,38,266
2026-09-22,CUS015,ST-0035,3,38,114
2026-09-22,CUS011,ST-0036,3,75,225
2026-09-22,CUS005,ST-0036,3,75,225
2026-09-22,CUS002,ST-0036,6,75,450
2026-09-22,CUS008,ST-0037,4,88,352
2026-09-22,CUS021,ST-0037,1,88,88
2026-09-22,CUS015,ST-0037,4,88,352
2026-09-22,CUS004,ST-0037,3,88,264
2026-09-22,CUS018,ST-0037,2,88,176
2026-09-22,CUS012,ST-0037,1,88,88
2026-09-22,CUS008,ST-0038,5,145,725
2026-09-22,CUS023,ST-0038,2,145,290
2026-09-22,CUS012,ST-0038,1,145,145
2026-09-22,CUS008,ST-0039,1,215,215
2026-09-22,CUS024,ST-0039,1,215,215
2026-09-22,CUS019,ST-0039,1,215,215
2026-09-22,CUS009,ST-0040,3,52,156
2026-09-22,CUS017,ST-0041,3,55,165
2026-09-22,CUS010,ST-0041,4,55,220
2026-09-22,CUS020,ST-0041,3,55,165
2026-09-22,CUS005,ST-0042,2,82,164
2026-09-22,CUS009,ST-0043,1,105,105
2026-09-22,CUS003,ST-0043,1,105,105
2026-09-22,CUS014,ST-0044,1,450,450
2026-09-22,CUS018,ST-0045,1,65,65
2026-09-22,CUS001,ST-0045,1,65,65
2026-09-22,CUS017,ST-0046,4,15,60
2026-09-22,CUS003,ST-0047,20,16,320
2026-09-22,CUS011,ST-0047,15,16,240
2026-09-22,CUS024,ST-0048,8,16,128
2026-09-22,CUS019,ST-0049,2,70,140
2026-09-22,CUS025,ST-0049,3,70,210
2026-09-22,CUS023,ST-0049,1,70,70
2026-09-22,CUS025,ST-0050,1,85,85
2026-09-22,CUS024,ST-0050,2,85,170
2026-09-22,CUS017,ST-0050,3,85,255
2026-09-22,CUS017,ST-0050,4,85,340
2026-09-22,CUS010,ST-0051,3,55,165
2026-09-22,CUS013,ST-0051,1,55,55
2026-09-22,CUS017,ST-0051,3,55,165
2026-09-22,CUS008,ST-0052,1,45,45
2026-09-22,CUS002,ST-0052,2,45,90
2026-09-22,CUS005,ST-0052,1,45,45
2026-09-22,CUS021,ST-0052,1,45,45
2026-09-22,CUS021,ST-0053,2,40,80
2026-09-22,CUS006,ST-0053,2,40,80
2026-09-22,CUS006,ST-0054,1,240,240
2026-09-22,CUS001,ST-0056,1,65,65
2026-09-22,CUS017,ST-0056,2,65,130
2026-09-22,CUS016,ST-0057,1,390,390
2026-09-22,CUS024,ST-0057,1,390,390
2026-09-22,CUS010,ST-0058,1,260,260
2026-09-22,CUS013,ST-0059,1,140,140
2026-09-22,CUS006,ST-0060,1,175,175
2026-09-23,CUS005,ST-0001,1,1390,1390
2026-09-23,CUS009,ST-0002,1,1950,1950
2026-09-23,CUS005,ST-0002,1,1950,1950
2026-09-23,CUS017,ST-0002,1,1950,1950
2026-09-23,CUS017,ST-0002,2,1950,3900
2026-09-23,CUS008,ST-0003,2,3090,6180
2026-09-23,CUS001,ST-0003,1,3090,3090
2026-09-23,CUS009,ST-0003,2,3090,6180
2026-09-23,CUS005,ST-0004,1,4890,4890
2026-09-23,CUS003,ST-0004,2,4890,9780
2026-09-23,CUS002,ST-0005,1,7290,7290
2026-09-23,CUS025,ST-0007,1,2250,2250
2026-09-23,CUS008,ST-0009,2,165,330
2026-09-23,CUS016,ST-0010,5,175,875
2026-09-23,CUS012,ST-0010,2,175,350
2026-09-23,CUS012,ST-0011,1,560,560
2026-09-23,CUS016,ST-0012,1,2150,2150
2026-09-23,CUS001,ST-0013,1,1290,1290
2026-09-23,CUS009,ST-0013,1,1290,1290
2026-09-23,CUS005,ST-0015,1,1750,1750
2026-09-23,CUS023,ST-0017,1,75,75
2026-09-23,CUS008,ST-0017,4,75,300
2026-09-23,CUS006,ST-0017,5,75,375
2026-09-23,CUS022,ST-0017,9,75,675
2026-09-23,CUS003,ST-0018,3,95,285
2026-09-23,CUS009,ST-0018,8,95,760
2026-09-23,CUS010,ST-0018,4,95,380
2026-09-23,CUS020,ST-0018,1,95,95
2026-09-23,CUS015,ST-0019,1,145,145
2026-09-23,CUS016,ST-0019,1,145,145
2026-09-23,CUS022,ST-0020,3,199,597
2026-09-23,CUS021,ST-0020,2,199,398
2026-09-23,CUS010,ST-0020,3,199,597
2026-09-23,CUS010,ST-0021,2,315,630
2026-09-23,CUS003,ST-0021,1,315,315
2026-09-23,CUS012,ST-0021,1,315,315
2026-09-23,CUS021,ST-0021,1,315,315
2026-09-23,CUS005,ST-0023,1,890,890
2026-09-23,CUS001,ST-0024,1,990,990
2026-09-23,CUS010,ST-0025,2,420,840
2026-09-23,CUS015,ST-0026,3,58,174
2026-09-23,CUS009,ST-0026,13,58,754
2026-09-23,CUS017,ST-0026,12,58,696
2026-09-23,CUS004,ST-0026,2,58,116
2026-09-23,CUS002,ST-0027,1,78,78
2026-09-23,CUS023,ST-0027,3,78,234
2026-09-23,CUS006,ST-0027,6,78,468
2026-09-23,CUS003,ST-0028,14,11,154
2026-09-23,CUS005,ST-0028,10,11,110
2026-09-23,CUS017,ST-0029,7,16,112
2026-09-23,CUS003,ST-0029,11,16,176
2026-09-23,CUS021,ST-0029,2,16,32
2026-09-23,CUS014,ST-0029,10,16,160
2026-09-23,CUS010,ST-0030,3,52,156
2026-09-23,CUS017,ST-0030,2,52,104
2026-09-23,CUS002,ST-0030,8,52,416
2026-09-23,CUS022,ST-0030,3,52,156
2026-09-23,CUS009,ST-0031,1,45,45
2026-09-23,CUS004,ST-0031,2,45,90
2026-09-23,CUS024,ST-0032,2,66,132
2026-09-23,CUS018,ST-0032,2,66,132
2026-09-23,CUS023,ST-0032,1,66,66
2026-09-23,CUS014,ST-0033,1,85,85
2026-09-23,CUS018,ST-0033,1,85,85
2026-09-23,CUS002,ST-0033,1,85,85
2026-09-23,CUS023,ST-0034,1,590,590
2026-09-23,CUS013,ST-0034,1,590,590
2026-09-23,CUS008,ST-0035,26,38,988
2026-09-23,CUS006,ST-0035,6,38,228
2026-09-23,CUS016,ST-0035,4,38,152
2026-09-23,CUS018,ST-0036,9,75,675
2026-09-23,CUS005,ST-0036,2,75,150
2026-09-23,CUS003,ST-0036,1,75,75
2026-09-23,CUS021,ST-0037,1,88,88
2026-09-23,CUS006,ST-0037,2,88,176
2026-09-23,CUS009,ST-0037,1,88,88
2026-09-23,CUS011,ST-0037,2,88,176
2026-09-23,CUS005,ST-0037,1,88,88
2026-09-23,CUS023,ST-0037,11,88,968
2026-09-23,CUS003,ST-0038,6,145,870
2026-09-23,CUS017,ST-0041,2,55,110
2026-09-23,CUS021,ST-0041,2,55,110
2026-09-23,CUS021,ST-0041,1,55,55
2026-09-23,CUS019,ST-0041,1,55,55
2026-09-23,CUS018,ST-0041,1,55,55
2026-09-23,CUS022,ST-0041,1,55,55
2026-09-23,CUS003,ST-0042,2,82,164
2026-09-23,CUS022,ST-0042,2,82,164
2026-09-23,CUS013,ST-0042,2,82,164
2026-09-23,CUS015,ST-0042,1,82,82
2026-09-23,CUS004,ST-0043,1,105,105
2026-09-23,CUS022,ST-0043,2,105,210
2026-09-23,CUS007,ST-0044,1,450,450
2026-09-23,CUS009,ST-0045,1,65,65
2026-09-23,CUS007,ST-0045,1,65,65
2026-09-23,CUS008,ST-0046,2,15,30
2026-09-23,CUS021,ST-0046,1,15,15
2026-09-23,CUS016,ST-0047,9,16,144
2026-09-23,CUS008,ST-0047,4,16,64
2026-09-23,CUS006,ST-0047,9,16,144
2026-09-23,CUS023,ST-0047,1,16,16
2026-09-23,CUS025,ST-0048,6,16,96
2026-09-23,CUS006,ST-0049,1,70,70
2026-09-23,CUS008,ST-0050,1,85,85
2026-09-23,CUS013,ST-0050,1,85,85
2026-09-23,CUS012,ST-0050,6,85,510
2026-09-23,CUS016,ST-0051,5,55,275
2026-09-23,CUS025,ST-0052,2,45,90
2026-09-23,CUS023,ST-0052,1,45,45
2026-09-23,CUS011,ST-0053,1,40,40
2026-09-23,CUS024,ST-0053,1,40,40
2026-09-23,CUS008,ST-0053,3,40,120
2026-09-23,CUS009,ST-0054,1,240,240
2026-09-23,CUS018,ST-0054,1,240,240
2026-09-23,CUS025,ST-0054,1,240,240
2026-09-23,CUS021,ST-0056,1,65,65
2026-09-23,CUS007,ST-0056,1,65,65
2026-09-23,CUS023,ST-0056,3,65,195
2026-09-23,CUS023,ST-0056,1,65,65
2026-09-23,CUS005,ST-0056,1,65,65
2026-09-23,CUS005,ST-0056,1,65,65
2026-09-23,CUS016,ST-0057,1,390,390
2026-09-23,CUS005,ST-0060,1,175,175
2026-09-23,CUS020,ST-0060,1,175,175
2026-09-24,CUS001,ST-0001,2,1390,2780
2026-09-24,CUS003,ST-0002,2,1950,3900
2026-09-24,CUS001,ST-0002,2,1950,3900
2026-09-24,CUS015,ST-0003,1,3090,3090
2026-09-24,CUS013,ST-0003,4,3090,12360
2026-09-24,CUS016,ST-0005,1,7290,7290
2026-09-24,CUS025,ST-0006,1,6350,6350
2026-09-24,CUS009,ST-0009,6,165,990
2026-09-24,CUS006,ST-0010,1,175,175
2026-09-24,CUS020,ST-0010,2,175,350
2026-09-24,CUS013,ST-0010,2,175,350
2026-09-24,CUS023,ST-0011,1,560,560
2026-09-24,CUS010,ST-0012,1,2150,2150
2026-09-24,CUS022,ST-0017,8,75,600
2026-09-24,CUS023,ST-0018,3,95,285
2026-09-24,CUS022,ST-0018,2,95,190
2026-09-24,CUS002,ST-0018,1,95,95
2026-09-24,CUS005,ST-0018,7,95,665
2026-09-24,CUS022,ST-0019,2,145,290
2026-09-24,CUS019,ST-0020,1,199,199
2026-09-24,CUS004,ST-0020,1,199,199
2026-09-24,CUS012,ST-0020,2,199,398
2026-09-24,CUS010,ST-0020,2,199,398
2026-09-24,CUS009,ST-0021,2,315,630
2026-09-24,CUS008,ST-0022,1,360,360
2026-09-24,CUS019,ST-0023,1,890,890
2026-09-24,CUS016,ST-0025,1,420,420
2026-09-24,CUS021,ST-0026,23,58,1334
2026-09-24,CUS012,ST-0027,6,78,468
2026-09-24,CUS020,ST-0028,12,11,132
2026-09-24,CUS024,ST-0028,5,11,55
2026-09-24,CUS021,ST-0028,4,11,44
2026-09-24,CUS003,ST-0028,1,11,11
2026-09-24,CUS019,ST-0028,3,11,33
2026-09-24,CUS008,ST-0029,2,16,32
2026-09-24,CUS015,ST-0029,22,16,352
2026-09-24,CUS022,ST-0030,8,52,416
2026-09-24,CUS023,ST-0030,3,52,156
2026-09-24,CUS005,ST-0030,2,52,104
2026-09-24,CUS022,ST-0031,3,45,135
2026-09-24,CUS017,ST-0032,5,66,330
2026-09-24,CUS021,ST-0032,2,66,132
2026-09-24,CUS015,ST-0034,1,590,590
2026-09-24,CUS002,ST-0035,9,38,342
2026-09-24,CUS009,ST-0035,23,38,874
2026-09-24,CUS002,ST-0036,1,75,75
2026-09-24,CUS002,ST-0036,2,75,150
2026-09-24,CUS018,ST-0036,1,75,75
2026-09-24,CUS012,ST-0036,4,75,300
2026-09-24,CUS011,ST-0036,1,75,75
2026-09-24,CUS025,ST-0037,7,88,616
2026-09-24,CUS023,ST-0037,7,88,616
2026-09-24,CUS006,ST-0038,2,145,290
2026-09-24,CUS017,ST-0038,2,145,290
2026-09-24,CUS023,ST-0039,3,215,645
2026-09-24,CUS021,ST-0039,1,215,215
2026-09-24,CUS023,ST-0040,2,52,104
2026-09-24,CUS009,ST-0041,6,55,330
2026-09-24,CUS021,ST-0042,3,82,246
2026-09-24,CUS003,ST-0042,4,82,328
2026-09-24,CUS002,ST-0043,2,105,210
2026-09-24,CUS003,ST-0043,1,105,105
2026-09-24,CUS005,ST-0045,1,65,65
2026-09-24,CUS004,ST-0045,1,65,65
2026-09-24,CUS010,ST-0045,1,65,65
2026-09-24,CUS023,ST-0046,1,15,15
2026-09-24,CUS021,ST-0046,5,15,75
2026-09-24,CUS007,ST-0046,1,15,15
2026-09-24,CUS010,ST-0047,15,16,240
2026-09-24,CUS016,ST-0047,13,16,208
2026-09-24,CUS001,ST-0047,2,16,32
2026-09-24,CUS014,ST-0047,7,16,112
2026-09-24,CUS002,ST-0048,8,16,128
2026-09-24,CUS023,ST-0048,1,16,16
2026-09-24,CUS004,ST-0049,4,70,280
2026-09-24,CUS016,ST-0049,2,70,140
2026-09-24,CUS017,ST-0049,2,70,140
2026-09-24,CUS022,ST-0050,4,85,340
2026-09-24,CUS023,ST-0050,2,85,170
2026-09-24,CUS012,ST-0050,6,85,510
2026-09-24,CUS013,ST-0051,3,55,165
2026-09-24,CUS017,ST-0051,1,55,55
2026-09-24,CUS023,ST-0051,1,55,55
2026-09-24,CUS019,ST-0052,2,45,90
2026-09-24,CUS008,ST-0052,2,45,90
2026-09-24,CUS008,ST-0052,2,45,90
2026-09-24,CUS002,ST-0053,3,40,120
2026-09-24,CUS002,ST-0053,1,40,40
2026-09-24,CUS011,ST-0054,2,240,480
2026-09-24,CUS009,ST-0055,1,210,210
2026-09-24,CUS010,ST-0056,2,65,130
2026-09-24,CUS005,ST-0056,1,65,65
2026-09-24,CUS020,ST-0056,2,65,130
2026-09-24,CUS018,ST-0056,2,65,130
2026-09-24,CUS009,ST-0056,1,65,65
2026-09-24,CUS016,ST-0057,1,390,390
2026-09-24,CUS006,ST-0057,2,390,780
2026-09-24,CUS012,ST-0057,1,390,390
2026-09-24,CUS021,ST-0057,1,390,390
2026-09-24,CUS009,ST-0057,1,390,390
2026-09-24,CUS008,ST-0058,1,260,260
2026-09-24,CUS010,ST-0059,1,140,140
2026-09-24,CUS002,ST-0059,1,140,140
2026-09-24,CUS008,ST-0059,1,140,140
